internal_id,whop_product_id,plan_id,whop_checkout_url,image_attached
prod_cj_0001,prod_xsbmisyRZ4rdT,plan_gqimGEVCgg73X,https://whop.com/checkout/plan_gqimGEVCgg73X,true
prod_cj_0002,prod_0cM0iwMt8VdiB,plan_3ZoamUtRaFMeZ,https://whop.com/checkout/plan_3ZoamUtRaFMeZ,true
prod_cj_0007,prod_0FpUkiyikDorK,plan_bbyTL4HAmbsJK,https://whop.com/checkout/plan_bbyTL4HAmbsJK,true
prod_cj_0008,prod_kaJzHWvAq6AQC,plan_jQr5rzbJwQl9l,https://whop.com/checkout/plan_jQr5rzbJwQl9l,true
prod_cj_0010,prod_rjysQhF4GY3WB,plan_2uNj11CfLOe93,https://whop.com/checkout/plan_2uNj11CfLOe93,true
prod_cj_0011,prod_buN4Kfy5STCxy,plan_mLDAC1QUMhwXs,https://whop.com/checkout/plan_mLDAC1QUMhwXs,true
prod_cj_0012,prod_jx4B1n7MzC0ty,plan_XMlaUyf0luiMx,https://whop.com/checkout/plan_XMlaUyf0luiMx,true
prod_cj_0013,prod_PzkISCaKPfU1n,plan_IoBEnoIgWTK5t,https://whop.com/checkout/plan_IoBEnoIgWTK5t,true
prod_cj_0014,prod_TN15Ne3Pcxobe,plan_i0o793UhUNwQ0,https://whop.com/checkout/plan_i0o793UhUNwQ0,true
prod_cj_0015,prod_Q1PnSXVNf3pWh,plan_kIF7M6s2WQgI9,https://whop.com/checkout/plan_kIF7M6s2WQgI9,true
prod_cj_0016,prod_QObr0v5p8GW9p,plan_TbcK7KD4YPdhR,https://whop.com/checkout/plan_TbcK7KD4YPdhR,true
prod_cj_0017,prod_jK5oSLhmMO7Fr,plan_rJ6KkTvioLrPO,https://whop.com/checkout/plan_rJ6KkTvioLrPO,true
prod_cj_0018,prod_wAy5dLMUPthbV,plan_0n2v95pzmlbkq,https://whop.com/checkout/plan_0n2v95pzmlbkq,true
prod_cj_0021,prod_wcJx28MI28HTT,plan_jkFbth7H91Gjf,https://whop.com/checkout/plan_jkFbth7H91Gjf,true
prod_cj_0022,prod_OHU0xV165N8u4,plan_3tlWEup1dkSR9,https://whop.com/checkout/plan_3tlWEup1dkSR9,true
prod_cj_0023,prod_tSTS88TSU3eof,plan_JVOPbQ2iDNPm3,https://whop.com/checkout/plan_JVOPbQ2iDNPm3,true
prod_cj_0024,prod_VkAs34k8CvoHt,plan_KxMzNEyUb63JB,https://whop.com/checkout/plan_KxMzNEyUb63JB,true
prod_cj_0025,prod_qfYNoV6YoumA3,plan_HrZqM6oENM3eI,https://whop.com/checkout/plan_HrZqM6oENM3eI,true
prod_cj_0026,prod_oNPlQEH59tJoW,plan_WutODBwy8XuWO,https://whop.com/checkout/plan_WutODBwy8XuWO,true
prod_cj_0027,prod_9nSVRnywh2iJm,plan_lIrgDBN2mCI8O,https://whop.com/checkout/plan_lIrgDBN2mCI8O,true
prod_cj_0028,prod_aybA1w7PGyZBI,plan_LWBAR5V1SZ54Q,https://whop.com/checkout/plan_LWBAR5V1SZ54Q,true
prod_cj_0029,prod_KL4yjetvAV8ms,plan_wxUVKwoXXnY6T,https://whop.com/checkout/plan_wxUVKwoXXnY6T,true
prod_cj_0030,prod_sXjoBRk8kh0Nn,plan_0Wq9A7O8csnhp,https://whop.com/checkout/plan_0Wq9A7O8csnhp,true
prod_cj_0031,prod_J38VoRbrE9hPY,plan_UAUKVHeTKINdI,https://whop.com/checkout/plan_UAUKVHeTKINdI,true
prod_cj_0032,prod_gGpRaE2LweUsR,plan_3R3z9VJwDZONi,https://whop.com/checkout/plan_3R3z9VJwDZONi,true
prod_cj_0033,prod_dvQlUdOgA6Gyp,plan_3BY6E5oI6AGjI,https://whop.com/checkout/plan_3BY6E5oI6AGjI,true
prod_cj_0034,prod_5XdH5ApUqK1cE,plan_rKebQOmhyCgTF,https://whop.com/checkout/plan_rKebQOmhyCgTF,true
prod_cj_0035,prod_wVUzEl1ztrWf3,plan_UbAWgwZ4y87N2,https://whop.com/checkout/plan_UbAWgwZ4y87N2,true
prod_cj_0036,prod_1igNVA3WyhvPe,plan_8i3BqcvCe6sPF,https://whop.com/checkout/plan_8i3BqcvCe6sPF,true
prod_cj_0037,prod_foWlkLNPCPNEw,plan_eZ9bcf5aFSC6T,https://whop.com/checkout/plan_eZ9bcf5aFSC6T,true
prod_cj_0038,prod_yFG34bXzRHTvO,plan_j3vOnCgGNIW9N,https://whop.com/checkout/plan_j3vOnCgGNIW9N,true
prod_cj_0039,prod_sIPR9tHJWWjA0,plan_hTFEVOBp7e67Q,https://whop.com/checkout/plan_hTFEVOBp7e67Q,true
prod_cj_0040,prod_atBIea4pxzvEc,plan_XT8x7TaUQ2qSw,https://whop.com/checkout/plan_XT8x7TaUQ2qSw,true
prod_cj_0042,prod_rLNlXMGc2gfeW,plan_zUJtBYQP95ajr,https://whop.com/checkout/plan_zUJtBYQP95ajr,true
prod_cj_0043,prod_cV4i3ivhcoACx,plan_ZQ08ymTHaf8SY,https://whop.com/checkout/plan_ZQ08ymTHaf8SY,true
prod_cj_0044,prod_xLWJnC2JRlbHn,plan_sgUl2xaLlvF5B,https://whop.com/checkout/plan_sgUl2xaLlvF5B,true
prod_cj_0045,prod_gcKJcNzkPQzHO,plan_OUxgYsfJcPICP,https://whop.com/checkout/plan_OUxgYsfJcPICP,true
prod_cj_0046,prod_KJW0BZRmGkF9G,plan_BTp1IA1J0H3hm,https://whop.com/checkout/plan_BTp1IA1J0H3hm,true
prod_cj_0047,prod_Nfz6YoehORVy9,plan_oPVvgRJdUc0Lv,https://whop.com/checkout/plan_oPVvgRJdUc0Lv,true
prod_cj_0048,prod_LajCa7YSmpSUW,plan_kP6IxW4dLJwcy,https://whop.com/checkout/plan_kP6IxW4dLJwcy,true
prod_cj_0049,prod_VGY3OKZ4bPQRt,plan_WUfJhxHoQVwmI,https://whop.com/checkout/plan_WUfJhxHoQVwmI,true
prod_cj_0050,prod_vxOmZXKqjf4Ej,plan_Mu33kUkEj8h6o,https://whop.com/checkout/plan_Mu33kUkEj8h6o,true
prod_cj_0051,prod_l78oPIjcC4Ag3,plan_lJjvzVB2itpLr,https://whop.com/checkout/plan_lJjvzVB2itpLr,true
prod_cj_0052,prod_khLybnuvarm94,plan_uU0t8JfwkZXET,https://whop.com/checkout/plan_uU0t8JfwkZXET,true
prod_cj_0053,prod_HdqrRDijRssuT,plan_sToOcZOJonN9w,https://whop.com/checkout/plan_sToOcZOJonN9w,true
prod_cj_0054,prod_gn66Z9SIVaiye,plan_K7owBhVFxci9R,https://whop.com/checkout/plan_K7owBhVFxci9R,true
prod_cj_0055,prod_ehqa3CLPP8xsE,plan_k5Lv7ajYzcYoD,https://whop.com/checkout/plan_k5Lv7ajYzcYoD,true
prod_cj_0056,prod_8Hx1NoydYBb1a,plan_qjl7mkHUZNVEk,https://whop.com/checkout/plan_qjl7mkHUZNVEk,true
prod_cj_0057,prod_uONnLHs8QnIJt,plan_GOnCEC4GWl5ti,https://whop.com/checkout/plan_GOnCEC4GWl5ti,true
prod_cj_0058,prod_AOnVye5nKaoYw,plan_5BHlG5bqO67de,https://whop.com/checkout/plan_5BHlG5bqO67de,true
prod_cj_0059,prod_aPvXHyuw8KINw,plan_IN97y3cLCgOYj,https://whop.com/checkout/plan_IN97y3cLCgOYj,true
prod_cj_0060,prod_9xDtvqHiC0w1m,plan_OwuCCNEIijv9d,https://whop.com/checkout/plan_OwuCCNEIijv9d,true
prod_cj_0061,prod_pDzRew0JAO4AC,plan_HzAG67P2bLPly,https://whop.com/checkout/plan_HzAG67P2bLPly,true
prod_cj_0062,prod_Vdg9R59YMvwjx,plan_swxEkx8WaS96h,https://whop.com/checkout/plan_swxEkx8WaS96h,true
prod_cj_0063,prod_xEfSFodJsAuog,plan_PqogjAxSO2isj,https://whop.com/checkout/plan_PqogjAxSO2isj,true
prod_cj_0064,prod_SzZU9kk0k55dT,plan_WFlkJOioDJPJG,https://whop.com/checkout/plan_WFlkJOioDJPJG,true
prod_cj_0065,prod_RoDUV7i24vPA6,plan_Oqz2M8nuN72mP,https://whop.com/checkout/plan_Oqz2M8nuN72mP,true
prod_cj_0066,prod_pNDmhrWR4aBEX,plan_MYBKlgj6Dw8zx,https://whop.com/checkout/plan_MYBKlgj6Dw8zx,true
prod_cj_0067,prod_nLqUt4OVA5YY6,plan_7teLuRLMgQYPL,https://whop.com/checkout/plan_7teLuRLMgQYPL,true
prod_cj_0068,prod_BNSZxaWmDi4wi,plan_g0vyIlb89zyAI,https://whop.com/checkout/plan_g0vyIlb89zyAI,true
prod_cj_0069,prod_25eM7hne341Jw,plan_xcO5lv6gLTbJG,https://whop.com/checkout/plan_xcO5lv6gLTbJG,true
prod_cj_0070,prod_v5n7vyz2uXfox,plan_2sJEdur7iZhIl,https://whop.com/checkout/plan_2sJEdur7iZhIl,true
prod_cj_0071,prod_JE1zLDVTo91kT,plan_ggbEN6HdG3pMx,https://whop.com/checkout/plan_ggbEN6HdG3pMx,true
prod_cj_0072,prod_rLB64LtjMIDhv,plan_JUAUuKT0IZfr5,https://whop.com/checkout/plan_JUAUuKT0IZfr5,true
prod_cj_0073,prod_6rpIlfIrMB9AF,plan_igCoS5Z1z9wDD,https://whop.com/checkout/plan_igCoS5Z1z9wDD,true
prod_cj_0074,prod_JoAwEIkBSF4vC,plan_LYSWE5A0YpZ8q,https://whop.com/checkout/plan_LYSWE5A0YpZ8q,true
prod_cj_0075,prod_DxEYcBBg3p42l,plan_HN09NwAyexWHX,https://whop.com/checkout/plan_HN09NwAyexWHX,true
prod_cj_0076,prod_doJBBoDOnY84t,plan_yCGGc0XDg5eVF,https://whop.com/checkout/plan_yCGGc0XDg5eVF,true
prod_cj_0077,prod_GsAkh1IaI303l,plan_McQI2oUbZVFgY,https://whop.com/checkout/plan_McQI2oUbZVFgY,true
prod_cj_0078,prod_6Poa1xqvCVyDf,plan_KCawjdji3JyVD,https://whop.com/checkout/plan_KCawjdji3JyVD,true
prod_cj_0079,prod_cW13CMIOXbaLQ,plan_AVIP3yTSCVvXN,https://whop.com/checkout/plan_AVIP3yTSCVvXN,true
prod_cj_0080,prod_jJ7CdG5zC087U,plan_VaCKgM8v835hE,https://whop.com/checkout/plan_VaCKgM8v835hE,true
prod_cj_0081,prod_EtrStY3ocecpM,plan_76QCZFonvK3vu,https://whop.com/checkout/plan_76QCZFonvK3vu,true
prod_cj_0082,prod_PgWbMBuBzfmWk,plan_JBDhxQFfZXqUa,https://whop.com/checkout/plan_JBDhxQFfZXqUa,true
prod_cj_0083,prod_1TfvTdqkYG5XG,plan_ug8pQTs5SpTnk,https://whop.com/checkout/plan_ug8pQTs5SpTnk,true
prod_cj_0084,prod_B9a5YQXUKIM52,plan_4Dhg70SxqChHR,https://whop.com/checkout/plan_4Dhg70SxqChHR,true
prod_cj_0085,prod_s7dLPxgudd51d,plan_UMjQuTbZRRUfj,https://whop.com/checkout/plan_UMjQuTbZRRUfj,true
prod_cj_0086,prod_TOCoNVjtTn4w1,plan_mtaCWvfGN2qNy,https://whop.com/checkout/plan_mtaCWvfGN2qNy,true
prod_cj_0087,prod_hFSqIgQMQ60i9,plan_NUWRRGHy1YNZo,https://whop.com/checkout/plan_NUWRRGHy1YNZo,true
prod_cj_0088,prod_YpxIVo6e07Jhr,plan_I93y0ahcqecXR,https://whop.com/checkout/plan_I93y0ahcqecXR,true
prod_cj_0089,prod_ybmqUgLxVoV7B,plan_u8lRgZjvG1nEB,https://whop.com/checkout/plan_u8lRgZjvG1nEB,true
prod_cj_0090,prod_kP36RsWySfbIN,plan_R3yY0j3IUkMx5,https://whop.com/checkout/plan_R3yY0j3IUkMx5,true
prod_cj_0091,prod_3khN8lqB0hrqy,plan_V484RjJKeBXm9,https://whop.com/checkout/plan_V484RjJKeBXm9,true
prod_cj_0092,prod_YO4cHjt7MLFiV,plan_qJP6SLVYk8wUm,https://whop.com/checkout/plan_qJP6SLVYk8wUm,true
prod_cj_0093,prod_wyV2LVrughzfB,plan_5iumODQpqg9jE,https://whop.com/checkout/plan_5iumODQpqg9jE,true
prod_cj_0094,prod_a1CxeNXhVJOyP,plan_ja9paLj6xTErL,https://whop.com/checkout/plan_ja9paLj6xTErL,true
prod_cj_0095,prod_VOwIqREoC2Fw3,plan_Cotzkg421BQFl,https://whop.com/checkout/plan_Cotzkg421BQFl,true
prod_cj_0096,prod_ps7MvvpdjLWnx,plan_smrGkYGZSKIzy,https://whop.com/checkout/plan_smrGkYGZSKIzy,true
prod_cj_0097,prod_fw96j66wnOuRL,plan_1d1OEjcrh8cS4,https://whop.com/checkout/plan_1d1OEjcrh8cS4,true
prod_cj_0098,prod_N8eC1fFi59gxj,plan_BBgmG4a45eJ2V,https://whop.com/checkout/plan_BBgmG4a45eJ2V,true
prod_cj_0099,prod_XIWBiBSoWWv6W,plan_SaoywmhJH1k3m,https://whop.com/checkout/plan_SaoywmhJH1k3m,true
prod_cj_0100,prod_4cLBkVC9mS9Lz,plan_Z0sUBSCymj8QO,https://whop.com/checkout/plan_Z0sUBSCymj8QO,true
prod_cj_0101,prod_lzqPxZUAcWJo9,plan_f5Ma2n5BjOdxj,https://whop.com/checkout/plan_f5Ma2n5BjOdxj,true
prod_cj_0102,prod_2yCvVfnSZMSaJ,plan_EN3zMYFPMkqdn,https://whop.com/checkout/plan_EN3zMYFPMkqdn,true
prod_cj_0104,prod_RPzhWP8v0VbU7,plan_boiQ2jJ0qMTsz,https://whop.com/checkout/plan_boiQ2jJ0qMTsz,true
prod_cj_0105,prod_m49nBpQFDkXuo,plan_BfP0GZgoEgu2V,https://whop.com/checkout/plan_BfP0GZgoEgu2V,true
prod_cj_0106,prod_OX9dBMruiPTHA,plan_w03Rr7hHxW0FX,https://whop.com/checkout/plan_w03Rr7hHxW0FX,true
prod_cj_0107,prod_QF2JI5enHUqC4,plan_lsV5VA8btcIXZ,https://whop.com/checkout/plan_lsV5VA8btcIXZ,true
prod_cj_0108,prod_IXdZIinmQ3BoW,plan_Mcdnh1vQPVjsE,https://whop.com/checkout/plan_Mcdnh1vQPVjsE,true
prod_cj_0109,prod_bWgEnfT4Z7xJH,plan_7QXPO63cv12El,https://whop.com/checkout/plan_7QXPO63cv12El,true
prod_cj_0110,prod_ylG3pBFmrhjXH,plan_OKRH3rJ491h8S,https://whop.com/checkout/plan_OKRH3rJ491h8S,true
prod_cj_0111,prod_q07QAFek3tTKz,plan_U3dMql2WnPFh6,https://whop.com/checkout/plan_U3dMql2WnPFh6,true
prod_cj_0112,prod_lNelD0podBG0A,plan_1WqufhVVXwN2J,https://whop.com/checkout/plan_1WqufhVVXwN2J,true
prod_cj_0113,prod_gkFcc7qjso5xt,plan_tw7D8sOVpNnxB,https://whop.com/checkout/plan_tw7D8sOVpNnxB,true
prod_cj_0114,prod_4QnWdRjBFIyGk,plan_N8aMk2QVNYXuT,https://whop.com/checkout/plan_N8aMk2QVNYXuT,true
prod_cj_0115,prod_C2nYhnx5KPLej,plan_1E6ev7hr7wQsU,https://whop.com/checkout/plan_1E6ev7hr7wQsU,true
prod_cj_0116,prod_a5BZ8UycwjX6P,plan_kPBPm3aEDCFNu,https://whop.com/checkout/plan_kPBPm3aEDCFNu,true
prod_cj_0117,prod_d1rVraVgkAZcq,plan_Qk5rqlJWZHOKI,https://whop.com/checkout/plan_Qk5rqlJWZHOKI,true
prod_cj_0118,prod_FfYsrTDXH3qGe,plan_afB8SVIXAO0PJ,https://whop.com/checkout/plan_afB8SVIXAO0PJ,true
prod_cj_0119,prod_LtjWGBXMUDXNR,plan_1zzJfqkspbfiI,https://whop.com/checkout/plan_1zzJfqkspbfiI,true
prod_cj_0120,prod_N0zL2v3LeFUYv,plan_fuaOVWkVrZTOt,https://whop.com/checkout/plan_fuaOVWkVrZTOt,true
prod_cj_0121,prod_g7Mjl6N8eAjtD,plan_TAweZzLNOyhIK,https://whop.com/checkout/plan_TAweZzLNOyhIK,true
prod_cj_0122,prod_ziYtHycOuLwcQ,plan_pBb7rgXZUeW1O,https://whop.com/checkout/plan_pBb7rgXZUeW1O,true
prod_cj_0123,prod_8u74o7bFbFNJQ,plan_nW1Lyg42g8ErX,https://whop.com/checkout/plan_nW1Lyg42g8ErX,true
prod_cj_0124,prod_svbFuwZiZJrUC,plan_J3GhnBBpXlqkZ,https://whop.com/checkout/plan_J3GhnBBpXlqkZ,true
prod_cj_0125,prod_amczMvROlWegE,plan_454BcyYLbo4rF,https://whop.com/checkout/plan_454BcyYLbo4rF,true
prod_cj_0126,prod_6HAe3iAFMZKED,plan_T0DXFvchtCqb0,https://whop.com/checkout/plan_T0DXFvchtCqb0,true
prod_cj_0127,prod_cY3PjOXjgJcFw,plan_sT4xwYVCEUEfz,https://whop.com/checkout/plan_sT4xwYVCEUEfz,true
prod_cj_0128,prod_5TQd7GhoM6pIG,plan_JjYHf3rv1WPCv,https://whop.com/checkout/plan_JjYHf3rv1WPCv,true
prod_cj_0129,prod_e2wXfuhTlFQeB,plan_kqovLqRyh2P4j,https://whop.com/checkout/plan_kqovLqRyh2P4j,true
prod_cj_0130,prod_43VMwgWimiqIP,plan_MrY1iPVz4mD3I,https://whop.com/checkout/plan_MrY1iPVz4mD3I,true
prod_cj_0131,prod_VgLxOzpuBVD6a,plan_DSwANbBVVc7b4,https://whop.com/checkout/plan_DSwANbBVVc7b4,false
prod_cj_0132,prod_tbzF9l3LgmpER,plan_uyE1vtwWkGDXh,https://whop.com/checkout/plan_uyE1vtwWkGDXh,true
prod_cj_0133,prod_3AkPEobtP0OMz,plan_RAQhuuavPk9kQ,https://whop.com/checkout/plan_RAQhuuavPk9kQ,true
prod_cj_0134,prod_rZsGkdaDOPRBS,plan_lThhwrL3oZZuh,https://whop.com/checkout/plan_lThhwrL3oZZuh,false
prod_cj_0135,prod_AXbBTudFaGeGx,plan_OWvPrYXSbuPi4,https://whop.com/checkout/plan_OWvPrYXSbuPi4,false
prod_cj_0136,prod_tPOHGMO6TnuZ1,plan_KYPqhWdx8zyQL,https://whop.com/checkout/plan_KYPqhWdx8zyQL,false
prod_cj_0137,prod_vsRZEwS6Y5ze9,plan_izqCetfl7IcMb,https://whop.com/checkout/plan_izqCetfl7IcMb,false
prod_cj_0138,prod_plRflhqcEF84f,plan_RMr8eAzBy01FO,https://whop.com/checkout/plan_RMr8eAzBy01FO,true
prod_cj_0140,prod_H9srihsiQ4RQh,plan_Hoduy6BAe3Lkq,https://whop.com/checkout/plan_Hoduy6BAe3Lkq,false
prod_cj_0141,prod_vLESfVPVmNYLL,plan_iDl9WJdq6SZZm,https://whop.com/checkout/plan_iDl9WJdq6SZZm,false
prod_cj_0142,prod_cNuQS1SAiK2jH,plan_T5QtniGhqvFnS,https://whop.com/checkout/plan_T5QtniGhqvFnS,false
prod_cj_0143,prod_RHRnLhXD770qx,plan_d6bwVWAtf9ecp,https://whop.com/checkout/plan_d6bwVWAtf9ecp,false
prod_cj_0144,prod_b0QvLGZ4J3dJp,plan_wTS9d2gGHKvJO,https://whop.com/checkout/plan_wTS9d2gGHKvJO,false
prod_cj_0145,prod_ejCtAP4T592ZG,plan_Ivbd8X3nmTH0d,https://whop.com/checkout/plan_Ivbd8X3nmTH0d,false
prod_cj_0146,prod_bZqnbHrdlExrW,plan_uISQK68kSDfzD,https://whop.com/checkout/plan_uISQK68kSDfzD,false
prod_cj_0147,prod_sUKiVwR9u2mkJ,plan_M8Y6GrTxW7z8r,https://whop.com/checkout/plan_M8Y6GrTxW7z8r,false
prod_cj_0148,prod_PIjVDn635tTYn,plan_dwW1c7Ufpn0mH,https://whop.com/checkout/plan_dwW1c7Ufpn0mH,false
prod_cj_0149,prod_zoP4xX5j40fNL,plan_YedzO3ZQMOVr8,https://whop.com/checkout/plan_YedzO3ZQMOVr8,false
prod_cj_0150,prod_2MXWlb5V2tnL6,plan_OSupT6BJSSbo8,https://whop.com/checkout/plan_OSupT6BJSSbo8,false
prod_cj_0151,prod_MC0gjSzttDZzA,plan_ckR4PZMCTQ6A9,https://whop.com/checkout/plan_ckR4PZMCTQ6A9,false
prod_cj_0152,prod_OGLwZjCPMPKe6,plan_VXLt16Qv0SwTG,https://whop.com/checkout/plan_VXLt16Qv0SwTG,false
prod_cj_0153,prod_zSR9HRg2jxCFX,plan_EI95mf1Al3NNL,https://whop.com/checkout/plan_EI95mf1Al3NNL,false
prod_cj_0154,prod_QRawnmIvrSDIG,plan_QHkTHBiKSd0EB,https://whop.com/checkout/plan_QHkTHBiKSd0EB,false
prod_cj_0155,prod_36yDBpcw5I2g9,plan_whaOYdxPZWX8D,https://whop.com/checkout/plan_whaOYdxPZWX8D,true
prod_cj_0156,prod_5xaJ5utqkVyvb,plan_SLMI5HrrJkC7e,https://whop.com/checkout/plan_SLMI5HrrJkC7e,false
prod_cj_0157,prod_2qqskZXITvSmp,plan_38pO7dSGC9arP,https://whop.com/checkout/plan_38pO7dSGC9arP,false
prod_cj_0158,prod_3IXWCY8bAOuIt,plan_2v40JYL1kEuTW,https://whop.com/checkout/plan_2v40JYL1kEuTW,false
prod_cj_0159,prod_NTTEWshWMEFdG,plan_JsiXls3oFU3IS,https://whop.com/checkout/plan_JsiXls3oFU3IS,false
prod_cj_0160,prod_LITBwYtIJFwdm,plan_ilo5wTwXmZkWN,https://whop.com/checkout/plan_ilo5wTwXmZkWN,false
prod_cj_0161,prod_iKy2V0WFmXQdZ,plan_a9LeC3AG16i8w,https://whop.com/checkout/plan_a9LeC3AG16i8w,false
prod_cj_0162,prod_JGMrpKAi5nbBn,plan_DRIEWzaheqynw,https://whop.com/checkout/plan_DRIEWzaheqynw,false
prod_cj_0163,prod_4Bj305I9AWFVQ,plan_5zKtTQ8C8pcSZ,https://whop.com/checkout/plan_5zKtTQ8C8pcSZ,false
prod_cj_0164,prod_ZbyTgDuxDvwf9,plan_cl0sfGQ6Mjeyh,https://whop.com/checkout/plan_cl0sfGQ6Mjeyh,false
prod_cj_0165,prod_tcsdkbexbbgGh,plan_SWeMsNsN8ZWtG,https://whop.com/checkout/plan_SWeMsNsN8ZWtG,false
prod_cj_0166,prod_rXDTiZrnFdhrO,plan_ZLtBch5JUtlV7,https://whop.com/checkout/plan_ZLtBch5JUtlV7,false
prod_cj_0167,prod_b2rU58m1bH5Wy,plan_NESupNlP06nkb,https://whop.com/checkout/plan_NESupNlP06nkb,false
prod_cj_0168,prod_Z0El82FFlBATX,plan_5unuQlE0fkhhC,https://whop.com/checkout/plan_5unuQlE0fkhhC,false
prod_cj_0169,prod_ZxLDJgwBrbBAb,plan_dngwnZyfNZt5l,https://whop.com/checkout/plan_dngwnZyfNZt5l,false
prod_cj_0170,prod_Wn3RihDA8Q0uD,plan_woyUo9H6U81h6,https://whop.com/checkout/plan_woyUo9H6U81h6,false
prod_cj_0171,prod_eu1PZOitvrehG,plan_PMYMnir4zIKmi,https://whop.com/checkout/plan_PMYMnir4zIKmi,false
prod_cj_0172,prod_eMO4ULkqbiLfD,plan_ebotP20fooyrX,https://whop.com/checkout/plan_ebotP20fooyrX,false
prod_cj_0173,prod_m1sKRuvALgG2o,plan_QTVqO7JU1ozgJ,https://whop.com/checkout/plan_QTVqO7JU1ozgJ,false
prod_cj_0174,prod_6LXbBr3niFrHx,plan_UxNPbduurL6yz,https://whop.com/checkout/plan_UxNPbduurL6yz,false
prod_cj_0175,prod_whUjrIY1Y7xcb,plan_jz734nuOblZqb,https://whop.com/checkout/plan_jz734nuOblZqb,false
prod_cj_0176,prod_ywEtrLV6RvWHN,plan_SSm4DwJhllojS,https://whop.com/checkout/plan_SSm4DwJhllojS,false
prod_cj_0177,prod_tzq71RtsZVCr3,plan_zTbcFqqBe8ktM,https://whop.com/checkout/plan_zTbcFqqBe8ktM,false
prod_cj_0178,prod_yIuQo9XuOE42X,plan_nImufe2ykTl81,https://whop.com/checkout/plan_nImufe2ykTl81,false
prod_cj_0179,prod_OciSHhU7VBjQa,plan_JwkluoHUaCx3D,https://whop.com/checkout/plan_JwkluoHUaCx3D,false
prod_cj_0180,prod_jTYQyHjpttnCA,plan_1SyONrgDj5cC5,https://whop.com/checkout/plan_1SyONrgDj5cC5,false
prod_cj_0181,prod_ZoWIFUCbnOYCQ,plan_leObgyEBfJ99U,https://whop.com/checkout/plan_leObgyEBfJ99U,false
prod_cj_0182,prod_0pJSPvRwrKuSW,plan_fRJCmDvsFTNJG,https://whop.com/checkout/plan_fRJCmDvsFTNJG,false
prod_cj_0183,prod_Mo7EUaLHiropR,plan_56vHvexzvfeO5,https://whop.com/checkout/plan_56vHvexzvfeO5,false
prod_cj_0184,prod_PjpNOaxfKRtt3,plan_3RIS6W31nmfS6,https://whop.com/checkout/plan_3RIS6W31nmfS6,false
prod_cj_0185,prod_e5R0xCklg9YFs,plan_4QERnMAG2TTxw,https://whop.com/checkout/plan_4QERnMAG2TTxw,false
prod_cj_0186,prod_VzTv8QJe5AmYh,plan_eRu7HPzbmEplj,https://whop.com/checkout/plan_eRu7HPzbmEplj,false
prod_cj_0187,prod_DKyF1oZy0sURt,plan_QmN4TBmdoQHtu,https://whop.com/checkout/plan_QmN4TBmdoQHtu,false
prod_cj_0188,prod_gWTP1xC4S0NWs,plan_kG7lu6Y7MuSOI,https://whop.com/checkout/plan_kG7lu6Y7MuSOI,false
prod_cj_0189,prod_coVJT21HJQyAd,plan_wnbAIh59pj7Pq,https://whop.com/checkout/plan_wnbAIh59pj7Pq,false
prod_cj_0190,prod_LLOk7uaOHYLqO,plan_QfLDmHruJwT7R,https://whop.com/checkout/plan_QfLDmHruJwT7R,false
prod_cj_0191,prod_Hjo2T5zw4cLhw,plan_jJ1PYITJStuei,https://whop.com/checkout/plan_jJ1PYITJStuei,false
prod_cj_0192,prod_mBe2OKkokP31g,plan_monWwvS6zN8Fu,https://whop.com/checkout/plan_monWwvS6zN8Fu,false
prod_cj_0193,prod_B9a73xSDvXpLK,plan_ICnO23q85oywI,https://whop.com/checkout/plan_ICnO23q85oywI,false
prod_cj_0194,prod_eRGCvfcYAnnRL,plan_X5lMIIzJWIYII,https://whop.com/checkout/plan_X5lMIIzJWIYII,false
prod_cj_0195,prod_Dif8QaDFCMixB,plan_YKO8pfkXq8vrN,https://whop.com/checkout/plan_YKO8pfkXq8vrN,false
prod_cj_0196,prod_H2czo2KEoWGHo,plan_3PuFZyY69F4Rv,https://whop.com/checkout/plan_3PuFZyY69F4Rv,false
prod_cj_0197,prod_Gdt2yz7pdzIol,plan_4UFMMX7nLXJ1V,https://whop.com/checkout/plan_4UFMMX7nLXJ1V,false
prod_cj_0198,prod_4kKHkrbAEoDvn,plan_kGSfr9utKTKIa,https://whop.com/checkout/plan_kGSfr9utKTKIa,false
prod_cj_0199,prod_GnQpl4Z9zcP7L,plan_znkwD3quvKMab,https://whop.com/checkout/plan_znkwD3quvKMab,false
prod_cj_0200,prod_TTnD2d2731Rat,plan_5DN10j7tQMrWU,https://whop.com/checkout/plan_5DN10j7tQMrWU,false
prod_nyx_0218,prod_FmSp5U3jxa7Ec,plan_UrjfGkruZ0TnT,https://whop.com/checkout/plan_UrjfGkruZ0TnT,true
prod_nyx_0219,prod_lUwUJnEXbUqxK,plan_l2o4i5S2QhUrK,https://whop.com/checkout/plan_l2o4i5S2QhUrK,true
prod_nyx_0223,prod_UEGFADwCodr8S,plan_21arOGadqfsrE,https://whop.com/checkout/plan_21arOGadqfsrE,true
prod_nyx_0226,prod_cXjtrkP20085c,plan_qb9Jrtca7gKCq,https://whop.com/checkout/plan_qb9Jrtca7gKCq,true
prod_nyx_0227,prod_W5AvYI7x5tPtT,plan_8vjLtZyAbwU3g,https://whop.com/checkout/plan_8vjLtZyAbwU3g,true
prod_nyx_0230,prod_wzQcjZke4U97N,plan_bO0B0oRRknyjh,https://whop.com/checkout/plan_bO0B0oRRknyjh,true
prod_nyx_0231,prod_GgdgIwnD3JIPg,plan_YPSxTgZ8IoedY,https://whop.com/checkout/plan_YPSxTgZ8IoedY,true
prod_nyx_0232,prod_ez16dN84feYKW,plan_okhKH542EPhMK,https://whop.com/checkout/plan_okhKH542EPhMK,true
prod_nyx_0233,prod_UfUpzr44T9syM,plan_JGEa8wm4zeo2a,https://whop.com/checkout/plan_JGEa8wm4zeo2a,true
prod_nyx_0234,prod_Gx3JzlbGex0Vi,plan_CfTml4feLAbZ6,https://whop.com/checkout/plan_CfTml4feLAbZ6,true
prod_nyx_0235,prod_ksUi2mwdNpOSw,plan_PHGlsYJMP2APg,https://whop.com/checkout/plan_PHGlsYJMP2APg,true
prod_nyx_0236,prod_HE9u65MewpztM,plan_eEtea96HS7P43,https://whop.com/checkout/plan_eEtea96HS7P43,true
prod_nyx_0237,prod_nGzbHFIy1vDvp,plan_NkpBIAS1KaESz,https://whop.com/checkout/plan_NkpBIAS1KaESz,true
prod_nyx_0238,prod_vWUw1jlvwEclP,plan_cdxD8kGsROmhg,https://whop.com/checkout/plan_cdxD8kGsROmhg,true
prod_nyx_0239,prod_33m9RFTYMvSDs,plan_JmD3niEXpk7Xk,https://whop.com/checkout/plan_JmD3niEXpk7Xk,true
prod_nyx_0240,prod_0UzPlDe8CYFrl,plan_MWxS2FTENZf3k,https://whop.com/checkout/plan_MWxS2FTENZf3k,true
prod_nyx_0241,prod_gEeIXb2hXOerj,plan_kifnru5DE7uOI,https://whop.com/checkout/plan_kifnru5DE7uOI,true
prod_nyx_0242,prod_LJOOTFWptgslE,plan_8QY8HdOk6Y6RM,https://whop.com/checkout/plan_8QY8HdOk6Y6RM,true
prod_nyx_0243,prod_WFsw4HQYFegQg,plan_HDEgvXEOztjtB,https://whop.com/checkout/plan_HDEgvXEOztjtB,true
prod_nyx_0244,prod_HQpvX0Rifxrfe,plan_KHQtYbA47SGW5,https://whop.com/checkout/plan_KHQtYbA47SGW5,true
prod_nyx_0245,prod_jmWyR1a5hshWu,plan_EqNeMJbh5XdLI,https://whop.com/checkout/plan_EqNeMJbh5XdLI,true
prod_nyx_0246,prod_Pwx1d4z2GzDs5,plan_QSfKSkaYQ3DX2,https://whop.com/checkout/plan_QSfKSkaYQ3DX2,true
prod_nyx_0247,prod_PSjj8qdRBiumP,plan_RzkpFNGvobskA,https://whop.com/checkout/plan_RzkpFNGvobskA,true
prod_nyx_0248,prod_UBNGWQOaKCMh7,plan_n4j9EsmD3BwoF,https://whop.com/checkout/plan_n4j9EsmD3BwoF,true
prod_nyx_0249,prod_MlOx28IB06Uvu,plan_8odqSROXLlPNu,https://whop.com/checkout/plan_8odqSROXLlPNu,true
prod_nyx_0250,prod_nR5sbgi9QZipy,plan_wHfQf5mAekz2T,https://whop.com/checkout/plan_wHfQf5mAekz2T,true
prod_nyx_0251,prod_j9FmtBkNHGyh9,plan_SV9oxknQ3fCvt,https://whop.com/checkout/plan_SV9oxknQ3fCvt,true
prod_nyx_0252,prod_990gxfYYBI6o8,plan_YtEn0s4r4CQvY,https://whop.com/checkout/plan_YtEn0s4r4CQvY,true
prod_nyx_0253,prod_l3UmRWIHh8qjq,plan_9i2A44hRAXJJS,https://whop.com/checkout/plan_9i2A44hRAXJJS,true
prod_nyx_0254,prod_Iyg52kRe0MeJg,plan_X9TB6A9i2Seqm,https://whop.com/checkout/plan_X9TB6A9i2Seqm,true
prod_nyx_0255,prod_PPasSVdKIe33q,plan_eEONnGPG7Smnc,https://whop.com/checkout/plan_eEONnGPG7Smnc,true
prod_nyx_0256,prod_Hd2nvQVhSHqrP,plan_bMYRJR3EzTisq,https://whop.com/checkout/plan_bMYRJR3EzTisq,true
prod_nyx_0257,prod_LusKTx6mu9klf,plan_2Il4jLldA32o5,https://whop.com/checkout/plan_2Il4jLldA32o5,true
prod_nyx_0258,prod_QJEe1scjBw4yo,plan_Hg0HWs5o5zYkT,https://whop.com/checkout/plan_Hg0HWs5o5zYkT,true
prod_nyx_0259,prod_moB9yfIqZkkrn,plan_p8I3u0cEJKMYQ,https://whop.com/checkout/plan_p8I3u0cEJKMYQ,true
prod_nyx_0260,prod_Dm0c10Nql4mxy,plan_iybiTGFBkOkTM,https://whop.com/checkout/plan_iybiTGFBkOkTM,true
prod_nyx_0261,prod_zp8nDmZ6VgTR2,plan_ckhQu1VvArSLd,https://whop.com/checkout/plan_ckhQu1VvArSLd,true
prod_nyx_0262,prod_juQAo0ERCeyRP,plan_Jtq9SjAekQO71,https://whop.com/checkout/plan_Jtq9SjAekQO71,true
prod_nyx_0263,prod_iAaBjG7CDqL2K,plan_t9a2fRc1bnHqZ,https://whop.com/checkout/plan_t9a2fRc1bnHqZ,true
prod_nyx_0264,prod_ODL9Q1EJLVW86,plan_BfH4L8tLqwm5o,https://whop.com/checkout/plan_BfH4L8tLqwm5o,true
prod_nyx_0265,prod_bEYN46WjG8Snz,plan_Qlgfu51dKYHyu,https://whop.com/checkout/plan_Qlgfu51dKYHyu,true
prod_nyx_0266,prod_VIYg5uaQJjNcT,plan_TJjfdJkjd9YvL,https://whop.com/checkout/plan_TJjfdJkjd9YvL,true
prod_nyx_0267,prod_ZPaiNwHAosYZb,plan_KYffeU0LvOxl8,https://whop.com/checkout/plan_KYffeU0LvOxl8,true
prod_nyx_0268,prod_3Wzsp6QH6gMx0,plan_UMVYpsZyfCOID,https://whop.com/checkout/plan_UMVYpsZyfCOID,true
prod_nyx_0269,prod_XfxM2duiArHmF,plan_GEQAFjlFl5bFf,https://whop.com/checkout/plan_GEQAFjlFl5bFf,true
prod_nyx_0270,prod_Sa4AgeigPL3jv,plan_IWLOuvUXPhNxl,https://whop.com/checkout/plan_IWLOuvUXPhNxl,true
prod_nyx_0271,prod_TrPFqMTuMk3Dl,plan_j3VJWOYPffP5g,https://whop.com/checkout/plan_j3VJWOYPffP5g,true
prod_nyx_0272,prod_UfMO3xUFqxZIa,plan_PDMppFcIQ2zop,https://whop.com/checkout/plan_PDMppFcIQ2zop,true
prod_nyx_0273,prod_f5HPJxnSEmP8T,plan_qG1s6Mycnz2Py,https://whop.com/checkout/plan_qG1s6Mycnz2Py,true
prod_nyx_0274,prod_jC1kkDTD2RmtN,plan_zBaO0GB8Bp6l3,https://whop.com/checkout/plan_zBaO0GB8Bp6l3,true
prod_nyx_0275,prod_enoCJokqUbsof,plan_tOercMOVOIYa4,https://whop.com/checkout/plan_tOercMOVOIYa4,true
prod_nyx_0276,prod_zyKDw6niD3rNB,plan_zUx1UkvbVo9I7,https://whop.com/checkout/plan_zUx1UkvbVo9I7,true
prod_nyx_0277,prod_aXwpgp3DJuAy1,plan_mtcEZSKutGF93,https://whop.com/checkout/plan_mtcEZSKutGF93,true
prod_nyx_0278,prod_TwNOUBKoAVOuZ,plan_8f725uuSVkyKR,https://whop.com/checkout/plan_8f725uuSVkyKR,true
prod_nyx_0279,prod_EqB13a09HodYT,plan_gLSlTGgRKUCsI,https://whop.com/checkout/plan_gLSlTGgRKUCsI,true
prod_nyx_0280,prod_2aOUhJTm0XxjK,plan_MIlMHscK72Wo0,https://whop.com/checkout/plan_MIlMHscK72Wo0,true
prod_nyx_0281,prod_WtPJDHNQkivnt,plan_tQozVwgFCgQvm,https://whop.com/checkout/plan_tQozVwgFCgQvm,true
prod_nyx_0282,prod_HZVjg18kaMtsX,plan_sOXd02PQDdsTq,https://whop.com/checkout/plan_sOXd02PQDdsTq,true
prod_nyx_0283,prod_E1C35e0qsq0ra,plan_Ul8fW31chQNsI,https://whop.com/checkout/plan_Ul8fW31chQNsI,true
prod_nyx_0284,prod_wW8WKVsFCrBlO,plan_cHIALhaCiTMPQ,https://whop.com/checkout/plan_cHIALhaCiTMPQ,true
prod_nyx_0285,prod_VAwouRADQ7gl7,plan_koqijPtzw5Cx6,https://whop.com/checkout/plan_koqijPtzw5Cx6,true
prod_nyx_0286,prod_WiRrPIS4EEiG5,plan_fU2FuDZKXPGdJ,https://whop.com/checkout/plan_fU2FuDZKXPGdJ,true
prod_nyx_0287,prod_Eda2IStIoiJTI,plan_RI5SEmsEKugYw,https://whop.com/checkout/plan_RI5SEmsEKugYw,true
prod_nyx_0288,prod_nM6cXxah68Oot,plan_PyoASjdQfCs2i,https://whop.com/checkout/plan_PyoASjdQfCs2i,true
prod_nyx_0289,prod_g8GVCOiaZjHsm,plan_kXN5O286sO4V3,https://whop.com/checkout/plan_kXN5O286sO4V3,true
prod_nyx_0290,prod_aRHARvjVtbuOO,plan_y29b2TNDYnXMI,https://whop.com/checkout/plan_y29b2TNDYnXMI,true
prod_nyx_0291,prod_kA6DQe886hdyd,plan_vcfUiW8wyTa5e,https://whop.com/checkout/plan_vcfUiW8wyTa5e,true
prod_nyx_0292,prod_5grDJUatRNXxp,plan_TtOcJscZX73gX,https://whop.com/checkout/plan_TtOcJscZX73gX,true
prod_nyx_0293,prod_WNiiZKrzoD9d9,plan_NFbVjORRS0886,https://whop.com/checkout/plan_NFbVjORRS0886,true
prod_nyx_0294,prod_w613QAvJDNwre,plan_Yz1mkqIN7JMbD,https://whop.com/checkout/plan_Yz1mkqIN7JMbD,true
prod_nyx_0295,prod_066k4pxVoqPzG,plan_egtBukEGklid1,https://whop.com/checkout/plan_egtBukEGklid1,true
prod_nyx_0296,prod_ANYlHrUpJJ6wV,plan_ob2v4vZhJAHFP,https://whop.com/checkout/plan_ob2v4vZhJAHFP,true
prod_nyx_0297,prod_VuDFKWXTR03Hd,plan_qwfpD4X3R6v8k,https://whop.com/checkout/plan_qwfpD4X3R6v8k,true
prod_nyx_0298,prod_btSUKXz9pzEiN,plan_ta6YpNP4JnazS,https://whop.com/checkout/plan_ta6YpNP4JnazS,true
prod_nyx_0299,prod_QrlkRS0UzAzgf,plan_rprBe3TH2lBx0,https://whop.com/checkout/plan_rprBe3TH2lBx0,true
prod_nyx_0300,prod_BxVI7Sr4Zx12k,plan_lYwhpkOiT5LW4,https://whop.com/checkout/plan_lYwhpkOiT5LW4,true
prod_nyx_0301,prod_1Xy8Wi5gZIpQx,plan_h9Mrso6UaH0fA,https://whop.com/checkout/plan_h9Mrso6UaH0fA,true
prod_nyx_0302,prod_7ZQxga4LLFSwm,plan_nFFObYqaupLvN,https://whop.com/checkout/plan_nFFObYqaupLvN,true
prod_nyx_0303,prod_MfQWR5j5nJFp8,plan_KkDGUtYsTeG3s,https://whop.com/checkout/plan_KkDGUtYsTeG3s,true
prod_nyx_0304,prod_ekbRWUeh2emBv,plan_aN4mg3Ae6E3h2,https://whop.com/checkout/plan_aN4mg3Ae6E3h2,true
prod_nyx_0305,prod_LmcqM18sQj46z,plan_RERoiu9HSJIOe,https://whop.com/checkout/plan_RERoiu9HSJIOe,true
prod_nyx_0306,prod_jFdTAy57VVtCo,plan_UFvnqPTNDJ5XA,https://whop.com/checkout/plan_UFvnqPTNDJ5XA,true
prod_nyx_0307,prod_GIjFGqWTPnt2L,plan_DR6Ahr4s2biaI,https://whop.com/checkout/plan_DR6Ahr4s2biaI,true
prod_nyx_0308,prod_x4UPgTfrnGmXo,plan_Yr2Jig5AJrMsu,https://whop.com/checkout/plan_Yr2Jig5AJrMsu,true
prod_nyx_0309,prod_UcNYrh4BzbP7P,plan_bgXH3NH1ehcoc,https://whop.com/checkout/plan_bgXH3NH1ehcoc,true
prod_nyx_0310,prod_nDdkZN3vEyzN2,plan_x3wXn3dn8clWC,https://whop.com/checkout/plan_x3wXn3dn8clWC,true
prod_nyx_0311,prod_Tcd197Bt7SfHP,plan_IepiV8MQSqPji,https://whop.com/checkout/plan_IepiV8MQSqPji,true
prod_nyx_0312,prod_j1eQo1wqIlG88,plan_PUwGg79uZ371I,https://whop.com/checkout/plan_PUwGg79uZ371I,true
prod_nyx_0313,prod_OMfWubeM8brBl,plan_QF25g0rC73jRU,https://whop.com/checkout/plan_QF25g0rC73jRU,true
prod_nyx_0314,prod_KkGBcYal2bhRn,plan_bPpZo0DOxmJ0s,https://whop.com/checkout/plan_bPpZo0DOxmJ0s,true
prod_nyx_0315,prod_aVGjSVKNMSkYO,plan_7nU3fBCOkHPTR,https://whop.com/checkout/plan_7nU3fBCOkHPTR,true
prod_nyx_0316,prod_Gn4r2wkZoMFSE,plan_aYlgE2R5M2zKN,https://whop.com/checkout/plan_aYlgE2R5M2zKN,true
prod_nyx_0317,prod_TMIXFi4zhlC1k,plan_3r9TgMpomEiqm,https://whop.com/checkout/plan_3r9TgMpomEiqm,true
prod_nyx_0318,prod_Go90Tq4BOcbiF,plan_xgWM3iGSyIXwb,https://whop.com/checkout/plan_xgWM3iGSyIXwb,true
prod_nyx_0319,prod_tSwY710VucEeb,plan_fqzEYWZfJls77,https://whop.com/checkout/plan_fqzEYWZfJls77,false
prod_nyx_0320,prod_6tHTRthePiXn7,plan_hzuNmCAuEVmkp,https://whop.com/checkout/plan_hzuNmCAuEVmkp,true
prod_nyx_0321,prod_JYTKKJKJ0TnX1,plan_YnsVFB9P3w0Zj,https://whop.com/checkout/plan_YnsVFB9P3w0Zj,true
prod_nyx_0322,prod_C76xVCiOGscDG,plan_W3R9e9de50DTI,https://whop.com/checkout/plan_W3R9e9de50DTI,true
prod_nyx_0323,prod_pTxYgoxvJVoAh,plan_pDuaHa3r4MkX1,https://whop.com/checkout/plan_pDuaHa3r4MkX1,true
prod_nyx_0324,prod_AvY4Oy5W0zLmy,plan_IHrSOFTfuAR6s,https://whop.com/checkout/plan_IHrSOFTfuAR6s,true
prod_nyx_0325,prod_h6xsv5ElHx6zd,plan_rHLQJOfZtYfOh,https://whop.com/checkout/plan_rHLQJOfZtYfOh,true
prod_nyx_0326,prod_dkM1lBLMoPDCj,plan_A36GiNQoViJ2d,https://whop.com/checkout/plan_A36GiNQoViJ2d,true
prod_nyx_0327,prod_2zhEt9Acn3QBM,plan_aEaAIc01Ky5U6,https://whop.com/checkout/plan_aEaAIc01Ky5U6,true
prod_nyx_0328,prod_1pdeGw4CZomWt,plan_aRFJ40AIhTJ1X,https://whop.com/checkout/plan_aRFJ40AIhTJ1X,true
prod_nyx_0329,prod_S65imfFjSaufj,plan_eOPygmDmmBtRT,https://whop.com/checkout/plan_eOPygmDmmBtRT,true
prod_nyx_0330,prod_qCAjmf64OatSQ,plan_J44gbZPowmjuV,https://whop.com/checkout/plan_J44gbZPowmjuV,true
prod_nyx_0331,prod_MLAqgq0lMmagO,plan_2l3eSFi4P2i26,https://whop.com/checkout/plan_2l3eSFi4P2i26,true
prod_nyx_0332,prod_ksHyg3TSPTjBL,plan_c6RdqchJmibQY,https://whop.com/checkout/plan_c6RdqchJmibQY,true
prod_nyx_0333,prod_c8YbQq1mvbZuA,plan_c4jMEIs2hUKKk,https://whop.com/checkout/plan_c4jMEIs2hUKKk,true
prod_nyx_0334,prod_fMDJjnl3Qvssm,plan_M03prmst1szVR,https://whop.com/checkout/plan_M03prmst1szVR,true
prod_nyx_0335,prod_ryLoAo4x7rWFx,plan_7CRFjBKcGBHQn,https://whop.com/checkout/plan_7CRFjBKcGBHQn,true
prod_nyx_0336,prod_EoruC5Cxlvpbi,plan_s3reL54bwjWuz,https://whop.com/checkout/plan_s3reL54bwjWuz,true
prod_nyx_0337,prod_pLSFdANvqPvAb,plan_szO5bTfpxc1a6,https://whop.com/checkout/plan_szO5bTfpxc1a6,true
prod_nyx_0338,prod_vr6jZ3ZuIIrCA,plan_SAkLtbvdLcoCl,https://whop.com/checkout/plan_SAkLtbvdLcoCl,true
prod_nyx_0339,prod_5psdFCj5mhBeQ,plan_8MyAg6RLGcu51,https://whop.com/checkout/plan_8MyAg6RLGcu51,true
prod_nyx_0340,prod_TNHhU4NgKWvy4,plan_F0e1Fxj36otRE,https://whop.com/checkout/plan_F0e1Fxj36otRE,true
prod_nyx_0341,prod_bygNqwVPTnkBr,plan_OhchpM1WtKno4,https://whop.com/checkout/plan_OhchpM1WtKno4,true
prod_nyx_0342,prod_FspRnuhuWcsah,plan_p29kyxh3H9rlb,https://whop.com/checkout/plan_p29kyxh3H9rlb,true
prod_nyx_0343,prod_x7ZRbWTUbg5KS,plan_XYMpPQSE247TB,https://whop.com/checkout/plan_XYMpPQSE247TB,true
prod_nyx_0344,prod_XjH5YGSYHENaA,plan_Mg7qb8mym4UAn,https://whop.com/checkout/plan_Mg7qb8mym4UAn,true
prod_nyx_0345,prod_G8sm0ngkCZ6Yh,plan_9AxSyedI3jOzl,https://whop.com/checkout/plan_9AxSyedI3jOzl,true
prod_nyx_0346,prod_FvuBGg0Snhh7n,plan_CJhAmtuaEb5MS,https://whop.com/checkout/plan_CJhAmtuaEb5MS,true
prod_nyx_0347,prod_zRvXxB6Uifc8N,plan_Si8kgTYqk78vt,https://whop.com/checkout/plan_Si8kgTYqk78vt,true
prod_nyx_0348,prod_DHRrJJh70sgCD,plan_vSoSumzqivArK,https://whop.com/checkout/plan_vSoSumzqivArK,true
prod_nyx_0349,prod_UDqJq9jIY2ePp,plan_Q2oezVWYvoPOl,https://whop.com/checkout/plan_Q2oezVWYvoPOl,true
prod_nyx_0350,prod_8WdqQl4ogYQZM,plan_zDvmVldxEWObn,https://whop.com/checkout/plan_zDvmVldxEWObn,true
prod_nyx_0351,prod_PZUpY2EwaP6V1,plan_9u7iZEDeEAbVb,https://whop.com/checkout/plan_9u7iZEDeEAbVb,true
prod_nyx_0352,prod_yfSf7R7MiRHs5,plan_aGRTKFj3YHBrM,https://whop.com/checkout/plan_aGRTKFj3YHBrM,true
prod_nyx_0353,prod_ta5b3kK3pP0BO,plan_xKlwXCkblzt3T,https://whop.com/checkout/plan_xKlwXCkblzt3T,true
prod_nyx_0354,prod_dg4nCL8OKXcNj,plan_ZgXMSsHV5qehw,https://whop.com/checkout/plan_ZgXMSsHV5qehw,true
prod_nyx_0355,prod_ARGvw7NtZj7gp,plan_ybhaW6R31Mdwl,https://whop.com/checkout/plan_ybhaW6R31Mdwl,true
prod_nyx_0356,prod_KfUdJMAdxuQ14,plan_sWuEea8KzyAVL,https://whop.com/checkout/plan_sWuEea8KzyAVL,true
prod_nyx_0357,prod_nRUfgwCbeHDtF,plan_9eGck6mPRD0Yu,https://whop.com/checkout/plan_9eGck6mPRD0Yu,true
prod_nyx_0358,prod_fWcoz9XXzt3TB,plan_xbHT7wjfYPjYo,https://whop.com/checkout/plan_xbHT7wjfYPjYo,true
prod_nyx_0359,prod_NnKGhnPGa38Ud,plan_CAKlg6ToJZYyv,https://whop.com/checkout/plan_CAKlg6ToJZYyv,true
prod_nyx_0360,prod_g7XTgX7kYpghf,plan_SJZoxMS886O7B,https://whop.com/checkout/plan_SJZoxMS886O7B,true
prod_nyx_0361,prod_xF0Nqe0MYggcR,plan_Iq3Q0i8TIXBkt,https://whop.com/checkout/plan_Iq3Q0i8TIXBkt,true
prod_nyx_0362,prod_ancV83ehwtP9R,plan_xHgqOUYhMWeWU,https://whop.com/checkout/plan_xHgqOUYhMWeWU,true
prod_nyx_0363,prod_22Ftjtzg5RDej,plan_El2ureugRnArn,https://whop.com/checkout/plan_El2ureugRnArn,true
prod_nyx_0364,prod_VeFEtxyIYRKO0,plan_kXltHgCnBOkLf,https://whop.com/checkout/plan_kXltHgCnBOkLf,true
prod_nyx_0365,prod_XPOmXpLpeqFws,plan_a6pCGJY4Q5O8P,https://whop.com/checkout/plan_a6pCGJY4Q5O8P,true
prod_nyx_0366,prod_yM5YxMLZzONf0,plan_5pupK4z0sp5gT,https://whop.com/checkout/plan_5pupK4z0sp5gT,true
prod_nyx_0367,prod_fekew3FFPqW60,plan_0j7uotOVEvOzg,https://whop.com/checkout/plan_0j7uotOVEvOzg,true
prod_nyx_0368,prod_ssbU06t75bwHD,plan_pucNojti7Ztk9,https://whop.com/checkout/plan_pucNojti7Ztk9,true
prod_nyx_0369,prod_iqZgvxCRH3XvO,plan_NO42gxBDhzrpn,https://whop.com/checkout/plan_NO42gxBDhzrpn,true
prod_nyx_0370,prod_Q6nm87dz1nitU,plan_DMKdLfE4juFh6,https://whop.com/checkout/plan_DMKdLfE4juFh6,true
prod_nyx_0371,prod_6Qvd8zPMZXlq4,plan_xXH4xOgWtL3ym,https://whop.com/checkout/plan_xXH4xOgWtL3ym,true
prod_nyx_0372,prod_E44N80u0MNLMp,plan_AgATFGpUSx0n8,https://whop.com/checkout/plan_AgATFGpUSx0n8,true
prod_nyx_0373,prod_0GRfqV5iqEwWr,plan_A9BZ1heWyTuwX,https://whop.com/checkout/plan_A9BZ1heWyTuwX,true
prod_nyx_0374,prod_C4ejSri2gTxzY,plan_pCznVmpBNZDdY,https://whop.com/checkout/plan_pCznVmpBNZDdY,true
prod_nyx_0375,prod_nXU9OScSDJ0hN,plan_vPXTooAUXSLQ4,https://whop.com/checkout/plan_vPXTooAUXSLQ4,true
prod_nyx_0376,prod_UBNLmkPCVsPSh,plan_UR1HvYgEmzD1I,https://whop.com/checkout/plan_UR1HvYgEmzD1I,true
prod_nyx_0377,prod_GkAM5rW9BvpjE,plan_lnpL0MHX7rUgQ,https://whop.com/checkout/plan_lnpL0MHX7rUgQ,true
prod_nyx_0378,prod_a9miOzRYNJvJK,plan_1RwvlD1CB6KrH,https://whop.com/checkout/plan_1RwvlD1CB6KrH,true
prod_nyx_0379,prod_wCuaW0bFmXbre,plan_Y2XDZiFOeqtsH,https://whop.com/checkout/plan_Y2XDZiFOeqtsH,true
prod_nyx_0380,prod_Am2ivrWCjVLPA,plan_V9AWwXA1VdTLZ,https://whop.com/checkout/plan_V9AWwXA1VdTLZ,true
prod_nyx_0381,prod_7vzwyiN0WeIrL,plan_CA880x8R8zhko,https://whop.com/checkout/plan_CA880x8R8zhko,true
prod_nyx_0382,prod_j4zobBKrIBQ20,plan_y4ng4ZBCXvLOw,https://whop.com/checkout/plan_y4ng4ZBCXvLOw,true
prod_nyx_0383,prod_2LWZggplqvEej,plan_7Ed3VVGguFNQe,https://whop.com/checkout/plan_7Ed3VVGguFNQe,true
prod_nyx_0384,prod_jBXar09Nwv0bF,plan_SR86oFsWyceO2,https://whop.com/checkout/plan_SR86oFsWyceO2,true
prod_nyx_0385,prod_96E6an5BWSL9d,plan_XMH04EzvkJwmi,https://whop.com/checkout/plan_XMH04EzvkJwmi,true
prod_nyx_0386,prod_Zkf9x7vytnCbf,plan_5kq0XSl8LzZR5,https://whop.com/checkout/plan_5kq0XSl8LzZR5,true
prod_nyx_0387,prod_eiIMl1FVLker8,plan_uTGC2F2rWRtZy,https://whop.com/checkout/plan_uTGC2F2rWRtZy,true
prod_nyx_0388,prod_zKkfcOO88vLId,plan_EyJcM64LjtP1D,https://whop.com/checkout/plan_EyJcM64LjtP1D,true
prod_nyx_0389,prod_X1zY8i8lj1dpP,plan_wcnR8xHHGA7n9,https://whop.com/checkout/plan_wcnR8xHHGA7n9,true
prod_nyx_0390,prod_JDlhXKlb5rikP,plan_LSdhMKBHhTkV8,https://whop.com/checkout/plan_LSdhMKBHhTkV8,true
prod_nyx_0391,prod_1dPD32EGtMkxT,plan_vbApinyTLMTP1,https://whop.com/checkout/plan_vbApinyTLMTP1,true
prod_nyx_0392,prod_rMhW58sk2zM1N,plan_obhDNkLZzTf5V,https://whop.com/checkout/plan_obhDNkLZzTf5V,true
prod_nyx_0393,prod_0GkghsJwcCp3i,plan_LtSGlSnl5wb7D,https://whop.com/checkout/plan_LtSGlSnl5wb7D,true
prod_nyx_0394,prod_iPN1W7Fs5fzVn,plan_7XljHUfbMU8Vh,https://whop.com/checkout/plan_7XljHUfbMU8Vh,true
prod_nyx_0395,prod_qk8JoHMlhFw59,plan_C8GYCuqZadePS,https://whop.com/checkout/plan_C8GYCuqZadePS,true
prod_nyx_0396,prod_OW8A4S5ZkKaWc,plan_qAbweeK0ixjRo,https://whop.com/checkout/plan_qAbweeK0ixjRo,true
prod_nyx_0397,prod_nGLKMs1m0Ody3,plan_BiAyZPMkTRkzF,https://whop.com/checkout/plan_BiAyZPMkTRkzF,true
prod_nyx_0398,prod_mUHTLJ8AOiRmn,plan_u31wlgqqaYGaD,https://whop.com/checkout/plan_u31wlgqqaYGaD,true
prod_nyx_0399,prod_0QInV83vBjBwY,plan_qBqVaHWGQZeKv,https://whop.com/checkout/plan_qBqVaHWGQZeKv,true
prod_nyx_0400,prod_kzVeu9vS9HiCL,plan_WJMrjllrp4mDI,https://whop.com/checkout/plan_WJMrjllrp4mDI,true
prod_nyx_0401,prod_dChMsvwr1YsL9,plan_JzteTMIcQxvEL,https://whop.com/checkout/plan_JzteTMIcQxvEL,true
prod_nyx_0402,prod_QAXoW2uSlIbfe,plan_egLXAkXgW01vy,https://whop.com/checkout/plan_egLXAkXgW01vy,true
prod_nyx_0403,prod_DpTtE52uDzIaR,plan_aWDAuXMesB5DN,https://whop.com/checkout/plan_aWDAuXMesB5DN,true
prod_nyx_0404,prod_tVWXCF1Y3UUTU,plan_AoR9IAfAwIijl,https://whop.com/checkout/plan_AoR9IAfAwIijl,true
prod_nyx_0405,prod_gNmZLarWPWLAL,plan_AEYgWhvtMGiEf,https://whop.com/checkout/plan_AEYgWhvtMGiEf,true
prod_nyx_0406,prod_LqkxdEvCITrOZ,plan_icWRmMuO3lkWI,https://whop.com/checkout/plan_icWRmMuO3lkWI,true
prod_nyx_0407,prod_P9eWb5ExURayU,plan_xxj8v8jjZI6Jz,https://whop.com/checkout/plan_xxj8v8jjZI6Jz,true
prod_nyx_0408,prod_JWcTGxhI8bOgd,plan_x2Xhxd6F8GX42,https://whop.com/checkout/plan_x2Xhxd6F8GX42,true
prod_nyx_0409,prod_AcVhya2Xdrcsa,plan_1uBekpDLWr9ZP,https://whop.com/checkout/plan_1uBekpDLWr9ZP,true
prod_nyx_0410,prod_JZd7H0IwiqcBE,plan_l3ioVVx7NYh7f,https://whop.com/checkout/plan_l3ioVVx7NYh7f,true
prod_nyx_0411,prod_yGjFHGH1DTaaS,plan_4QBbYyLUv5Qk9,https://whop.com/checkout/plan_4QBbYyLUv5Qk9,true
prod_nyx_0412,prod_NfNmpX2QS1CjU,plan_LHghP1ypb0270,https://whop.com/checkout/plan_LHghP1ypb0270,true
prod_nyx_0413,prod_2XRVeDm5C8M7x,plan_Cztt6jzGPVk7Q,https://whop.com/checkout/plan_Cztt6jzGPVk7Q,true
prod_nyx_0414,prod_QwGInwAk36AfA,plan_bHXQJWIRlMXqZ,https://whop.com/checkout/plan_bHXQJWIRlMXqZ,true
prod_nyx_0415,prod_UYgsMpCghmuZA,plan_RM6QI3OCbt2Mc,https://whop.com/checkout/plan_RM6QI3OCbt2Mc,true
prod_nyx_0416,prod_49s8jPyZuL4tQ,plan_wqLJAlm7mdrGE,https://whop.com/checkout/plan_wqLJAlm7mdrGE,true
prod_nyx_0417,prod_4j3oKGCtEqdef,plan_LqkUaVk9zx8Qz,https://whop.com/checkout/plan_LqkUaVk9zx8Qz,true
prod_nyx_0418,prod_Lm2yXZLypmgYN,plan_7l4BUeiDWxsYF,https://whop.com/checkout/plan_7l4BUeiDWxsYF,true
prod_nyx_0419,prod_71JRcaYwphTGD,plan_p18Pm53UzCBuQ,https://whop.com/checkout/plan_p18Pm53UzCBuQ,true
prod_nyx_0420,prod_muhHnyqzDuYpG,plan_ka9yXj5nXinDh,https://whop.com/checkout/plan_ka9yXj5nXinDh,true
prod_nyx_0421,prod_FZBSaYaCeaoSq,plan_PTJitQMdyqdrX,https://whop.com/checkout/plan_PTJitQMdyqdrX,true
prod_nyx_0422,prod_aI64tOAL2uO9B,plan_BX1knNj61PEZt,https://whop.com/checkout/plan_BX1knNj61PEZt,true
prod_nyx_0423,prod_kv3eP5h8HcboS,plan_ZURkIcHnWdCK3,https://whop.com/checkout/plan_ZURkIcHnWdCK3,true
prod_nyx_0424,prod_KlZallxpEYdSF,plan_Y0h9cwhVEa0Yi,https://whop.com/checkout/plan_Y0h9cwhVEa0Yi,true
prod_nyx_0425,prod_hVG8YUcwHPhzI,plan_2dCtRvonWlOxP,https://whop.com/checkout/plan_2dCtRvonWlOxP,true
prod_nyx_0426,prod_s137SnvkyLWjz,plan_SuccjfTnUOycW,https://whop.com/checkout/plan_SuccjfTnUOycW,true
prod_nyx_0427,prod_ULjK4YBVsKiza,plan_AdUUWgabyOiGo,https://whop.com/checkout/plan_AdUUWgabyOiGo,true
prod_nyx_0428,prod_LotXktoRVuiyq,plan_6pCITpsotnBRN,https://whop.com/checkout/plan_6pCITpsotnBRN,true
prod_nyx_0429,prod_LpLoekQH80LQ9,plan_EEIIavJIGLk3v,https://whop.com/checkout/plan_EEIIavJIGLk3v,true
prod_nyx_0430,prod_gopyopkGpf78e,plan_Oo5qtKnhKjqTT,https://whop.com/checkout/plan_Oo5qtKnhKjqTT,true
prod_nyx_0431,prod_Fb6vZSVL9tZVO,plan_hPClRNt8XPH8p,https://whop.com/checkout/plan_hPClRNt8XPH8p,true
prod_nyx_0432,prod_yq14ucLI7Sw8c,plan_9NZoGT0D9T4IN,https://whop.com/checkout/plan_9NZoGT0D9T4IN,true
prod_nyx_0433,prod_ggDiGntbtDVi6,plan_ht1LGE19n3e8H,https://whop.com/checkout/plan_ht1LGE19n3e8H,true
prod_nyx_0434,prod_G60MGDb1XRe2e,plan_OhJL4oMAqKWkq,https://whop.com/checkout/plan_OhJL4oMAqKWkq,true
prod_nyx_0435,prod_Cnq94bj9x36ml,plan_CpQIZ6rGGmCpX,https://whop.com/checkout/plan_CpQIZ6rGGmCpX,true
prod_nyx_0436,prod_ijTTzgB1ze4ZI,plan_LBl6zvOo9IoAR,https://whop.com/checkout/plan_LBl6zvOo9IoAR,true
prod_nyx_0437,prod_EETe7aQgKHrdB,plan_v27W9opBZhhta,https://whop.com/checkout/plan_v27W9opBZhhta,true
prod_nyx_0438,prod_AvyrmnBpZgqNx,plan_s00RC0ofm80LM,https://whop.com/checkout/plan_s00RC0ofm80LM,true
prod_nyx_0439,prod_C2GgkIx7NspJr,plan_WF8rs0gAPvC2U,https://whop.com/checkout/plan_WF8rs0gAPvC2U,false
prod_nyx_0440,prod_ojQ6UgwctA5x3,plan_SIjd56dghmS07,https://whop.com/checkout/plan_SIjd56dghmS07,true
prod_nyx_0441,prod_O5er35qsl9R5E,plan_MaILbcHW8SSXq,https://whop.com/checkout/plan_MaILbcHW8SSXq,true
prod_nyx_0442,prod_R6yGZrAnNqfZH,plan_WB2WzxI6cLLWI,https://whop.com/checkout/plan_WB2WzxI6cLLWI,true
prod_nyx_0443,prod_3PzoIoL4GRA4E,plan_Aj7PDDqIAYyk9,https://whop.com/checkout/plan_Aj7PDDqIAYyk9,true
prod_nyx_0444,prod_ep95QwXLsrZNU,plan_oz87ctgZNnpGY,https://whop.com/checkout/plan_oz87ctgZNnpGY,false
prod_nyx_0445,prod_puT8Od4KJtr25,plan_XWj4sKdIeAAQn,https://whop.com/checkout/plan_XWj4sKdIeAAQn,true
prod_nyx_0446,prod_6YFbaRpKyJPTv,plan_4hnQ9nMG0Afk5,https://whop.com/checkout/plan_4hnQ9nMG0Afk5,true
prod_nyx_0447,prod_sYn7lmcAN1b9A,plan_V69M5VTpcEv1Q,https://whop.com/checkout/plan_V69M5VTpcEv1Q,true
prod_nyx_0448,prod_24urOL2Cd4IKQ,plan_67tTa16u8VrpJ,https://whop.com/checkout/plan_67tTa16u8VrpJ,true
prod_nyx_0449,prod_a2Wo449dCQrTc,plan_NfWCLtwFDvTf2,https://whop.com/checkout/plan_NfWCLtwFDvTf2,true
prod_nyx_0450,prod_Zs5TUHZCvBKhH,plan_H5kWtWmvdlhnq,https://whop.com/checkout/plan_H5kWtWmvdlhnq,true
prod_nyx_0451,prod_W9t52vRND6OR2,plan_gNQysmXwFErvY,https://whop.com/checkout/plan_gNQysmXwFErvY,true
prod_nyx_0452,prod_KC5SuIqSKiZtb,plan_AwsXvYWiz2J78,https://whop.com/checkout/plan_AwsXvYWiz2J78,true
prod_nyx_0453,prod_kQq5IO7Fmnm5P,plan_GhpunR8L7ictK,https://whop.com/checkout/plan_GhpunR8L7ictK,true
prod_nyx_0454,prod_WBLKXrKhFFw4I,plan_pf9Vye0SPRBul,https://whop.com/checkout/plan_pf9Vye0SPRBul,true
prod_nyx_0455,prod_d95192UUCteFL,plan_U9grK4sD04uiA,https://whop.com/checkout/plan_U9grK4sD04uiA,true
prod_nyx_0456,prod_htAn2dGtPE5k7,plan_o71nQgmF8wD9P,https://whop.com/checkout/plan_o71nQgmF8wD9P,true
prod_nyx_0457,prod_HIEFZ0IwZsiB4,plan_DITnZVgQ6mIGY,https://whop.com/checkout/plan_DITnZVgQ6mIGY,true
prod_nyx_0458,prod_N87sUyDaKdhJa,plan_KUmSjicNQv3xg,https://whop.com/checkout/plan_KUmSjicNQv3xg,true
prod_nyx_0459,prod_1ZevGpXcTeUy6,plan_zYVRKE8tlcnG4,https://whop.com/checkout/plan_zYVRKE8tlcnG4,true
prod_nyx_0460,prod_R6klxTpHpSDt6,plan_KoWUZlsTz6Fkt,https://whop.com/checkout/plan_KoWUZlsTz6Fkt,true
prod_nyx_0461,prod_KRhOUw9XdR9YE,plan_GA2QCSXC7vpKf,https://whop.com/checkout/plan_GA2QCSXC7vpKf,true
prod_nyx_0462,prod_qOKDqZGgdzmCn,plan_hC9Xf5YpDBq7N,https://whop.com/checkout/plan_hC9Xf5YpDBq7N,true
prod_nyx_0463,prod_q1MPyzo2pHvpu,plan_0b8j9Lgxv3FSc,https://whop.com/checkout/plan_0b8j9Lgxv3FSc,true
prod_nyx_0464,prod_6SkVkW5iRPJgj,plan_XtqBXKQL0a6aa,https://whop.com/checkout/plan_XtqBXKQL0a6aa,true
prod_nyx_0465,prod_tvz3nuxBlgmHf,plan_ogYx1uzibDOlT,https://whop.com/checkout/plan_ogYx1uzibDOlT,true
prod_nyx_0466,prod_B5wNcrZPgmJLQ,plan_HSeAv23LI6KnA,https://whop.com/checkout/plan_HSeAv23LI6KnA,true
prod_nyx_0467,prod_4tuj4zKHLoBvO,plan_cOgXB4qasvHzm,https://whop.com/checkout/plan_cOgXB4qasvHzm,true
prod_nyx_0468,prod_F3SPuqKNsvkaH,plan_7ieHhw5YGMSbK,https://whop.com/checkout/plan_7ieHhw5YGMSbK,true
prod_nyx_0469,prod_Z52vdAQWiOqS5,plan_jCzsS4RRXJ7HS,https://whop.com/checkout/plan_jCzsS4RRXJ7HS,true
prod_nyx_0470,prod_FQwlbtvdeYM3l,plan_ifl694NMkSgyk,https://whop.com/checkout/plan_ifl694NMkSgyk,true
prod_nyx_0471,prod_qAHGf8IKGP634,plan_bFlhJOWS7Q9bH,https://whop.com/checkout/plan_bFlhJOWS7Q9bH,true
prod_nyx_0472,prod_IH4Zu6lpWyClw,plan_Z3qEmfNWIKTsd,https://whop.com/checkout/plan_Z3qEmfNWIKTsd,true
prod_nyx_0473,prod_WToxNxehfjEWk,plan_0ePT6VGXTa4Gm,https://whop.com/checkout/plan_0ePT6VGXTa4Gm,true
prod_nyx_0474,prod_TDFprkci9C2ip,plan_5RUGVf6sIQf2P,https://whop.com/checkout/plan_5RUGVf6sIQf2P,true
prod_nyx_0475,prod_XYHPyCBlgkFjo,plan_qkSUoBU77lCKa,https://whop.com/checkout/plan_qkSUoBU77lCKa,true
prod_nyx_0476,prod_hp3ckhPpgDUwp,plan_UUVTCVqkukcU8,https://whop.com/checkout/plan_UUVTCVqkukcU8,true
prod_nyx_0477,prod_TEbe27YvhK2YY,plan_P9pS1vJFR0oGH,https://whop.com/checkout/plan_P9pS1vJFR0oGH,true
prod_nyx_0478,prod_Yyc5kZ8satVsA,plan_h3IQ7YbVD7ti8,https://whop.com/checkout/plan_h3IQ7YbVD7ti8,true
prod_nyx_0479,prod_mWyRGPYmQbUxs,plan_jJcDckFg0CUsT,https://whop.com/checkout/plan_jJcDckFg0CUsT,true
prod_nyx_0480,prod_8I7RPOcyJQv1M,plan_bEBkD9xfpbz6T,https://whop.com/checkout/plan_bEBkD9xfpbz6T,true
prod_nyx_0481,prod_XVxqcoAdWZ8ao,plan_vt17x7AxXmpmL,https://whop.com/checkout/plan_vt17x7AxXmpmL,true
prod_nyx_0482,prod_G9vj4G8WozE24,plan_Qqu0fTtdHLunY,https://whop.com/checkout/plan_Qqu0fTtdHLunY,true
prod_nyx_0483,prod_HUpeO10z4sgyJ,plan_73Dlvbbgcz9ZN,https://whop.com/checkout/plan_73Dlvbbgcz9ZN,true
prod_nyx_0484,prod_3bUxshsYi1Rks,plan_4Bi6iEGcTOv1f,https://whop.com/checkout/plan_4Bi6iEGcTOv1f,true
prod_nyx_0485,prod_yvPfapRYKOUxq,plan_9E4NsXXvPUfwq,https://whop.com/checkout/plan_9E4NsXXvPUfwq,true
prod_nyx_0486,prod_CB1dPhPWh9bkY,plan_RADtGP7D1xbD5,https://whop.com/checkout/plan_RADtGP7D1xbD5,true
prod_nyx_0487,prod_rF8fnii8PlI8R,plan_dWvjAngwjNWW2,https://whop.com/checkout/plan_dWvjAngwjNWW2,true
prod_nyx_0488,prod_rUDXeb8md5wjk,plan_Zr1DqeiYCG6Bt,https://whop.com/checkout/plan_Zr1DqeiYCG6Bt,true
prod_nyx_0489,prod_YifAMTWbkS8yD,plan_dFlJ7PzGxVm9M,https://whop.com/checkout/plan_dFlJ7PzGxVm9M,true
prod_nyx_0490,prod_qeyhK56fnt985,plan_3MO8qJQxNme8r,https://whop.com/checkout/plan_3MO8qJQxNme8r,true
prod_nyx_0491,prod_hPUQlR8eosBvt,plan_kO7ktRh05JV1B,https://whop.com/checkout/plan_kO7ktRh05JV1B,true
prod_nyx_0492,prod_Zq2yQYjstheFW,plan_P7gSvy0IU9Whj,https://whop.com/checkout/plan_P7gSvy0IU9Whj,true
prod_nyx_0493,prod_sbzT9dJaQzZCZ,plan_smTmidfoDBVcQ,https://whop.com/checkout/plan_smTmidfoDBVcQ,true
prod_nyx_0494,prod_U5niYyeJ6GDxX,plan_cxypiYTzW6pzx,https://whop.com/checkout/plan_cxypiYTzW6pzx,true
prod_nyx_0495,prod_ytsGPxBAego5r,plan_GTLAGgFxg0PDz,https://whop.com/checkout/plan_GTLAGgFxg0PDz,true
prod_nyx_0496,prod_90BQUaf5lDEef,plan_9kcCTuq9Mbe3l,https://whop.com/checkout/plan_9kcCTuq9Mbe3l,true
prod_nyx_0497,prod_eWWjwtZd2NaiG,plan_AyiSEKgjiKvUs,https://whop.com/checkout/plan_AyiSEKgjiKvUs,true
prod_nyx_0498,prod_Ca9DI0pNuXQuS,plan_TlYq0fvuBSZwR,https://whop.com/checkout/plan_TlYq0fvuBSZwR,true
prod_nyx_0499,prod_ozh1aM5yzLQiI,plan_0dfWYoia4Lwif,https://whop.com/checkout/plan_0dfWYoia4Lwif,true
prod_nyx_0500,prod_mKSPgOdWbWOyt,plan_I3uqQl2Dt8uHy,https://whop.com/checkout/plan_I3uqQl2Dt8uHy,true
prod_nyx_0501,prod_y9Q7zBPypY2UA,plan_2md9FupfXIj1f,https://whop.com/checkout/plan_2md9FupfXIj1f,true
prod_nyx_0502,prod_7PRQyHv1hShQS,plan_o1d5DVb1ifWOE,https://whop.com/checkout/plan_o1d5DVb1ifWOE,true
prod_nyx_0503,prod_k0i2NbWIVgzBc,plan_Sgg0GUvS3eNIY,https://whop.com/checkout/plan_Sgg0GUvS3eNIY,true
prod_nyx_0504,prod_7cpVdKBKKbXMt,plan_rtpdQ2UTlZevT,https://whop.com/checkout/plan_rtpdQ2UTlZevT,true
prod_nyx_0505,prod_hCORG4iF3lIe7,plan_OduJ39l2U6V3j,https://whop.com/checkout/plan_OduJ39l2U6V3j,true
prod_nyx_0506,prod_fPCMP2WN4Wolg,plan_ZR4pn6t6stsKc,https://whop.com/checkout/plan_ZR4pn6t6stsKc,true
prod_nyx_0507,prod_oAfJEkrJHqyGx,plan_AH5wOFVjgXzcc,https://whop.com/checkout/plan_AH5wOFVjgXzcc,true
prod_nyx_0508,prod_YKnHzHNYQxOXF,plan_8gQU0whtg3uhQ,https://whop.com/checkout/plan_8gQU0whtg3uhQ,true
prod_nyx_0509,prod_Y6zpNP4r1HSdb,plan_sdPUl1RufVQ5U,https://whop.com/checkout/plan_sdPUl1RufVQ5U,true
prod_nyx_0510,prod_ACcBl4g4lKTIz,plan_7kbvaoiQgoFZF,https://whop.com/checkout/plan_7kbvaoiQgoFZF,true
prod_nyx_0511,prod_NQcXkagPOscBK,plan_cFGtpOhjiN5uZ,https://whop.com/checkout/plan_cFGtpOhjiN5uZ,true
prod_nyx_0512,prod_SN5o5dc89bkIZ,plan_CeL6eD8GXW0Dg,https://whop.com/checkout/plan_CeL6eD8GXW0Dg,true
prod_nyx_0513,prod_fAzuisFl1zu8v,plan_7RNMfSXkmimRE,https://whop.com/checkout/plan_7RNMfSXkmimRE,true
prod_nyx_0514,prod_Qguyo8AFEl6UO,plan_JRl8RUoH5JNnM,https://whop.com/checkout/plan_JRl8RUoH5JNnM,true
prod_nyx_0515,prod_vEU1TblIQF8CU,plan_x96sCel0QUeoM,https://whop.com/checkout/plan_x96sCel0QUeoM,true
prod_nyx_0516,prod_M80tLj978rvsz,plan_WjgCSOWUjpyhy,https://whop.com/checkout/plan_WjgCSOWUjpyhy,true
prod_nyx_0517,prod_eCuqBLierBHQJ,plan_LpuZjj8123owW,https://whop.com/checkout/plan_LpuZjj8123owW,true
prod_nyx_0518,prod_kuUdVGZJci3ve,plan_jgIMhNNTxPKGf,https://whop.com/checkout/plan_jgIMhNNTxPKGf,true
prod_nyx_0519,prod_WKsUdQzJO62NM,plan_wF1dJlagfFa2y,https://whop.com/checkout/plan_wF1dJlagfFa2y,true
prod_nyx_0520,prod_jmJrcFIF0Pz1y,plan_Fp3IWWVh6S2nE,https://whop.com/checkout/plan_Fp3IWWVh6S2nE,true
prod_nyx_0521,prod_QFdLxe4oEDC1z,plan_mFeG84OZJGIhY,https://whop.com/checkout/plan_mFeG84OZJGIhY,true
prod_nyx_0522,prod_jPgCehcM5tUkM,plan_v9iYO9HTSACge,https://whop.com/checkout/plan_v9iYO9HTSACge,true
prod_nyx_0523,prod_d6S7WX56OW5oh,plan_8qafb6NfYaEeu,https://whop.com/checkout/plan_8qafb6NfYaEeu,true
prod_nyx_0524,prod_j63M4IQfotctv,plan_pRpM6iAYQMsLj,https://whop.com/checkout/plan_pRpM6iAYQMsLj,true
prod_nyx_0525,prod_ogTKU3bKmHzwb,plan_fOcp7smnit6ZQ,https://whop.com/checkout/plan_fOcp7smnit6ZQ,true
prod_nyx_0526,prod_FVURByGdJ2UUF,plan_vURO9RQDMNiiE,https://whop.com/checkout/plan_vURO9RQDMNiiE,true
prod_nyx_0527,prod_LiqIP0yC7dlBM,plan_hH0RCP0m0J3h4,https://whop.com/checkout/plan_hH0RCP0m0J3h4,true
prod_nyx_0528,prod_5YrtM7HLWDrCm,plan_f7vSzXGd3Y9x6,https://whop.com/checkout/plan_f7vSzXGd3Y9x6,true
prod_nyx_0529,prod_AaHZvCOiDTiEG,plan_QbGLwLD9hBP31,https://whop.com/checkout/plan_QbGLwLD9hBP31,true
prod_nyx_0530,prod_7NT8PJGGE4c5Q,plan_H5dhklvFqyVhA,https://whop.com/checkout/plan_H5dhklvFqyVhA,true
prod_nyx_0531,prod_DNfnweiszDMnD,plan_KlvzztpUWVvjV,https://whop.com/checkout/plan_KlvzztpUWVvjV,true
prod_nyx_0532,prod_jPbHF0j7EdOe4,plan_7wKhcbsfNlEpR,https://whop.com/checkout/plan_7wKhcbsfNlEpR,true
prod_nyx_0533,prod_w7Up2JBGmyZ24,plan_luWyc3nsUAJSH,https://whop.com/checkout/plan_luWyc3nsUAJSH,true
prod_nyx_0534,prod_TuoFMrVOAY6BS,plan_xYUM50nVDyjeY,https://whop.com/checkout/plan_xYUM50nVDyjeY,true
prod_nyx_0535,prod_gsEjQFSrjfLno,plan_X4CHyDYqrM1kE,https://whop.com/checkout/plan_X4CHyDYqrM1kE,true
prod_nyx_0536,prod_gf0ZfOQ6mFH2W,plan_KCz4NyXCsjW8t,https://whop.com/checkout/plan_KCz4NyXCsjW8t,true
prod_nyx_0537,prod_Viqe6d2SC2xWG,plan_JYmf3rTlWxIV0,https://whop.com/checkout/plan_JYmf3rTlWxIV0,true
prod_nyx_0538,prod_nB0qQNieYvLmH,plan_Boc3mKbuGAPCo,https://whop.com/checkout/plan_Boc3mKbuGAPCo,true
prod_nyx_0539,prod_Zp0CgBw6DFsRw,plan_8bQ1MhZUiFVKD,https://whop.com/checkout/plan_8bQ1MhZUiFVKD,true
prod_nyx_0540,prod_kRajAMe7DCgYi,plan_nis4P9OCrWGhg,https://whop.com/checkout/plan_nis4P9OCrWGhg,true
prod_nyx_0541,prod_FWT6K35xsNL0Z,plan_1skF3l4U3ddyz,https://whop.com/checkout/plan_1skF3l4U3ddyz,true
prod_nyx_0542,prod_KX53Nk5HBhGgN,plan_Oai5YcuHSwv5Y,https://whop.com/checkout/plan_Oai5YcuHSwv5Y,true
prod_nyx_0543,prod_R8dnYz7iHUARO,plan_l7EIVbakJVCIx,https://whop.com/checkout/plan_l7EIVbakJVCIx,true
prod_nyx_0544,prod_tpKMLo1adnxL3,plan_H8uQVkBfwxuTv,https://whop.com/checkout/plan_H8uQVkBfwxuTv,true
prod_nyx_0545,prod_9yiggQUKuhW9X,plan_nIUNip2zz2AAU,https://whop.com/checkout/plan_nIUNip2zz2AAU,true
prod_nyx_0546,prod_kCM3azvMEGDps,plan_sjSG8MFN3l5Sx,https://whop.com/checkout/plan_sjSG8MFN3l5Sx,true
prod_nyx_0547,prod_j4oW6zqZ4Kdls,plan_vyIEUVOJvkVyt,https://whop.com/checkout/plan_vyIEUVOJvkVyt,true
prod_nyx_0548,prod_ciUcTfVhRzxbG,plan_OSTJDzjFR7bAf,https://whop.com/checkout/plan_OSTJDzjFR7bAf,true
prod_nyx_0549,prod_4zZQQXmujVTDW,plan_mEqMCPys2cOYr,https://whop.com/checkout/plan_mEqMCPys2cOYr,true
prod_nyx_0550,prod_t8Cr8qz1FJ6rD,plan_GRGoY4Ody1RFA,https://whop.com/checkout/plan_GRGoY4Ody1RFA,true
prod_nyx_0551,prod_L4VXiVENZl0to,plan_IF1Drxjh9hfR2,https://whop.com/checkout/plan_IF1Drxjh9hfR2,true
prod_nyx_0552,prod_MGgPMKamWC2Kc,plan_x8lqWuCa9DoES,https://whop.com/checkout/plan_x8lqWuCa9DoES,true
prod_nyx_0553,prod_RlQ4LRgqMdXWK,plan_j0xIQWaVeXDjG,https://whop.com/checkout/plan_j0xIQWaVeXDjG,true
prod_nyx_0554,prod_iU3AVFnpvZSRK,plan_QipQlkGNYZdpR,https://whop.com/checkout/plan_QipQlkGNYZdpR,true
prod_nyx_0555,prod_BfwOyAFQSyxwv,plan_tFHefP0dr9JrY,https://whop.com/checkout/plan_tFHefP0dr9JrY,true
prod_nyx_0556,prod_DIscig3z3U8yB,plan_2TD7zLkw4uQeA,https://whop.com/checkout/plan_2TD7zLkw4uQeA,true
prod_nyx_0557,prod_zz5yD3gYRwfMQ,plan_vbhfr2ceN5otJ,https://whop.com/checkout/plan_vbhfr2ceN5otJ,true
prod_nyx_0558,prod_d7GcLoJPcd3o5,plan_TQb0krdR0bAV7,https://whop.com/checkout/plan_TQb0krdR0bAV7,true
prod_nyx_0559,prod_PAX9J7rdHo3i6,plan_bcett0PqHML2t,https://whop.com/checkout/plan_bcett0PqHML2t,true
prod_nyx_0560,prod_0MW58NdBYVcls,plan_EJk9FdTSnkTKj,https://whop.com/checkout/plan_EJk9FdTSnkTKj,true
prod_nyx_0561,prod_dF3O9hPJtkotx,plan_dJe2PKYMK4982,https://whop.com/checkout/plan_dJe2PKYMK4982,true
prod_nyx_0562,prod_ns8vZNeCuBC8p,plan_FwNB8t3om56ME,https://whop.com/checkout/plan_FwNB8t3om56ME,true
prod_nyx_0563,prod_hIBjVGrKMI3CG,plan_QFexz01EI27Hf,https://whop.com/checkout/plan_QFexz01EI27Hf,true
prod_nyx_0564,prod_7OiSjcH9HJ8cY,plan_joIsmolGNSFpN,https://whop.com/checkout/plan_joIsmolGNSFpN,true
prod_nyx_0565,prod_52J2zJumcnBKv,plan_keMtteovQLjQj,https://whop.com/checkout/plan_keMtteovQLjQj,true
prod_nyx_0566,prod_i6CWWRWTbItHJ,plan_bvCvQkLuPh2q9,https://whop.com/checkout/plan_bvCvQkLuPh2q9,true
prod_nyx_0567,prod_OSJuV6I2yTUwT,plan_ybuNzD3lP8jyT,https://whop.com/checkout/plan_ybuNzD3lP8jyT,true
prod_nyx_0568,prod_I0PLTZiA9X8Q1,plan_EKQWYxaCkZj5z,https://whop.com/checkout/plan_EKQWYxaCkZj5z,true
prod_nyx_0569,prod_p4AJNP3sbXWju,plan_MCrqqdlylFW3b,https://whop.com/checkout/plan_MCrqqdlylFW3b,true
prod_nyx_0570,prod_2cgkwdIVT6XJs,plan_tGGQgnsbWvcCj,https://whop.com/checkout/plan_tGGQgnsbWvcCj,true
prod_nyx_0571,prod_hApRnsbDnltfn,plan_PkefwG3K8elIa,https://whop.com/checkout/plan_PkefwG3K8elIa,true
prod_nyx_0572,prod_FTN0qlzFWfpB1,plan_q2zvttu2L8LkJ,https://whop.com/checkout/plan_q2zvttu2L8LkJ,true
prod_nyx_0573,prod_tCojNkq7Niu2D,plan_Fd4MJXWGPm6yU,https://whop.com/checkout/plan_Fd4MJXWGPm6yU,true
prod_nyx_0574,prod_Mx2MrzOGpMfVf,plan_Gpr706ij2NaBO,https://whop.com/checkout/plan_Gpr706ij2NaBO,true
prod_nyx_0575,prod_5gUdS49abzqCY,plan_QAl6aciKj0wWQ,https://whop.com/checkout/plan_QAl6aciKj0wWQ,true
prod_nyx_0576,prod_0icmKaSjumnJr,plan_O51ZczwjXlfKI,https://whop.com/checkout/plan_O51ZczwjXlfKI,true
prod_nyx_0577,prod_JZwvgtbD2Mm6Y,plan_4vi426CQPnT2t,https://whop.com/checkout/plan_4vi426CQPnT2t,true
prod_nyx_0578,prod_e81dpl1pZSGdx,plan_TH01GZbcTrE3D,https://whop.com/checkout/plan_TH01GZbcTrE3D,true
prod_nyx_0579,prod_wRaQST8f5y1Ex,plan_dpQfX1kWuLZHY,https://whop.com/checkout/plan_dpQfX1kWuLZHY,true
prod_nyx_0580,prod_gA5qlmlUUkUF8,plan_sedYw6unb84Np,https://whop.com/checkout/plan_sedYw6unb84Np,true
prod_nyx_0581,prod_vtF8F7j9TxopA,plan_CwRDTYUgzJ2kw,https://whop.com/checkout/plan_CwRDTYUgzJ2kw,true
prod_nyx_0582,prod_B8UDTwAU4uq3G,plan_HEXulK2jYkDfz,https://whop.com/checkout/plan_HEXulK2jYkDfz,true
prod_nyx_0583,prod_LcIKgtziMCrfd,plan_MSgV7s6Cm0HyP,https://whop.com/checkout/plan_MSgV7s6Cm0HyP,true
prod_nyx_0584,prod_EjOH0IuetjZUg,plan_4xmIeW8Gyr6Os,https://whop.com/checkout/plan_4xmIeW8Gyr6Os,true
prod_nyx_0585,prod_By2MXeWfXhr3H,plan_w66UGA2ubtb87,https://whop.com/checkout/plan_w66UGA2ubtb87,true
prod_nyx_0586,prod_bbCES1EsRbxES,plan_YNEeAGtjUBYxW,https://whop.com/checkout/plan_YNEeAGtjUBYxW,true
prod_nyx_0587,prod_nXe1nKrZNa0Kw,plan_cORIuVdvjuJqv,https://whop.com/checkout/plan_cORIuVdvjuJqv,true
prod_nyx_0588,prod_q574C36eboBkC,plan_lXwAIh18wCJxp,https://whop.com/checkout/plan_lXwAIh18wCJxp,true
prod_nyx_0589,prod_YMpb6Ufahzr75,plan_kHfJb5Ki8kFbR,https://whop.com/checkout/plan_kHfJb5Ki8kFbR,true
prod_nyx_0590,prod_y0GyOuEtnmHZU,plan_hyEwJbP42Iilf,https://whop.com/checkout/plan_hyEwJbP42Iilf,true
prod_nyx_0591,prod_78Qe0kYRYxbpA,plan_QUOhFRTFpzOaa,https://whop.com/checkout/plan_QUOhFRTFpzOaa,true
prod_nyx_0592,prod_ju6MHZ4F7YU1u,plan_FMDbUBHEX1IT8,https://whop.com/checkout/plan_FMDbUBHEX1IT8,true
prod_nyx_0593,prod_FVgedxhIv6fS8,plan_QXMAt8Rr9AuaD,https://whop.com/checkout/plan_QXMAt8Rr9AuaD,true
prod_nyx_0594,prod_7106RUEWTIPVJ,plan_izmEOZUnjQFNj,https://whop.com/checkout/plan_izmEOZUnjQFNj,true
prod_nyx_0595,prod_QE2HMGBAv4mmt,plan_8UGyPNyQe1019,https://whop.com/checkout/plan_8UGyPNyQe1019,true
prod_nyx_0596,prod_CONuf91yv4mF1,plan_V8bqWGdFY1Ewh,https://whop.com/checkout/plan_V8bqWGdFY1Ewh,true
prod_nyx_0597,prod_xpWbQTxPErXp7,plan_L7yGKRuitaWVv,https://whop.com/checkout/plan_L7yGKRuitaWVv,true
prod_nyx_0598,prod_4qzMXSp2v9auf,plan_fqma0geJzRq2w,https://whop.com/checkout/plan_fqma0geJzRq2w,true
prod_nyx_0599,prod_ptzjqO7K6dlqR,plan_AisVt4SAbW962,https://whop.com/checkout/plan_AisVt4SAbW962,true
prod_nyx_0600,prod_GfDgBJYafFbXr,plan_8Lt9cfZFx9knV,https://whop.com/checkout/plan_8Lt9cfZFx9knV,true
prod_nyx_0601,prod_nGnrplgIgUOjU,plan_fWbyja1yWBChH,https://whop.com/checkout/plan_fWbyja1yWBChH,true
prod_nyx_0602,prod_GtZLCAEgY4jZo,plan_oPI7e4NtkeL39,https://whop.com/checkout/plan_oPI7e4NtkeL39,true
prod_nyx_0603,prod_dZiiUy8hwOkRg,plan_Od6T7YfT0bsyU,https://whop.com/checkout/plan_Od6T7YfT0bsyU,true
prod_nyx_0604,prod_nEukWge2z6po4,plan_amXONYBUum4py,https://whop.com/checkout/plan_amXONYBUum4py,true
prod_nyx_0605,prod_Jn8T3t89Pt4sA,plan_szOmHbRpT3zDG,https://whop.com/checkout/plan_szOmHbRpT3zDG,true
prod_nyx_0606,prod_Zm8YJvs2ovIy4,plan_3UlJBISgo8u5s,https://whop.com/checkout/plan_3UlJBISgo8u5s,true
prod_nyx_0607,prod_vmtQWgzKE1QgR,plan_MfKvENdzvCqpO,https://whop.com/checkout/plan_MfKvENdzvCqpO,true
prod_nyx_0608,prod_y8s2rH7oPgWFn,plan_TYsVFuuZnb6A2,https://whop.com/checkout/plan_TYsVFuuZnb6A2,true
prod_nyx_0609,prod_3kH3DZtNI1xpS,plan_BiW1dpqH0TdRA,https://whop.com/checkout/plan_BiW1dpqH0TdRA,true
prod_nyx_0610,prod_fKYO4job1IwV7,plan_QQBIKgweSoyIi,https://whop.com/checkout/plan_QQBIKgweSoyIi,true
prod_nyx_0611,prod_xAjfKqZVpXGvI,plan_oZU5pEHbG9gaj,https://whop.com/checkout/plan_oZU5pEHbG9gaj,true
prod_nyx_0612,prod_iHRlalmmvbCRi,plan_jgvYxezPhKKyQ,https://whop.com/checkout/plan_jgvYxezPhKKyQ,true
prod_nyx_0613,prod_gN0YqNW3dUsfv,plan_aiB2JqldEV0qf,https://whop.com/checkout/plan_aiB2JqldEV0qf,true
prod_nyx_0614,prod_GUv6SxugNlmWH,plan_3hInL2RYV8F9i,https://whop.com/checkout/plan_3hInL2RYV8F9i,true
prod_nyx_0615,prod_W0xprUwiuf9zj,plan_bViOyzMUnHumu,https://whop.com/checkout/plan_bViOyzMUnHumu,true
prod_nyx_0616,prod_qDDvuCKQu1vsC,plan_zgoClo7jTxDDW,https://whop.com/checkout/plan_zgoClo7jTxDDW,true
prod_nyx_0617,prod_BNKAMfB2AmpvH,plan_zlaDRJ4cWBaBc,https://whop.com/checkout/plan_zlaDRJ4cWBaBc,true
prod_nyx_0618,prod_Wl8aN0wwpzcBw,plan_15Tw2dhD9AVAF,https://whop.com/checkout/plan_15Tw2dhD9AVAF,true
prod_nyx_0619,prod_HHDmmKhmlkMJG,plan_02v4xtnIcxKK5,https://whop.com/checkout/plan_02v4xtnIcxKK5,true
prod_nyx_0620,prod_LiClNukhGbN1V,plan_t6h7cSCMRakSs,https://whop.com/checkout/plan_t6h7cSCMRakSs,true
prod_nyx_0621,prod_q7NNH82gcWBqZ,plan_11Co11YPbhZTM,https://whop.com/checkout/plan_11Co11YPbhZTM,true
prod_nyx_0622,prod_5DiLo0JEmbMgW,plan_vEcViqEZTshJj,https://whop.com/checkout/plan_vEcViqEZTshJj,true
prod_nyx_0623,prod_V3OBsEjUVtK1Y,plan_js4hiNtk4Cvkx,https://whop.com/checkout/plan_js4hiNtk4Cvkx,true
prod_nyx_0624,prod_wWIausJn0lHps,plan_vPegSn5jcGsmZ,https://whop.com/checkout/plan_vPegSn5jcGsmZ,true
prod_nyx_0625,prod_tx56CXU5cZqwB,plan_aeRtOLmjjihDc,https://whop.com/checkout/plan_aeRtOLmjjihDc,true
prod_nyx_0626,prod_rGccb08AgBwPg,plan_VcNHyFOmMB0WG,https://whop.com/checkout/plan_VcNHyFOmMB0WG,true
prod_nyx_0627,prod_XDR0cY1nPcd9n,plan_QrLlROiydXsRE,https://whop.com/checkout/plan_QrLlROiydXsRE,true
prod_nyx_0628,prod_bRnuyNB9Iyrom,plan_kSzC9bCELlPQk,https://whop.com/checkout/plan_kSzC9bCELlPQk,true
prod_nyx_0629,prod_R1inz5zXSq8Vn,plan_y6SqmSEE6hVgR,https://whop.com/checkout/plan_y6SqmSEE6hVgR,true
prod_nyx_0630,prod_H4XUuDJpUaUQC,plan_GnuvNdqVGt1pq,https://whop.com/checkout/plan_GnuvNdqVGt1pq,true
prod_nyx_0631,prod_J4iEkL0bON94J,plan_1yl5S3O7sBPXL,https://whop.com/checkout/plan_1yl5S3O7sBPXL,true
prod_nyx_0632,prod_ve1Cxp7GzeEzp,plan_rH8sEta87XXRY,https://whop.com/checkout/plan_rH8sEta87XXRY,true
prod_nyx_0633,prod_1jGkvNdOeGD8d,plan_4acMUaLoUnZVI,https://whop.com/checkout/plan_4acMUaLoUnZVI,true
prod_nyx_0634,prod_NKgwbjV44YHT0,plan_Oi7O9fDSN0Oe3,https://whop.com/checkout/plan_Oi7O9fDSN0Oe3,true
prod_nyx_0635,prod_zqYsPzZp5QAOF,plan_cFyPmDp7NdtcF,https://whop.com/checkout/plan_cFyPmDp7NdtcF,true
prod_nyx_0636,prod_M6AqFFLFQ80fL,plan_8G6S6bmLfeJSc,https://whop.com/checkout/plan_8G6S6bmLfeJSc,true
prod_nyx_0637,prod_5xG87TyjAOmhG,plan_RtsU1CB1qORWD,https://whop.com/checkout/plan_RtsU1CB1qORWD,true
prod_nyx_0638,prod_RlzcyoBcPR04S,plan_y8Va8EBM2YdtR,https://whop.com/checkout/plan_y8Va8EBM2YdtR,true
prod_nyx_0639,prod_BwVu0n12JSgLz,plan_2B96CXwF8vlAt,https://whop.com/checkout/plan_2B96CXwF8vlAt,true
prod_nyx_0640,prod_GHp6CzjK1or0d,plan_R5QgCBYso8HXh,https://whop.com/checkout/plan_R5QgCBYso8HXh,true
prod_nyx_0641,prod_UVMwLGzjCFPA9,plan_Xi6wHqk41mfBI,https://whop.com/checkout/plan_Xi6wHqk41mfBI,true
prod_nyx_0642,prod_JVCZx4hMzCPCU,plan_7w6Ov0tlVHpOX,https://whop.com/checkout/plan_7w6Ov0tlVHpOX,true
prod_nyx_0643,prod_Il6GZ6XjJplEY,plan_ZTVbi8qZ3HFwO,https://whop.com/checkout/plan_ZTVbi8qZ3HFwO,true
prod_nyx_0644,prod_n8IUH83InaRyv,plan_MxInUPiionS25,https://whop.com/checkout/plan_MxInUPiionS25,true
prod_nyx_0645,prod_WF7TnhwDBCms8,plan_bl4iNqOLswq8X,https://whop.com/checkout/plan_bl4iNqOLswq8X,true
prod_nyx_0646,prod_OQTPTUlR55LGB,plan_FUi81DInBWbdv,https://whop.com/checkout/plan_FUi81DInBWbdv,true
prod_nyx_0647,prod_jhub0XvmBASXW,plan_ygmqpIP4Gidd0,https://whop.com/checkout/plan_ygmqpIP4Gidd0,true
prod_nyx_0648,prod_SGQ9852gpkeaN,plan_J8cJxuXcAW00l,https://whop.com/checkout/plan_J8cJxuXcAW00l,true
prod_nyx_0649,prod_OmVzdQjjcixIB,plan_Ubkm2p2H5RzPC,https://whop.com/checkout/plan_Ubkm2p2H5RzPC,true
prod_nyx_0650,prod_0hyHQUaLHYLMI,plan_JKkvUtEHmrJk6,https://whop.com/checkout/plan_JKkvUtEHmrJk6,true
prod_nyx_0651,prod_bR2Ge5rPd5eo9,plan_4TXPmxm7sA3Xr,https://whop.com/checkout/plan_4TXPmxm7sA3Xr,true
prod_nyx_0652,prod_iXdXa8pL74My0,plan_CZMD4HvOhUGwQ,https://whop.com/checkout/plan_CZMD4HvOhUGwQ,true
prod_nyx_0653,prod_84Rn5kkcNLkbD,plan_pubCjnMrO0cvz,https://whop.com/checkout/plan_pubCjnMrO0cvz,true
prod_nyx_0654,prod_JrTYFNbYtZaYv,plan_tgYNDGzpkBLI7,https://whop.com/checkout/plan_tgYNDGzpkBLI7,true
prod_nyx_0655,prod_82vGS9upHA8Hk,plan_aWUMQxDS3jsX8,https://whop.com/checkout/plan_aWUMQxDS3jsX8,true
prod_nyx_0656,prod_jK6YJLdI6FrSU,plan_mMuCVPQkpivKE,https://whop.com/checkout/plan_mMuCVPQkpivKE,true
prod_nyx_0657,prod_erQwBZp2x9ioV,plan_yiE7yivUFJLNS,https://whop.com/checkout/plan_yiE7yivUFJLNS,true
prod_nyx_0658,prod_lCy36Q7bJAGLy,plan_NYDbMbbyZvOlN,https://whop.com/checkout/plan_NYDbMbbyZvOlN,true
prod_nyx_0659,prod_snkW6lYrQG6el,plan_rhYWlQvWs3vhx,https://whop.com/checkout/plan_rhYWlQvWs3vhx,true
prod_nyx_0660,prod_1xNiCC8RF67cU,plan_m5JjlirPTgf7b,https://whop.com/checkout/plan_m5JjlirPTgf7b,true
prod_nyx_0661,prod_9PYLGYyzXfR4S,plan_CZCP0xwkk4mFP,https://whop.com/checkout/plan_CZCP0xwkk4mFP,true
prod_nyx_0662,prod_PnjpKXHEVkPD5,plan_7XaRWqP8zNaax,https://whop.com/checkout/plan_7XaRWqP8zNaax,true
prod_nyx_0663,prod_UMwEPh2XmiC7q,plan_useZdzxUVIP62,https://whop.com/checkout/plan_useZdzxUVIP62,true
prod_nyx_0664,prod_8hF3mFeYxXKSX,plan_sIpKITIg9IPzE,https://whop.com/checkout/plan_sIpKITIg9IPzE,true
prod_nyx_0665,prod_cdOeBn6ZMEPiN,plan_YsN4BjR4k3m8Z,https://whop.com/checkout/plan_YsN4BjR4k3m8Z,true
prod_nyx_0666,prod_puwQ79HYMGn56,plan_SG66NfBAP4nVp,https://whop.com/checkout/plan_SG66NfBAP4nVp,true
prod_nyx_0667,prod_J1wPbGlFJuFwJ,plan_VazQjO7yVzlMY,https://whop.com/checkout/plan_VazQjO7yVzlMY,true
prod_nyx_0668,prod_juFcmiIdZ0jwe,plan_takGeZidhFQTR,https://whop.com/checkout/plan_takGeZidhFQTR,true
prod_nyx_0669,prod_pVXxjVlMlVK38,plan_bRBQyUyLoLk0I,https://whop.com/checkout/plan_bRBQyUyLoLk0I,true
prod_nyx_0670,prod_AOgfdlip2EjYc,plan_xRfGMhyF8brcA,https://whop.com/checkout/plan_xRfGMhyF8brcA,true
prod_nyx_0671,prod_X8VcCwE4pjUlp,plan_AaeHplayjMCwU,https://whop.com/checkout/plan_AaeHplayjMCwU,true
prod_nyx_0672,prod_37uTIVJfcAwYR,plan_8Ay1CgZGchEQt,https://whop.com/checkout/plan_8Ay1CgZGchEQt,true
prod_nyx_0673,prod_RJVXHqcce6QwC,plan_vnK7yl6upmms1,https://whop.com/checkout/plan_vnK7yl6upmms1,true
prod_nyx_0674,prod_aRYzdG3amiHWO,plan_2Mbvb5h4Jr2mX,https://whop.com/checkout/plan_2Mbvb5h4Jr2mX,true
prod_nyx_0675,prod_1uwrR2aaUdmXN,plan_qcCRdySuj0J8E,https://whop.com/checkout/plan_qcCRdySuj0J8E,true
prod_nyx_0676,prod_eRq3v84QfXNWS,plan_8YddvugBo83Zx,https://whop.com/checkout/plan_8YddvugBo83Zx,true
prod_nyx_0677,prod_JwLTHTapEPqcd,plan_0j2IfdnPSFkZm,https://whop.com/checkout/plan_0j2IfdnPSFkZm,true
prod_nyx_0678,prod_FsrjvsYv69ARs,plan_XCOykssiSMxyM,https://whop.com/checkout/plan_XCOykssiSMxyM,true
prod_nyx_0679,prod_HioPiqx6qlj2J,plan_EfJm87f1ebtfU,https://whop.com/checkout/plan_EfJm87f1ebtfU,true
prod_nyx_0680,prod_97Qov6GfGsrS3,plan_yYKYit14TB2Kh,https://whop.com/checkout/plan_yYKYit14TB2Kh,true
prod_nyx_0681,prod_dlFaghqz87PE3,plan_st3PLzIdFRz3X,https://whop.com/checkout/plan_st3PLzIdFRz3X,true
prod_nyx_0682,prod_tLhtZ9838aKRk,plan_LnvU3I7T5EMTh,https://whop.com/checkout/plan_LnvU3I7T5EMTh,true
prod_nyx_0683,prod_3LDU39C2PEEC6,plan_NKS0wq18tXUJC,https://whop.com/checkout/plan_NKS0wq18tXUJC,true
prod_nyx_0684,prod_MgMVkj4cOta1Q,plan_wwzQiDvUzCzuh,https://whop.com/checkout/plan_wwzQiDvUzCzuh,true
prod_nyx_0685,prod_23LonRowtgCz8,plan_nB46pRyWzjzQR,https://whop.com/checkout/plan_nB46pRyWzjzQR,true
prod_nyx_0686,prod_HDBFZpHmQ7AGe,plan_kwK7ZWNLE71Lh,https://whop.com/checkout/plan_kwK7ZWNLE71Lh,true
prod_nyx_0687,prod_b6MbA3G5KWlPA,plan_gW8EA7iqii9rD,https://whop.com/checkout/plan_gW8EA7iqii9rD,true
prod_nyx_0688,prod_1FXicfGM9fYzC,plan_CefL6FLxlHMow,https://whop.com/checkout/plan_CefL6FLxlHMow,true
prod_nyx_0689,prod_ig4NVJ860WixI,plan_yBpVpZc3KMnrO,https://whop.com/checkout/plan_yBpVpZc3KMnrO,false
prod_nyx_0690,prod_Jv8kBshBGq87v,plan_eTiGxnmcJ0Z4a,https://whop.com/checkout/plan_eTiGxnmcJ0Z4a,true
prod_nyx_0691,prod_aT83P2KOoPJdM,plan_7JmDKBa1mv9WP,https://whop.com/checkout/plan_7JmDKBa1mv9WP,true
prod_nyx_0692,prod_aQUERAK9s0zoM,plan_HgyzrbYynUXIy,https://whop.com/checkout/plan_HgyzrbYynUXIy,true
prod_nyx_0693,prod_5IRkgTO2djXBN,plan_1r8UcIdvyfMQK,https://whop.com/checkout/plan_1r8UcIdvyfMQK,true
prod_nyx_0694,prod_VuYjbp02RVsbK,plan_jJvdpvLWtnDnV,https://whop.com/checkout/plan_jJvdpvLWtnDnV,true
prod_nyx_0695,prod_rljrIkOItWK8C,plan_wVY3t0mZFAzdC,https://whop.com/checkout/plan_wVY3t0mZFAzdC,true
prod_nyx_0696,prod_wTwrlx7Cl7CPC,plan_KkM8GpbWJLrEi,https://whop.com/checkout/plan_KkM8GpbWJLrEi,true
prod_nyx_0697,prod_tFnV3NauS81An,plan_bEwFmhfWCmrjm,https://whop.com/checkout/plan_bEwFmhfWCmrjm,true
prod_nyx_0698,prod_3HAhA8eHrTIlj,plan_lwQIEo3bRJ9KX,https://whop.com/checkout/plan_lwQIEo3bRJ9KX,true
prod_nyx_0699,prod_DXjDVQAGYWUpp,plan_0nSvtbqq5wACN,https://whop.com/checkout/plan_0nSvtbqq5wACN,true
prod_nyx_0700,prod_wSuyUZjXZn880,plan_ELolqrhgvOcZR,https://whop.com/checkout/plan_ELolqrhgvOcZR,true
prod_nyx_0701,prod_79CPxoV7NObDB,plan_FJsR41t3LHPZP,https://whop.com/checkout/plan_FJsR41t3LHPZP,true
prod_nyx_0702,prod_gFy4EXDiQHJtX,plan_wPhJpGgKAPw0b,https://whop.com/checkout/plan_wPhJpGgKAPw0b,true
prod_nyx_0703,prod_HOxkfQEWqAUzv,plan_Oq7XyFW7mA7q6,https://whop.com/checkout/plan_Oq7XyFW7mA7q6,true
prod_nyx_0704,prod_edkSMbSaUKxlE,plan_LWrpGDGQi4Qt9,https://whop.com/checkout/plan_LWrpGDGQi4Qt9,false
prod_nyx_0705,prod_gSxAO0iWbzPZp,plan_uUfMGNV9xwC9M,https://whop.com/checkout/plan_uUfMGNV9xwC9M,true
prod_nyx_0706,prod_WuhvYV1EA7N77,plan_xmTArtmvABDIg,https://whop.com/checkout/plan_xmTArtmvABDIg,true
prod_nyx_0707,prod_inctVUjFrCitu,plan_Ab3WV3u08QCDO,https://whop.com/checkout/plan_Ab3WV3u08QCDO,true
prod_nyx_0708,prod_vlCOzv298uWzD,plan_Lh0pCWLaP4sL1,https://whop.com/checkout/plan_Lh0pCWLaP4sL1,true
prod_nyx_0709,prod_YllsvWFxn4gHd,plan_2laOxLutuAmBD,https://whop.com/checkout/plan_2laOxLutuAmBD,true
prod_nyx_0710,prod_FqSJJa4zFrdQo,plan_dH1l2SLsKEIcc,https://whop.com/checkout/plan_dH1l2SLsKEIcc,true
prod_nyx_0711,prod_USSZfuZKFS3CE,plan_ppYe0QthbQ9aA,https://whop.com/checkout/plan_ppYe0QthbQ9aA,true
prod_nyx_0712,prod_6k5KJ564v92dJ,plan_Fy4sU0Q0KlpSs,https://whop.com/checkout/plan_Fy4sU0Q0KlpSs,true
prod_nyx_0713,prod_epr6flbXTLFzY,plan_uas6UcG0Z71M6,https://whop.com/checkout/plan_uas6UcG0Z71M6,true
prod_nyx_0714,prod_hEIdXoYg9SmTi,plan_ub5PdMh2K0P2R,https://whop.com/checkout/plan_ub5PdMh2K0P2R,false
prod_nyx_0715,prod_rjFu0UD8Czn3S,plan_p9H8hKQcfRyKQ,https://whop.com/checkout/plan_p9H8hKQcfRyKQ,true
prod_nyx_0716,prod_kn6mySdiGlxFZ,plan_AEYRt2WN1ZoNl,https://whop.com/checkout/plan_AEYRt2WN1ZoNl,true
prod_nyx_0717,prod_h39sLEpRg1XrA,plan_KlpUikSyEkVrZ,https://whop.com/checkout/plan_KlpUikSyEkVrZ,true
prod_nyx_0718,prod_L0figKC33NggN,plan_f7uVzVpBDG4ou,https://whop.com/checkout/plan_f7uVzVpBDG4ou,true
prod_nyx_0719,prod_UHMKxgyJm7lHV,plan_zhtpWl8erG4Fq,https://whop.com/checkout/plan_zhtpWl8erG4Fq,true
prod_nyx_0720,prod_15Zf8wxGtL5gc,plan_UXqBkRGZgKMLJ,https://whop.com/checkout/plan_UXqBkRGZgKMLJ,true
prod_nyx_0721,prod_2jPwypJmESK1I,plan_CX8fK48ulOxjE,https://whop.com/checkout/plan_CX8fK48ulOxjE,true
prod_nyx_0722,prod_NpdIoDwQObe84,plan_efPlY6P8tDuPZ,https://whop.com/checkout/plan_efPlY6P8tDuPZ,true
prod_nyx_0723,prod_l7ys74qvP9VCy,plan_E1LYDB5qGOrag,https://whop.com/checkout/plan_E1LYDB5qGOrag,true
prod_nyx_0724,prod_TStw8NmHsEHPM,plan_iSy8zawUASocu,https://whop.com/checkout/plan_iSy8zawUASocu,true
prod_nyx_0725,prod_BRrMVJ5cCtUXO,plan_P0I4S6i003Q3A,https://whop.com/checkout/plan_P0I4S6i003Q3A,true
prod_nyx_0726,prod_9Tcp06eT0AWkk,plan_5BvLJ5HWuVJEl,https://whop.com/checkout/plan_5BvLJ5HWuVJEl,true
prod_nyx_0727,prod_DN6eE5KSFkN0p,plan_WTbdF1jOspZtA,https://whop.com/checkout/plan_WTbdF1jOspZtA,true
prod_nyx_0728,prod_n2OvYfvMCyOrg,plan_QOFdAXuKH3VMq,https://whop.com/checkout/plan_QOFdAXuKH3VMq,true
prod_nyx_0729,prod_bG6s9P0pPKwMD,plan_z0tvBhwV6L987,https://whop.com/checkout/plan_z0tvBhwV6L987,false
prod_nyx_0730,prod_oTMViPjuo2dIA,plan_IeQ4iycQC52mD,https://whop.com/checkout/plan_IeQ4iycQC52mD,true
prod_nyx_0731,prod_U2hpkyCKHncON,plan_KZzaSU5TQwHkI,https://whop.com/checkout/plan_KZzaSU5TQwHkI,true
prod_nyx_0732,prod_1G8ZJUBMVVyNz,plan_u4rcY8QqueIjU,https://whop.com/checkout/plan_u4rcY8QqueIjU,true
prod_nyx_0733,prod_UZaDhr08TTQIX,plan_89EGysiKSf484,https://whop.com/checkout/plan_89EGysiKSf484,true
prod_nyx_0734,prod_VpybSPhctRoYM,plan_H5Ca272tM5E1U,https://whop.com/checkout/plan_H5Ca272tM5E1U,true
prod_nyx_0735,prod_kFXGkKWTqYGfR,plan_Im7c1RlZJSIDr,https://whop.com/checkout/plan_Im7c1RlZJSIDr,true
prod_nyx_0736,prod_muYTvaRZTZ6Mb,plan_5umXewOY8Q40r,https://whop.com/checkout/plan_5umXewOY8Q40r,true
prod_nyx_0737,prod_rYHqffOHo1M1a,plan_2gPyHJN1BQRXM,https://whop.com/checkout/plan_2gPyHJN1BQRXM,true
prod_nyx_0738,prod_N5NdTwkbis8ne,plan_pJnRgBgtTKzh9,https://whop.com/checkout/plan_pJnRgBgtTKzh9,true
prod_nyx_0739,prod_Eym1sntsSE6HO,plan_3F7rZNToyF9Bk,https://whop.com/checkout/plan_3F7rZNToyF9Bk,true
prod_nyx_0740,prod_V2z4GhnqMK5DS,plan_WCeZPt5wezSvJ,https://whop.com/checkout/plan_WCeZPt5wezSvJ,true
prod_nyx_0741,prod_r27WAc3pjkfi5,plan_DYd1DViDc7spn,https://whop.com/checkout/plan_DYd1DViDc7spn,true
prod_nyx_0742,prod_8qMywk1RGPCW9,plan_mO8kichkPhGX1,https://whop.com/checkout/plan_mO8kichkPhGX1,true
prod_nyx_0743,prod_PpBddYhpTnT5y,plan_6faHRTzWU8QOg,https://whop.com/checkout/plan_6faHRTzWU8QOg,true
prod_nyx_0744,prod_AwxgzcrMSp7cT,plan_gQ7gYtZQ1tf8D,https://whop.com/checkout/plan_gQ7gYtZQ1tf8D,true
prod_nyx_0745,prod_jbzPZDku97KAF,plan_szU3VK8ZhJjM9,https://whop.com/checkout/plan_szU3VK8ZhJjM9,true
prod_nyx_0746,prod_S9gl0fL5khVhE,plan_eMZJOqFWLoD9X,https://whop.com/checkout/plan_eMZJOqFWLoD9X,true
prod_nyx_0747,prod_vWThBTwGto56w,plan_CJ05jBL4ZcQZD,https://whop.com/checkout/plan_CJ05jBL4ZcQZD,true
prod_nyx_0748,prod_3IT0NbHTAbovq,plan_6raX2wpEwU4Qv,https://whop.com/checkout/plan_6raX2wpEwU4Qv,true
prod_nyx_0749,prod_zD3VvcSxdPAmf,plan_hKNskGFEJfTWl,https://whop.com/checkout/plan_hKNskGFEJfTWl,true
prod_nyx_0750,prod_my3MI5DIRNTGX,plan_LbK5xOgILC1FS,https://whop.com/checkout/plan_LbK5xOgILC1FS,true
prod_nyx_0751,prod_U1SnsfRBrvP9y,plan_mbh6NWV25qaK1,https://whop.com/checkout/plan_mbh6NWV25qaK1,true
prod_nyx_0752,prod_RVnbrKOQ2xKpd,plan_2N1PZLkwr18oj,https://whop.com/checkout/plan_2N1PZLkwr18oj,true
prod_nyx_0753,prod_RVSSW1yJJ5QdN,plan_l2M4yrxArkvZw,https://whop.com/checkout/plan_l2M4yrxArkvZw,true
prod_nyx_0754,prod_HjZBosZvvnqSU,plan_5KHlC5wCNE6Rm,https://whop.com/checkout/plan_5KHlC5wCNE6Rm,true
prod_nyx_0755,prod_1tmJbkG2ASRk1,plan_Wf49FmZKoS63w,https://whop.com/checkout/plan_Wf49FmZKoS63w,true
prod_nyx_0756,prod_1E2ZI6svRRp7H,plan_ko6qZUl2TVXbz,https://whop.com/checkout/plan_ko6qZUl2TVXbz,true
prod_nyx_0757,prod_I0rnjQB7fdC98,plan_BAFIdW3b2PSde,https://whop.com/checkout/plan_BAFIdW3b2PSde,true
prod_nyx_0758,prod_CWXwkwJcCFI1l,plan_bM5FWlB4O7WB5,https://whop.com/checkout/plan_bM5FWlB4O7WB5,true
prod_nyx_0759,prod_tcrVswfuaqxFw,plan_901Appmwdwy3k,https://whop.com/checkout/plan_901Appmwdwy3k,false
prod_nyx_0760,prod_e0RnkYiUBj074,plan_HS6jGvOc5Z6sh,https://whop.com/checkout/plan_HS6jGvOc5Z6sh,true
prod_nyx_0761,prod_mJcyCm9VLDgLt,plan_4u00sVBtEPna2,https://whop.com/checkout/plan_4u00sVBtEPna2,true
prod_nyx_0762,prod_ddcW7xAX58vPP,plan_x2xUtA8AxuuyJ,https://whop.com/checkout/plan_x2xUtA8AxuuyJ,true
prod_nyx_0763,prod_V0gTwp8OKWByQ,plan_BKjb2nlJ88H68,https://whop.com/checkout/plan_BKjb2nlJ88H68,true
prod_nyx_0764,prod_cJw9kc7AdZyyt,plan_81tN6M8MgHE3W,https://whop.com/checkout/plan_81tN6M8MgHE3W,true
prod_nyx_0765,prod_scKMjzaatUB0Z,plan_NaeIWpO52fydI,https://whop.com/checkout/plan_NaeIWpO52fydI,true
prod_nyx_0766,prod_Dk6qFRQvGKPUO,plan_667GgquXkJl8H,https://whop.com/checkout/plan_667GgquXkJl8H,true
prod_nyx_0767,prod_WdYdCEEkhGPGA,plan_WtsgwnRbPJxu3,https://whop.com/checkout/plan_WtsgwnRbPJxu3,true
prod_nyx_0768,prod_aTPWdYwDDUeWB,plan_nzNIBWgQZAoQW,https://whop.com/checkout/plan_nzNIBWgQZAoQW,true
prod_nyx_0769,prod_suRcZmhzix9Yu,plan_T73rsfjXFogOi,https://whop.com/checkout/plan_T73rsfjXFogOi,true
prod_nyx_0770,prod_WtKr8ooDFD5kf,plan_SJ2wPvqBxPlah,https://whop.com/checkout/plan_SJ2wPvqBxPlah,true
prod_nyx_0771,prod_fs2B3zfUYECH0,plan_K8U2e41CTR81w,https://whop.com/checkout/plan_K8U2e41CTR81w,true
prod_nyx_0772,prod_cimLuImbzo3NQ,plan_K78HJA2KkkppI,https://whop.com/checkout/plan_K78HJA2KkkppI,true
prod_nyx_0773,prod_xS4VvWgMh9KUx,plan_2SQClg1ROwWme,https://whop.com/checkout/plan_2SQClg1ROwWme,true
prod_nyx_0774,prod_kUjwFZL2Zykfc,plan_ImeMVLQpqf9hU,https://whop.com/checkout/plan_ImeMVLQpqf9hU,true
prod_nyx_0775,prod_1iKWytgd78OSo,plan_9TikfXRQfHr4M,https://whop.com/checkout/plan_9TikfXRQfHr4M,true
prod_nyx_0776,prod_tSl9IYnruPRh4,plan_3rVjW3xVwnKve,https://whop.com/checkout/plan_3rVjW3xVwnKve,true
prod_nyx_0777,prod_ZjvTEMlcCGeR0,plan_uR89aYb5E3vzn,https://whop.com/checkout/plan_uR89aYb5E3vzn,true
prod_nyx_0778,prod_eXUA6DNOrmCNi,plan_jqmmDWWWenxbj,https://whop.com/checkout/plan_jqmmDWWWenxbj,true
prod_nyx_0779,prod_IyGg2XkBsIHl5,plan_Jm1pZSQ0Y1VqO,https://whop.com/checkout/plan_Jm1pZSQ0Y1VqO,true
prod_nyx_0780,prod_tlbxf5dglSzQR,plan_tljDOaCiNgtTJ,https://whop.com/checkout/plan_tljDOaCiNgtTJ,true
prod_nyx_0781,prod_i81DL0aYCJXT0,plan_R70lchZEq35ew,https://whop.com/checkout/plan_R70lchZEq35ew,true
prod_nyx_0782,prod_lGt7k7DaFnXBr,plan_wlOxQRgl7tCic,https://whop.com/checkout/plan_wlOxQRgl7tCic,true
prod_nyx_0783,prod_7i3oMtQUNroHD,plan_523tNyFEpCjZg,https://whop.com/checkout/plan_523tNyFEpCjZg,true
prod_nyx_0784,prod_oFXH0uEYw6N3z,plan_GjWcHCRUFmbhE,https://whop.com/checkout/plan_GjWcHCRUFmbhE,true
prod_nyx_0785,prod_JbnogR5Dmp7sV,plan_648kWTo5o9ur7,https://whop.com/checkout/plan_648kWTo5o9ur7,true
prod_nyx_0786,prod_BtCSlhkQ1EPnY,plan_TQoyRYsQJB7FR,https://whop.com/checkout/plan_TQoyRYsQJB7FR,true
prod_nyx_0787,prod_qAG7UGXYSDxKD,plan_d7e1Y4ZXKaYv2,https://whop.com/checkout/plan_d7e1Y4ZXKaYv2,true
prod_nyx_0788,prod_QjVH0MGYRdzEr,plan_WWJY8r0Yo8Ygg,https://whop.com/checkout/plan_WWJY8r0Yo8Ygg,true
prod_nyx_0789,prod_fFpMs8DoFo2XQ,plan_r3KqKaFUNE22F,https://whop.com/checkout/plan_r3KqKaFUNE22F,false
prod_nyx_0790,prod_Yjd4dRZriBkrV,plan_H7rNZZ3fqQm52,https://whop.com/checkout/plan_H7rNZZ3fqQm52,true
prod_nyx_0791,prod_eIqkHTXN9UzNJ,plan_UxBQNacaQiPcJ,https://whop.com/checkout/plan_UxBQNacaQiPcJ,true
prod_nyx_0792,prod_sehCj9ZRujXq4,plan_N2ulnaSoIKp7C,https://whop.com/checkout/plan_N2ulnaSoIKp7C,true
prod_nyx_0793,prod_0dQPaKNCqHft2,plan_1hq4R60M9wDwO,https://whop.com/checkout/plan_1hq4R60M9wDwO,true
prod_nyx_0794,prod_gJkIjBGx0U2p8,plan_suxBz8E1D715d,https://whop.com/checkout/plan_suxBz8E1D715d,true
prod_nyx_0795,prod_qgcFEB27KJg2L,plan_FZAqiJQzUxhw9,https://whop.com/checkout/plan_FZAqiJQzUxhw9,true
prod_nyx_0796,prod_onomfo3Jh71w3,plan_0bWPlkVD5BPM7,https://whop.com/checkout/plan_0bWPlkVD5BPM7,true
prod_nyx_0797,prod_jJtV7qQv4rXZ2,plan_djOb8zeJOPpjl,https://whop.com/checkout/plan_djOb8zeJOPpjl,true
prod_nyx_0798,prod_xaX2u6epJ1PKM,plan_62Wjq0zAGvfcR,https://whop.com/checkout/plan_62Wjq0zAGvfcR,true
prod_nyx_0799,prod_jRwNDcAFxZUrN,plan_vlvIZSYLBtPXQ,https://whop.com/checkout/plan_vlvIZSYLBtPXQ,true
prod_nyx_0800,prod_lyYNjA95zcKJV,plan_KTuQHwmUfAIC3,https://whop.com/checkout/plan_KTuQHwmUfAIC3,true
prod_nyx_0801,prod_dabDURqo4DNF7,plan_w09hyFuA2UlZL,https://whop.com/checkout/plan_w09hyFuA2UlZL,true
prod_nyx_0802,prod_J86mnUjq5Ucqu,plan_TwFierErifgCk,https://whop.com/checkout/plan_TwFierErifgCk,true
prod_nyx_0803,prod_bmOTSTHy9mc37,plan_QREdUiaYgORCX,https://whop.com/checkout/plan_QREdUiaYgORCX,true
prod_nyx_0804,prod_vcrqIny7xl6wu,plan_haWU5SWnzBSe3,https://whop.com/checkout/plan_haWU5SWnzBSe3,true
prod_nyx_0805,prod_jBBek5koXXz5h,plan_wt0a4Qz3WGtdz,https://whop.com/checkout/plan_wt0a4Qz3WGtdz,true
prod_nyx_0806,prod_Odc8SPiYs96Bz,plan_j0auvOjpUKoRv,https://whop.com/checkout/plan_j0auvOjpUKoRv,true
prod_nyx_0807,prod_1sXqzbgSAGnsw,plan_Nr4cAPtOLRoFv,https://whop.com/checkout/plan_Nr4cAPtOLRoFv,true
prod_nyx_0808,prod_PhQsCeqVWUiJQ,plan_BbkFjUXkixDBl,https://whop.com/checkout/plan_BbkFjUXkixDBl,true
prod_nyx_0809,prod_Hf8ORVwKOgH8d,plan_QqkPocOeHDQp6,https://whop.com/checkout/plan_QqkPocOeHDQp6,true
prod_nyx_0810,prod_lRsMMC7kXPPxk,plan_215HWmUEa4BNb,https://whop.com/checkout/plan_215HWmUEa4BNb,true
prod_nyx_0811,prod_XH9iUMBfzSRAE,plan_n2inLf5OkgXjV,https://whop.com/checkout/plan_n2inLf5OkgXjV,true
prod_nyx_0812,prod_7uVsjzh2XfBUd,plan_TOsWxxtJDDQen,https://whop.com/checkout/plan_TOsWxxtJDDQen,true
prod_nyx_0813,prod_flUhUxkYBY4Wp,plan_NcYEjNHhCVCeZ,https://whop.com/checkout/plan_NcYEjNHhCVCeZ,true
prod_nyx_0814,prod_mOAlMcD6bNM8d,plan_qcrZb7hiXZdat,https://whop.com/checkout/plan_qcrZb7hiXZdat,true
prod_nyx_0815,prod_lxfRTChvd0tos,plan_QlOHOR9Q7SlI5,https://whop.com/checkout/plan_QlOHOR9Q7SlI5,true
prod_nyx_0816,prod_IssYSI82BBAff,plan_b1sDCxWR2Zvjd,https://whop.com/checkout/plan_b1sDCxWR2Zvjd,true
prod_nyx_0817,prod_1hbQerhQBXgSE,plan_0i8unFlRgkWY5,https://whop.com/checkout/plan_0i8unFlRgkWY5,true
prod_nyx_0818,prod_We94vrnU4kGiy,plan_IDhx1zlsWZ4O2,https://whop.com/checkout/plan_IDhx1zlsWZ4O2,true
prod_nyx_0819,prod_DOEoBPdl0wA1u,plan_Cd6acCOYM9glG,https://whop.com/checkout/plan_Cd6acCOYM9glG,true
prod_nyx_0820,prod_bsibH8bmSNnFj,plan_iIO5kvXVWgSQf,https://whop.com/checkout/plan_iIO5kvXVWgSQf,true
prod_nyx_0821,prod_UXLc1F4RhKpeM,plan_b3G5iWn9fUi4j,https://whop.com/checkout/plan_b3G5iWn9fUi4j,true
prod_nyx_0822,prod_wZbkPDK64TTHM,plan_rWeTEcJRLi9eo,https://whop.com/checkout/plan_rWeTEcJRLi9eo,true
prod_nyx_0823,prod_r7fXHyfNF9eRX,plan_2PeIIn2NfmDAP,https://whop.com/checkout/plan_2PeIIn2NfmDAP,true
prod_nyx_0824,prod_96q40fcVrj0TR,plan_mW0Kt140dPOPm,https://whop.com/checkout/plan_mW0Kt140dPOPm,true
prod_nyx_0825,prod_BiDJE5oCAguhW,plan_4QjSHkxi0ZkAh,https://whop.com/checkout/plan_4QjSHkxi0ZkAh,true
prod_nyx_0826,prod_wRbKfP7FWK539,plan_eqgjcwt7ahSTf,https://whop.com/checkout/plan_eqgjcwt7ahSTf,true
prod_nyx_0827,prod_ZjrfvpetqS7lo,plan_iYlKlYp0sIy4Y,https://whop.com/checkout/plan_iYlKlYp0sIy4Y,true
prod_nyx_0828,prod_ZkpxStZ7EBHQU,plan_jCDmet1aLZo2j,https://whop.com/checkout/plan_jCDmet1aLZo2j,true
prod_nyx_0829,prod_1RpLasOydjfxs,plan_Ytmlqy457hh5N,https://whop.com/checkout/plan_Ytmlqy457hh5N,true
prod_nyx_0830,prod_ymjCbm52GzcpB,plan_i0oNCChj56UT4,https://whop.com/checkout/plan_i0oNCChj56UT4,true
prod_nyx_0831,prod_bZCiRay0WE7FJ,plan_PkCuiLFy6jXXZ,https://whop.com/checkout/plan_PkCuiLFy6jXXZ,true
prod_nyx_0832,prod_D20SY1WsW8X7Y,plan_v18vFsKajrWer,https://whop.com/checkout/plan_v18vFsKajrWer,true
prod_nyx_0833,prod_w5vEdB90eTRbv,plan_m5m5YzFBsTilQ,https://whop.com/checkout/plan_m5m5YzFBsTilQ,true
prod_nyx_0834,prod_Feq0QjKWe4R5m,plan_WiwpRCXq266D8,https://whop.com/checkout/plan_WiwpRCXq266D8,true
prod_nyx_0835,prod_DCJUp3eC0DrVW,plan_Wqs1JAAMwALpa,https://whop.com/checkout/plan_Wqs1JAAMwALpa,true
prod_nyx_0836,prod_Xn87nBOaJLU23,plan_CtSCeZvpQbQWJ,https://whop.com/checkout/plan_CtSCeZvpQbQWJ,true
prod_nyx_0837,prod_a7rO6GTb9RsYB,plan_prLTBkISqbXjk,https://whop.com/checkout/plan_prLTBkISqbXjk,true
prod_nyx_0838,prod_7GE33V2Ok8uJT,plan_PVwgnEcbaKWLP,https://whop.com/checkout/plan_PVwgnEcbaKWLP,true
prod_nyx_0839,prod_q8cUf5QxOZJKc,plan_TX7UsuKWVVkww,https://whop.com/checkout/plan_TX7UsuKWVVkww,true
prod_nyx_0840,prod_f4z2cjH8nz8Ic,plan_FGzxNsbVRTf2D,https://whop.com/checkout/plan_FGzxNsbVRTf2D,true
prod_nyx_0841,prod_4LhZ1Yb0083uG,plan_hPKxnr55UphL5,https://whop.com/checkout/plan_hPKxnr55UphL5,true
prod_nyx_0842,prod_lgHJokdtCQpcB,plan_AELu3P5Io21no,https://whop.com/checkout/plan_AELu3P5Io21no,true
prod_nyx_0843,prod_zFWgE64Xcq5Vg,plan_EREPBmqUmIVkw,https://whop.com/checkout/plan_EREPBmqUmIVkw,true
prod_nyx_0844,prod_kPSXZe9MqQcPv,plan_0YfYHfSwxRH78,https://whop.com/checkout/plan_0YfYHfSwxRH78,true
prod_nyx_0845,prod_OGW0DXCQqcuKK,plan_Jl9aq4GAUaLL0,https://whop.com/checkout/plan_Jl9aq4GAUaLL0,true
prod_nyx_0846,prod_F0a2tsqPe7l6t,plan_FaaQfLcjMe5Oi,https://whop.com/checkout/plan_FaaQfLcjMe5Oi,true
prod_nyx_0847,prod_6g9Gu2F2zDXZI,plan_y9GqOqTzxgs5A,https://whop.com/checkout/plan_y9GqOqTzxgs5A,true
prod_nyx_0848,prod_J91XARlIToqP8,plan_bqX0sk1G0UL24,https://whop.com/checkout/plan_bqX0sk1G0UL24,true
prod_nyx_0849,prod_eD8klAJgON1LD,plan_MjUkh34LAPQwj,https://whop.com/checkout/plan_MjUkh34LAPQwj,true
prod_nyx_0850,prod_wQkONfAErN9qP,plan_SVloTGV39cNKY,https://whop.com/checkout/plan_SVloTGV39cNKY,true
prod_nyx_0851,prod_d5BZjIUVaBc7Q,plan_DqE5MGOkLydsL,https://whop.com/checkout/plan_DqE5MGOkLydsL,true
prod_nyx_0852,prod_EZtuIlECqDEVB,plan_OkAzhAMZ88IXJ,https://whop.com/checkout/plan_OkAzhAMZ88IXJ,true
prod_nyx_0853,prod_HAARwDzBbdq1p,plan_6v5jd9ywZyZ0B,https://whop.com/checkout/plan_6v5jd9ywZyZ0B,true
prod_nyx_0854,prod_w6ICqZrklILHv,plan_5z4J9NKhhpjOz,https://whop.com/checkout/plan_5z4J9NKhhpjOz,true
prod_nyx_0855,prod_TxIFDRpwWS80p,plan_YymfgEljEl2gh,https://whop.com/checkout/plan_YymfgEljEl2gh,true
prod_nyx_0856,prod_H9mG7tbOig2XD,plan_MPH2SanvDQqbr,https://whop.com/checkout/plan_MPH2SanvDQqbr,true
prod_nyx_0857,prod_Ic2uyBHMxMi7g,plan_fp7FxxKm3BQHM,https://whop.com/checkout/plan_fp7FxxKm3BQHM,true
prod_nyx_0858,prod_IbkPWLAz2yVSc,plan_bR4yLH3NM3JoT,https://whop.com/checkout/plan_bR4yLH3NM3JoT,true
prod_nyx_0859,prod_UxeGQzNsaUPri,plan_N1brOqJAHAvA3,https://whop.com/checkout/plan_N1brOqJAHAvA3,true
prod_nyx_0860,prod_mBXaqp4QQo4ml,plan_zW4gHjRPWCeJc,https://whop.com/checkout/plan_zW4gHjRPWCeJc,true
prod_nyx_0861,prod_AoULLEt4a9RkY,plan_cqHdx21Z1wJ5U,https://whop.com/checkout/plan_cqHdx21Z1wJ5U,true
prod_nyx_0862,prod_Bj27XceVWtD1t,plan_DDK3o5I4kHjMd,https://whop.com/checkout/plan_DDK3o5I4kHjMd,true
prod_nyx_0863,prod_FjNbi5aAHHzVt,plan_h6rmoTrh0qV03,https://whop.com/checkout/plan_h6rmoTrh0qV03,true
prod_nyx_0864,prod_f59XyT1enh9bj,plan_W2gtuDxmru5VL,https://whop.com/checkout/plan_W2gtuDxmru5VL,true
prod_nyx_0865,prod_d1HYleBxeFJ3S,plan_k8O7z2Lo0qrAJ,https://whop.com/checkout/plan_k8O7z2Lo0qrAJ,true
prod_nyx_0866,prod_NU2LtTg7KkUEp,plan_ebJjIxhz4OrWT,https://whop.com/checkout/plan_ebJjIxhz4OrWT,true
prod_nyx_0867,prod_zLF5Dn8I21Olc,plan_muAzyJcYv7com,https://whop.com/checkout/plan_muAzyJcYv7com,true
prod_nyx_0868,prod_qD3R4dk8lbGwf,plan_qbM4xU95WmK7o,https://whop.com/checkout/plan_qbM4xU95WmK7o,true
prod_nyx_0869,prod_fbWon5zcFBLro,plan_NiNketYNCCn0I,https://whop.com/checkout/plan_NiNketYNCCn0I,true
prod_nyx_0870,prod_QCA3qG0J4e7ql,plan_PcvtfLVEsNTUp,https://whop.com/checkout/plan_PcvtfLVEsNTUp,true
prod_nyx_0871,prod_P6O0TfCsNI7ih,plan_gO1GITBdTAkKY,https://whop.com/checkout/plan_gO1GITBdTAkKY,true
prod_nyx_0872,prod_9njvESjmVZNMf,plan_Y7ho00DF2AsuC,https://whop.com/checkout/plan_Y7ho00DF2AsuC,true
prod_nyx_0873,prod_NVs63Ax1SWrx6,plan_lJZ73CzqZAlpt,https://whop.com/checkout/plan_lJZ73CzqZAlpt,true
prod_nyx_0874,prod_qfPRDoO5xE6Nh,plan_1rnSqw5M1xzOJ,https://whop.com/checkout/plan_1rnSqw5M1xzOJ,true
prod_nyx_0875,prod_xjwcNlz7DypYb,plan_tM48RPZYriVOG,https://whop.com/checkout/plan_tM48RPZYriVOG,true
prod_nyx_0876,prod_uOGzIOxX8a9W8,plan_HcB3Rzwvt6vYg,https://whop.com/checkout/plan_HcB3Rzwvt6vYg,true
prod_nyx_0877,prod_U4LMXgF7HYjI3,plan_dhQUWDHGan0pg,https://whop.com/checkout/plan_dhQUWDHGan0pg,true
prod_nyx_0878,prod_x6RxXRZLo6C6y,plan_2BOvbVsPqn2O9,https://whop.com/checkout/plan_2BOvbVsPqn2O9,true
prod_nyx_0879,prod_FbkkgeJCn4RcE,plan_qs4pEVV6HRwpH,https://whop.com/checkout/plan_qs4pEVV6HRwpH,true
prod_nyx_0880,prod_UhNKp540GT5DK,plan_Jiskr4pFSlXko,https://whop.com/checkout/plan_Jiskr4pFSlXko,true
prod_nyx_0881,prod_XGs6j8amjR7Cn,plan_oId6TvRULJmFG,https://whop.com/checkout/plan_oId6TvRULJmFG,true
prod_nyx_0882,prod_f2uwQgAcURZN0,plan_m4cweiKZpKwYn,https://whop.com/checkout/plan_m4cweiKZpKwYn,true
prod_nyx_0883,prod_w5qzcCk0FAh1J,plan_hJUYI7Y4FWUim,https://whop.com/checkout/plan_hJUYI7Y4FWUim,true
prod_nyx_0884,prod_TLX9oONRCMymp,plan_veXVhmHHKRC1D,https://whop.com/checkout/plan_veXVhmHHKRC1D,true
prod_nyx_0885,prod_O8XjQQh1YaE5S,plan_wwjhoYruJ3EaX,https://whop.com/checkout/plan_wwjhoYruJ3EaX,true
prod_nyx_0886,prod_jOySPNb2XmltY,plan_WVgEEwEACK3N3,https://whop.com/checkout/plan_WVgEEwEACK3N3,true
prod_nyx_0887,prod_huVROVadKYXR7,plan_aRZbeKwhSvATP,https://whop.com/checkout/plan_aRZbeKwhSvATP,true
prod_nyx_0888,prod_pnCYlT7OZdIJN,plan_RfNYFwbitiC5C,https://whop.com/checkout/plan_RfNYFwbitiC5C,true
prod_nyx_0889,prod_VcFamF5K8imHQ,plan_eqYxIh95gcpXF,https://whop.com/checkout/plan_eqYxIh95gcpXF,true
prod_nyx_0890,prod_QP0EMyH7j4mLO,plan_nnduOF5WdOQzO,https://whop.com/checkout/plan_nnduOF5WdOQzO,true
prod_nyx_0891,prod_hzn2P2XNYPIoB,plan_bGSoAQZ5Gl4CX,https://whop.com/checkout/plan_bGSoAQZ5Gl4CX,true
prod_nyx_0892,prod_U1hBbJev9tna6,plan_3q2VTt3rnz6i0,https://whop.com/checkout/plan_3q2VTt3rnz6i0,true
prod_nyx_0893,prod_At0Z9d3YzDyZu,plan_Xs43eRYFlJHb0,https://whop.com/checkout/plan_Xs43eRYFlJHb0,true
prod_nyx_0894,prod_VWLjvseL05Nie,plan_OWtgeBDB331yv,https://whop.com/checkout/plan_OWtgeBDB331yv,true
prod_nyx_0895,prod_SYfFt7soIOtCn,plan_iyGGjuh6ZiJzA,https://whop.com/checkout/plan_iyGGjuh6ZiJzA,true
prod_nyx_0896,prod_1UWTvMIsjxIGF,plan_90Hb0B2szsHkI,https://whop.com/checkout/plan_90Hb0B2szsHkI,true
prod_nyx_0897,prod_s2H9a2ioK8WNP,plan_4TjeZTYE19GvV,https://whop.com/checkout/plan_4TjeZTYE19GvV,true
prod_nyx_0898,prod_4CBTlOMj3vTib,plan_E924QwiBs9wPA,https://whop.com/checkout/plan_E924QwiBs9wPA,true
prod_nyx_0899,prod_mPtVvTitz8XQ5,plan_hTsjwEor5xhLN,https://whop.com/checkout/plan_hTsjwEor5xhLN,true
prod_nyx_0900,prod_CjTX2yjZj3wYs,plan_lTCdJwrhMVrtu,https://whop.com/checkout/plan_lTCdJwrhMVrtu,true
prod_nyx_0901,prod_IA3stB4pxsZ0J,plan_rX91h4a3uv1jw,https://whop.com/checkout/plan_rX91h4a3uv1jw,true
prod_nyx_0902,prod_DLu8ivu8DU0ew,plan_WtcInYxvn3tTh,https://whop.com/checkout/plan_WtcInYxvn3tTh,true
prod_nyx_0903,prod_dLmwPA95AGWPf,plan_olPwrGsNrqDBR,https://whop.com/checkout/plan_olPwrGsNrqDBR,true
prod_nyx_0904,prod_MK1xppqdIhMDD,plan_skX8zPkenorld,https://whop.com/checkout/plan_skX8zPkenorld,true
prod_nyx_0905,prod_5Maxyz9MJLZeP,plan_03L9Q5gkMFnw0,https://whop.com/checkout/plan_03L9Q5gkMFnw0,true
prod_nyx_0906,prod_vkz2gNjO0RY8U,plan_OsbEkMHsqnON2,https://whop.com/checkout/plan_OsbEkMHsqnON2,true
prod_nyx_0907,prod_GUYSlyQYWwtkB,plan_Wp31RmtywiHMN,https://whop.com/checkout/plan_Wp31RmtywiHMN,true
prod_nyx_0908,prod_6riOS53CB3Rcl,plan_2ajnxaV3IEKL7,https://whop.com/checkout/plan_2ajnxaV3IEKL7,true
prod_nyx_0909,prod_MrqLdqcg0u0zZ,plan_0HYGJwyLcMLAZ,https://whop.com/checkout/plan_0HYGJwyLcMLAZ,true
prod_nyx_0910,prod_JkPjGO7ChIblw,plan_cmlWufEGD3XZd,https://whop.com/checkout/plan_cmlWufEGD3XZd,true
prod_nyx_0911,prod_5inLZ8LmrECz5,plan_hpWOMnQug2Qko,https://whop.com/checkout/plan_hpWOMnQug2Qko,true
prod_nyx_0912,prod_CURjzVw0Bj3PA,plan_k0SJ1JEyO1Rt6,https://whop.com/checkout/plan_k0SJ1JEyO1Rt6,true
prod_nyx_0913,prod_cwMvsQW2tDAvn,plan_Id1UCh5i1cAVA,https://whop.com/checkout/plan_Id1UCh5i1cAVA,true
prod_nyx_0914,prod_clKI87HBRXJt1,plan_rwvRNqBMfEcoo,https://whop.com/checkout/plan_rwvRNqBMfEcoo,true
prod_nyx_0915,prod_OSojiAPbY1MKa,plan_0ktDjrHOLD5ov,https://whop.com/checkout/plan_0ktDjrHOLD5ov,true
prod_nyx_0916,prod_zxDbiV4DSJIYi,plan_BR7HGhNheY1vI,https://whop.com/checkout/plan_BR7HGhNheY1vI,true
prod_nyx_0917,prod_nbnRCeGEdb2Sa,plan_FoYs8bkMuFVP5,https://whop.com/checkout/plan_FoYs8bkMuFVP5,true
prod_nyx_0918,prod_JMXScEspsdtvw,plan_SB5Y5Rm0WgPfc,https://whop.com/checkout/plan_SB5Y5Rm0WgPfc,true
prod_nyx_0919,prod_U25MtNCwPSh1l,plan_L4odlQECf9lJL,https://whop.com/checkout/plan_L4odlQECf9lJL,true
prod_nyx_0920,prod_BFoxZLnIlkEn6,plan_QcGKBiyHdE3qw,https://whop.com/checkout/plan_QcGKBiyHdE3qw,true
prod_nyx_0921,prod_dbWGLc1umrNZ0,plan_N9Ax4fO9g0oWj,https://whop.com/checkout/plan_N9Ax4fO9g0oWj,true
prod_nyx_0922,prod_81Uw02EBkD2Wh,plan_kMm6nsDrlOecJ,https://whop.com/checkout/plan_kMm6nsDrlOecJ,true
prod_nyx_0923,prod_zuSJJwO6enC2z,plan_DbPHEst3nNpMG,https://whop.com/checkout/plan_DbPHEst3nNpMG,true
prod_nyx_0924,prod_4eUCUwrFwsEGv,plan_8G4MAJj4gMQWY,https://whop.com/checkout/plan_8G4MAJj4gMQWY,true
prod_nyx_0925,prod_twdBHeNi1ZbEJ,plan_0cfPVsplNU3yQ,https://whop.com/checkout/plan_0cfPVsplNU3yQ,true
prod_nyx_0926,prod_r9zkGQY34AILZ,plan_XlklD52ieOX8I,https://whop.com/checkout/plan_XlklD52ieOX8I,true
prod_nyx_0927,prod_MBdJIpUM5eemM,plan_6yPGDeAq2ClA7,https://whop.com/checkout/plan_6yPGDeAq2ClA7,true
prod_nyx_0928,prod_zG8foVMFauZ32,plan_3sHGJRX4wkeIg,https://whop.com/checkout/plan_3sHGJRX4wkeIg,true
prod_nyx_0929,prod_bgUk5RCQRZKtD,plan_DaFBHOuMXwszj,https://whop.com/checkout/plan_DaFBHOuMXwszj,true
prod_nyx_0930,prod_0AAFs82AryRiD,plan_tSIsOe9l9fRzG,https://whop.com/checkout/plan_tSIsOe9l9fRzG,true
prod_nyx_0931,prod_Ho2yztwIn9RQp,plan_yqgpL7RvMt5cN,https://whop.com/checkout/plan_yqgpL7RvMt5cN,true
prod_nyx_0932,prod_4n4EQrRmd6bSQ,plan_lWWi1jjexWHSU,https://whop.com/checkout/plan_lWWi1jjexWHSU,true
prod_nyx_0933,prod_91GRScWzCzuze,plan_n7w1PqgiQe1SN,https://whop.com/checkout/plan_n7w1PqgiQe1SN,true
prod_nyx_0934,prod_fbmt08xqK7WeN,plan_Odl76iORlCNsZ,https://whop.com/checkout/plan_Odl76iORlCNsZ,true
prod_nyx_0935,prod_9Fl2Jl8a1b1gO,plan_EuUdO2rRYgOcG,https://whop.com/checkout/plan_EuUdO2rRYgOcG,true
prod_nyx_0936,prod_mAr3toclN4grl,plan_yww6tKeWG2SfM,https://whop.com/checkout/plan_yww6tKeWG2SfM,true
prod_nyx_0937,prod_W42IAtXd7QDNn,plan_Ls2NWO4PLyxBn,https://whop.com/checkout/plan_Ls2NWO4PLyxBn,true
prod_nyx_0938,prod_AZGOe2ze2W6z7,plan_t8C4aRzaQeZUe,https://whop.com/checkout/plan_t8C4aRzaQeZUe,true
prod_nyx_0939,prod_9QhV6EIQqjFVv,plan_lOpm2ui9Ipv1m,https://whop.com/checkout/plan_lOpm2ui9Ipv1m,true
prod_nyx_0940,prod_z2QHMOe9kAZBI,plan_65Al5oEdqBncF,https://whop.com/checkout/plan_65Al5oEdqBncF,true
prod_nyx_0941,prod_D82ijw1w1GUe1,plan_UQb5DpADLQFNa,https://whop.com/checkout/plan_UQb5DpADLQFNa,true
prod_nyx_0942,prod_KyZNPUDYdfoZj,plan_DdprWmybpgHUn,https://whop.com/checkout/plan_DdprWmybpgHUn,true
prod_nyx_0943,prod_BR8VE2S8E4twQ,plan_qatCDVex9AHHZ,https://whop.com/checkout/plan_qatCDVex9AHHZ,true
prod_nyx_0944,prod_9S8OHBdTvNeVG,plan_jZvnI0xFV6x0d,https://whop.com/checkout/plan_jZvnI0xFV6x0d,true
prod_nyx_0945,prod_ykyLygualtuM2,plan_Qzo7KhncE8kmS,https://whop.com/checkout/plan_Qzo7KhncE8kmS,true
prod_nyx_0946,prod_EkxlWyaCGws6A,plan_z7uSX4GPzDBx0,https://whop.com/checkout/plan_z7uSX4GPzDBx0,true
prod_nyx_0947,prod_6mpcY3Dx50YuG,plan_I6vpn5Q8c6Uwk,https://whop.com/checkout/plan_I6vpn5Q8c6Uwk,true
prod_nyx_0948,prod_fToDALSO3CTMv,plan_Tza5YxCHXsWm5,https://whop.com/checkout/plan_Tza5YxCHXsWm5,true
prod_nyx_0949,prod_ZJdQuhd78t3Y9,plan_KkPO2frX7NFK9,https://whop.com/checkout/plan_KkPO2frX7NFK9,true
prod_nyx_0950,prod_JgIO2G2KoM9su,plan_iOCEbCYXrjpSo,https://whop.com/checkout/plan_iOCEbCYXrjpSo,true
prod_nyx_0951,prod_RTpoXVEdeFuQi,plan_5Nt88QVE1kid7,https://whop.com/checkout/plan_5Nt88QVE1kid7,true
prod_nyx_0952,prod_xQ2S9L8Q44c9Q,plan_LTcTYCjhUWVJV,https://whop.com/checkout/plan_LTcTYCjhUWVJV,true
prod_nyx_0953,prod_lnLgI4RPMvIK7,plan_suGSFVWhe2hQM,https://whop.com/checkout/plan_suGSFVWhe2hQM,true
prod_nyx_0954,prod_m3DJmqAnUWb5s,plan_fqOdGVWgZqn5l,https://whop.com/checkout/plan_fqOdGVWgZqn5l,true
prod_nyx_0955,prod_7JYKM5fLZcLDq,plan_6sKTAhjNx18bd,https://whop.com/checkout/plan_6sKTAhjNx18bd,true
prod_nyx_0956,prod_eRCHt4fSXFd4P,plan_3UGGYjTmdrlOV,https://whop.com/checkout/plan_3UGGYjTmdrlOV,true
prod_nyx_0957,prod_euIx5DS94cPIa,plan_rIPUgw7RdpaEr,https://whop.com/checkout/plan_rIPUgw7RdpaEr,true
prod_nyx_0958,prod_PjMb6C607HrNh,plan_EMi633BvVKJjD,https://whop.com/checkout/plan_EMi633BvVKJjD,true
prod_nyx_0959,prod_aBin5FyQnk7BT,plan_lSCLJbV3h4NbU,https://whop.com/checkout/plan_lSCLJbV3h4NbU,true
prod_nyx_0960,prod_okfyTNfOzl86S,plan_2b4LbCZOKLwfc,https://whop.com/checkout/plan_2b4LbCZOKLwfc,true
prod_nyx_0961,prod_BvkXxbqywh6eJ,plan_VPeUDZYgK48go,https://whop.com/checkout/plan_VPeUDZYgK48go,true
prod_nyx_0962,prod_tL0jnqeBsrkvc,plan_M3zGr2ygCcrKZ,https://whop.com/checkout/plan_M3zGr2ygCcrKZ,true
prod_nyx_0963,prod_qGjyotdkdjVvK,plan_3xdsqM3TEXhM1,https://whop.com/checkout/plan_3xdsqM3TEXhM1,true
prod_nyx_0964,prod_XF6XChEbsDTIX,plan_Xb54zNE1m2JUe,https://whop.com/checkout/plan_Xb54zNE1m2JUe,true
prod_nyx_0965,prod_nGqkM2wKIotbl,plan_ivKhmSBDwYysj,https://whop.com/checkout/plan_ivKhmSBDwYysj,true
prod_nyx_0966,prod_okmcFYopP2KnA,plan_uBAAWhtxwyFVR,https://whop.com/checkout/plan_uBAAWhtxwyFVR,true
prod_nyx_0967,prod_tO7h75bxUGL0j,plan_LBKMfNln4CYS3,https://whop.com/checkout/plan_LBKMfNln4CYS3,true
prod_nyx_0968,prod_EIXJhdIqMmDfy,plan_csGJlf9tAOhKs,https://whop.com/checkout/plan_csGJlf9tAOhKs,true
prod_nyx_0969,prod_VcLJk7RN9QMw7,plan_0SDxLATkwqSua,https://whop.com/checkout/plan_0SDxLATkwqSua,true
prod_nyx_0970,prod_cH3uPQHhY4lir,plan_B8ffdOEhWSgTO,https://whop.com/checkout/plan_B8ffdOEhWSgTO,true
prod_nyx_0971,prod_KozkwbLb7T6HD,plan_ZmnWrksQCxmnF,https://whop.com/checkout/plan_ZmnWrksQCxmnF,true
prod_nyx_0972,prod_5JGV9T7ZXr723,plan_cZmZoQt7ouELL,https://whop.com/checkout/plan_cZmZoQt7ouELL,true
prod_nyx_0973,prod_bDm07iy2AcbmU,plan_Y1J4iep5wBYmO,https://whop.com/checkout/plan_Y1J4iep5wBYmO,true
prod_nyx_0974,prod_QeZNph2dbIM2Y,plan_zSRaPuoXz74FD,https://whop.com/checkout/plan_zSRaPuoXz74FD,true
prod_nyx_0975,prod_t2Bq6Atltp7W3,plan_fnrYOvCcbVHoR,https://whop.com/checkout/plan_fnrYOvCcbVHoR,true
prod_nyx_0976,prod_3LTIltZZmuwSd,plan_79Z0fvyDuBuyG,https://whop.com/checkout/plan_79Z0fvyDuBuyG,true
prod_nyx_0977,prod_OhtnYfsslC2Ff,plan_aMRS1lInmhMCl,https://whop.com/checkout/plan_aMRS1lInmhMCl,true
prod_nyx_0978,prod_4ZwWwksu5EZcD,plan_gJl7degyJvoS3,https://whop.com/checkout/plan_gJl7degyJvoS3,true
prod_nyx_0979,prod_YYgAKICaEJCVJ,plan_TjjjTr95Ahena,https://whop.com/checkout/plan_TjjjTr95Ahena,true
prod_nyx_0980,prod_BUPgRsBY7B7wx,plan_8fh4VrWreMrW1,https://whop.com/checkout/plan_8fh4VrWreMrW1,true
prod_nyx_0981,prod_MaFtiPDNLkc92,plan_Xr1dagrm0wgQ8,https://whop.com/checkout/plan_Xr1dagrm0wgQ8,true
prod_nyx_0982,prod_N4Ucqa0at7YzF,plan_5xT5gBkz1AnCz,https://whop.com/checkout/plan_5xT5gBkz1AnCz,true
prod_nyx_0983,prod_1suNBXjp01bVZ,plan_p0sjPFRh0eofB,https://whop.com/checkout/plan_p0sjPFRh0eofB,true
prod_nyx_0984,prod_2KT4lxU09y3FH,plan_ahNyPSgwbCQz7,https://whop.com/checkout/plan_ahNyPSgwbCQz7,true
prod_nyx_0985,prod_MGN9mmfvN7ROu,plan_fxgcgWp6pG2ad,https://whop.com/checkout/plan_fxgcgWp6pG2ad,true
prod_nyx_0986,prod_bRLZw6l4oW6vB,plan_LaAEL7BbL02MZ,https://whop.com/checkout/plan_LaAEL7BbL02MZ,true
prod_nyx_0987,prod_trPNCZerYCpHm,plan_77mEishDZkJ7b,https://whop.com/checkout/plan_77mEishDZkJ7b,true
prod_nyx_0988,prod_hNMvuWlLh0yZd,plan_1Cc6m0k8LxL4C,https://whop.com/checkout/plan_1Cc6m0k8LxL4C,true
prod_nyx_0989,prod_b5HDEbhAllAY6,plan_kiXWKORdzeWL9,https://whop.com/checkout/plan_kiXWKORdzeWL9,true
prod_nyx_0990,prod_Dl0HeGyQngqOJ,plan_SMcbIBg2TuLnW,https://whop.com/checkout/plan_SMcbIBg2TuLnW,true
prod_nyx_0991,prod_cLpe94C3YCCTL,plan_AQIhu2Z6zqbWX,https://whop.com/checkout/plan_AQIhu2Z6zqbWX,true
prod_nyx_0992,prod_v3sFIN8fV3WK6,plan_iB8rI9RzSEstM,https://whop.com/checkout/plan_iB8rI9RzSEstM,true
prod_nyx_0993,prod_VlPCX0WKG22Lf,plan_opi8r6uA0aol2,https://whop.com/checkout/plan_opi8r6uA0aol2,true
prod_nyx_0994,prod_xehHdrpbst1KP,plan_1HNYAF1187oy9,https://whop.com/checkout/plan_1HNYAF1187oy9,false
prod_nyx_0995,prod_y5n7MFW8bkiLw,plan_pcnKFZXGPPE1e,https://whop.com/checkout/plan_pcnKFZXGPPE1e,true
prod_nyx_0996,prod_MhO1uo2mUvgTx,plan_ItrqF4HUFuS6u,https://whop.com/checkout/plan_ItrqF4HUFuS6u,true
prod_nyx_0997,prod_E8ovmTu9j5WU4,plan_BUPnP10u62rsO,https://whop.com/checkout/plan_BUPnP10u62rsO,true
prod_nyx_0998,prod_qzGmkY3HvxLOU,plan_Gv5HnaIrwwHPN,https://whop.com/checkout/plan_Gv5HnaIrwwHPN,true
prod_nyx_0999,prod_S08p6faJ5Od1h,plan_FAnYYJHDujfx5,https://whop.com/checkout/plan_FAnYYJHDujfx5,true
prod_nyx_1000,prod_VsZxlGOSxeHyf,plan_2YeqajpfNjBid,https://whop.com/checkout/plan_2YeqajpfNjBid,true
prod_nyx_1001,prod_oAyH0DaDHAHkB,plan_51SRpIg6AXBj9,https://whop.com/checkout/plan_51SRpIg6AXBj9,true
prod_nyx_1002,prod_vw157HrC9xbcP,plan_g11R64I7SwBeQ,https://whop.com/checkout/plan_g11R64I7SwBeQ,true
prod_nyx_1003,prod_Ldck8KKOAPJ8u,plan_HHCeeaKN8X4LA,https://whop.com/checkout/plan_HHCeeaKN8X4LA,true
prod_nyx_1004,prod_npdCDZ4egYKFo,plan_f3GaVTpUakX4v,https://whop.com/checkout/plan_f3GaVTpUakX4v,true
prod_nyx_1005,prod_HZ25tmPLbHIIx,plan_xPsR1n5w9BmFh,https://whop.com/checkout/plan_xPsR1n5w9BmFh,true
prod_nyx_1006,prod_JPJb21j3sU0Az,plan_AQM8sbhFeKBTk,https://whop.com/checkout/plan_AQM8sbhFeKBTk,true
prod_nyx_1007,prod_fJnubEW7aGeLm,plan_66P1mnvrKoAri,https://whop.com/checkout/plan_66P1mnvrKoAri,true
prod_nyx_1008,prod_PmfS0A3lEFE1Q,plan_oVGEOPS8tizXd,https://whop.com/checkout/plan_oVGEOPS8tizXd,true
prod_nyx_1009,prod_XJsL4oqvpGhCB,plan_nlsTDvXHx2ziu,https://whop.com/checkout/plan_nlsTDvXHx2ziu,true
prod_nyx_1010,prod_PAoSoylnuLIe2,plan_VlBHi3fXqNjX5,https://whop.com/checkout/plan_VlBHi3fXqNjX5,true
prod_nyx_1011,prod_EfoIxdVwouGtQ,plan_Z5q0bSFvMi9S2,https://whop.com/checkout/plan_Z5q0bSFvMi9S2,true
prod_nyx_1012,prod_9UkgB1Q2L7QBT,plan_j7ktHXMwEwfcm,https://whop.com/checkout/plan_j7ktHXMwEwfcm,true
prod_nyx_1013,prod_XX6n10qV5dg2M,plan_OwkO8aaTaJzK7,https://whop.com/checkout/plan_OwkO8aaTaJzK7,true
prod_nyx_1014,prod_7Kt7Awcw8xbLy,plan_OdohnJZxfuZc1,https://whop.com/checkout/plan_OdohnJZxfuZc1,true
prod_nyx_1015,prod_R3biPCA7LaBdn,plan_XWT9oFMZmszUY,https://whop.com/checkout/plan_XWT9oFMZmszUY,true
prod_nyx_1016,prod_s2SZsVPMhaXxy,plan_XqotIBpzcA7u8,https://whop.com/checkout/plan_XqotIBpzcA7u8,true
prod_nyx_1017,prod_K4E8MTVXw4RaY,plan_8xpupruh1efuN,https://whop.com/checkout/plan_8xpupruh1efuN,true
prod_nyx_1018,prod_7iJFFZkEL7qbu,plan_6GQCUTD6z7Yk1,https://whop.com/checkout/plan_6GQCUTD6z7Yk1,true
prod_nyx_1019,prod_bPyZqJK3q9Phn,plan_WfJm38eZNoAYI,https://whop.com/checkout/plan_WfJm38eZNoAYI,true
prod_nyx_1020,prod_mIVIxuC2KaErF,plan_48KOYkEIS4iCA,https://whop.com/checkout/plan_48KOYkEIS4iCA,true
prod_nyx_1021,prod_S1fZBcLbCa8Oi,plan_HeenkQYr8TRNJ,https://whop.com/checkout/plan_HeenkQYr8TRNJ,true
prod_nyx_1022,prod_1jfQSuJoRVp9t,plan_n1ETFpgl3Qnzb,https://whop.com/checkout/plan_n1ETFpgl3Qnzb,true
prod_nyx_1023,prod_xSaOK23lDtLCS,plan_hzwKAGK8Krub0,https://whop.com/checkout/plan_hzwKAGK8Krub0,true
prod_nyx_1024,prod_hEgeso2WUROTl,plan_DBkt8RmJGO86j,https://whop.com/checkout/plan_DBkt8RmJGO86j,true
prod_nyxeris_horizon_screenbar_light,prod_tebizzcvHNepl,plan_063HuJFxC1ZGn,https://whop.com/checkout/plan_063HuJFxC1ZGn,false
prod_nyxeris_vektor_titanium_tool,prod_unrUtL6UYwGcR,plan_iBE0O3q2QXG7k,https://whop.com/checkout/plan_iBE0O3q2QXG7k,false
prod_pulse_dock,prod_x7x6U5rCVJh8i,,https://whop.com/checkout/plan_cL2kzNNa0W0Kq,
prod_nyx_0222,prod_QMxWqUXJITHrk,,https://whop.com/checkout/plan_rBKJsjxs528eg,
prod_nyx_0228,prod_VACMYV3eNURiV,,https://whop.com/checkout/plan_6DON9cSsg5KO8,
prod_nyxeris_matrix_magsafe_station,prod_4Qs1f26rztzrf,,https://whop.com/checkout/plan_typ8ofBCjYREu,
prod_obsidian_board,prod_vzYEtEA8GOphZ,,https://whop.com/checkout/plan_ElPRTuJVA6Ukh,
prod_nyx_0221,prod_YIxxTCcxPAKcY,,https://whop.com/checkout/plan_f2KQ0LhbT9aqW,
prod_nyx_0229,prod_GYzE5MYjtVvpK,,https://whop.com/checkout/plan_o8P7LzCVi4E1f,
prod_cj_0020,prod_WY9rX8R4gdFHz,,https://whop.com/checkout/plan_LIHBfJQrS3jKP,
prod_lumina_pad,prod_BqmpfCDNa5nIQ,,https://whop.com/checkout/plan_UqR889RGtuxfj,
prod_nyx_0220,prod_YXjSL9soniL33,,https://whop.com/checkout/plan_ImSfI2OCA2Yys,
prod_cj_0003,prod_4iKBHnfIO6kXf,,https://whop.com/checkout/plan_9w6Rid2v71a6M,
prod_horizon_light,prod_pMl3T9SpIhatD,,https://whop.com/checkout/plan_Z280nZIOmmbNd,
prod_cj_0006,prod_GSJN119LSerHs,,https://whop.com/checkout/plan_7OwrmaBGBnBe0,
prod_cj_0009,prod_PKONBFk4gPjNd,,https://whop.com/checkout/plan_UXSimwGeKrBG3,
prod_edc_tool,prod_FpmAeZcilPqwO,,https://whop.com/checkout/plan_YLooOkqmJC5cY,
prod_nyx_0224,prod_kEzUTofnc8m2d,,https://whop.com/checkout/plan_80AgWkt3aVJA2,
prod_nyx_0225,prod_tE6nBklAL97No,,https://whop.com/checkout/plan_Ryh9UBLw6o7kr,
prod_apex_audio,prod_si2toVFUmDbVH,,https://whop.com/checkout/plan_q4vmqEcdcCrar,
prod_cj_0103,prod_UoMmvof1TIxFn,,https://whop.com/checkout/plan_p9fUKaygQZjoM,
prod_cj_0005,prod_qGvnF88VZJTfU,plan_vx1Gjp17BRiDS,https://whop.com/checkout/plan_vx1Gjp17BRiDS,true
prod_local_0e5ea223,prod_kU5ny2GAeDnh1,plan_N1yeo2rVpYD7o,https://whop.com/checkout/plan_N1yeo2rVpYD7o,true
prod_local_23f420ff,prod_ueEWzv7YFAAum,plan_m6f8624i26wK5,https://whop.com/checkout/plan_m6f8624i26wK5,true
prod_local_3084e7ba,prod_jHvfzjVTHiMEC,plan_TUgqUrsJdQXQg,https://whop.com/checkout/plan_TUgqUrsJdQXQg,true
prod_local_4996a1a5,prod_q1XR7Upr9fW2A,plan_4XiT9TiryUcz4,https://whop.com/checkout/plan_4XiT9TiryUcz4,true
prod_local_791d64e3,prod_F1pzgB2JPqVzv,plan_Is6dozcNFsmSP,https://whop.com/checkout/plan_Is6dozcNFsmSP,true
prod_local_914499b7,prod_xXzQiTCD5KGcJ,plan_xYSGSMIc3BOIW,https://whop.com/checkout/plan_xYSGSMIc3BOIW,true
prod_local_ab8c6324,prod_MT53esWEqGjA2,plan_hgL59zaLZITBi,https://whop.com/checkout/plan_hgL59zaLZITBi,true
prod_local_b8a8c0b5,prod_q90ZkIMKDzKPI,plan_H6rawt1aTrhyz,https://whop.com/checkout/plan_H6rawt1aTrhyz,true
prod_local_b990ffe9,prod_8PBcKhPajmgeC,plan_90rqGuQLfljQX,https://whop.com/checkout/plan_90rqGuQLfljQX,true
prod_local_bd9f101a,prod_htoMfm61GEOoo,plan_2R0xD1k2wpWMw,https://whop.com/checkout/plan_2R0xD1k2wpWMw,true
prod_local_cbea8eec,prod_DEGWOtpc6TYj1,plan_LgBpB4GZe5qfO,https://whop.com/checkout/plan_LgBpB4GZe5qfO,true
prod_local_f76ddbc8,prod_IkxcHcxnGC4iV,plan_mI4BsjfA7ldl4,https://whop.com/checkout/plan_mI4BsjfA7ldl4,true