Internal ID,Product Name,Category,Retail Price USD,Compare At Price USD,Supplier Cost USD,Gross Margin %,SKU,Whop Product ID,Whop Checkout URL,Image URL,Stock
prod_apex_audio,Sphere Spatial Studio Active Noise-Cancelling Earbuds,Audio & Headphones,129.00,174.15,38.00,70.5%,NYX-AUD-SPH01,prod_si2toVFUmDbVH,https://whop.com/checkout/plan_q4vmqEcdcCrar,https://images.unsplash.com/photo-1590658268037-6bf12165a8df?w=800&auto=format&fit=crop&q=80,33
prod_cj_0001,7-inch Car Monitor Desktop Reversing Monitor Display,Automotive & Travel,31.30,42.26,9.78,68.8%,CJ-240924035057,prod_xsbmisyRZ4rdT,https://whop.com/checkout/plan_gqimGEVCgg73X,"https://oss-cf.cjdropshipping.com/product/2024/09/25/06/63a50c1b-7c38-4ce8-9660-d2b9c920b167_fine.jpeg?x-oss-process=image/format,webp,image/resize,m_fill,m_pad,w_250,h_250",85
prod_cj_0002,Car Display AP-1 Car HUD Head-up Display OBD GPS Driving Computer Code,Automotive & Travel,65.40,88.29,22.89,65.0%,CJ-140968771564,prod_0cM0iwMt8VdiB,https://whop.com/checkout/plan_3ZoamUtRaFMeZ,"https://cf.cjdropshipping.com/5f125b7d-4eb6-421f-89ff-d6e68835be10.png?x-oss-process=image/format,webp,image/resize,m_fill,m_pad,w_250,h_250",85
prod_cj_0003,Aluminum Alloy Computer Monitor Increase Rack Desktop Storage Bracket Notebook Desktop Computer,Workspace & Desk Accessories,81.86,110.51,28.65,65.0%,CJ-137383360674,prod_4iKBHnfIO6kXf,https://whop.com/checkout/plan_9w6Rid2v71a6M,"https://cf.cjdropshipping.com/1616382186663.jpg?x-oss-process=image/format,webp,image/resize,m_fill,m_pad,w_250,h_250",85
prod_cj_0005,H198 HD Six-light Infrared Night Vision Recorder Classic Popular Aircraft Nose Traffic,Automotive & Travel,16.64,22.46,5.20,68.8%,CJ-162820687768,prod_qGvnF88VZJTfU,https://whop.com/checkout/plan_vx1Gjp17BRiDS,"https://cc-west-usa.oss-accelerate.aliyuncs.com/5ec66f93-8577-4a97-9e2f-fe8478f6ee60.png?x-oss-process=image/format,webp,image/resize,m_fill,m_pad,w_250,h_250",85
prod_cj_0006,LED sensor light bar,Lighting & Ambience,12.72,17.17,3.18,75.0%,CJ-10A2E8CF-227,prod_GSJN119LSerHs,https://whop.com/checkout/plan_7OwrmaBGBnBe0,"https://cf.cjdropshipping.com/15944832/1006442521780.jpg?x-oss-process=image/format,webp,image/resize,m_fill,m_pad,w_250,h_250",85
prod_cj_0007,Computer Video Light Mobile Phone Selfie Fill Light,Lighting & Ambience,4.16,5.62,1.04,75.0%,CJ-240615114414,prod_0FpUkiyikDorK,https://whop.com/checkout/plan_bbyTL4HAmbsJK,"https://cf.cjdropshipping.com/quick/product/9b97b98f-5b0e-42a5-9814-5d51335c4486.jpg?x-oss-process=image/format,webp,image/resize,m_fill,m_pad,w_250,h_250",85
prod_cj_0008,Party Computer Game Desktop Atmosphere Light,Lighting & Ambience,19.80,26.73,4.95,75.0%,CJ-240611063715,prod_kaJzHWvAq6AQC,https://whop.com/checkout/plan_jQr5rzbJwQl9l,"https://oss-cf.cjdropshipping.com/product/2024/06/11/06/fe66318f-54ef-4ab9-9137-524bbb825f22_trans.jpeg?x-oss-process=image/format,webp,image/resize,m_fill,m_pad,w_250,h_250",85
prod_cj_0009,Led Rechargeable Bar Table Lamp Quiet Bar Service Script Light,Lighting & Ambience,11.28,15.23,2.82,75.0%,CJ-250828014349,prod_PKONBFk4gPjNd,https://whop.com/checkout/plan_UXSimwGeKrBG3,"https://oss-cf.cjdropshipping.com/product/2025/08/28/01/372ac4f5-04bb-4822-85ef-93e93d193f55_trans.jpeg?x-oss-process=image/format,webp,image/resize,m_fill,m_pad,w_250,h_250",85
prod_cj_0010,Modeling Neon Light Luminous Character Billboard Creative Light Bar,Lighting & Ambience,19.44,26.24,4.86,75.0%,CJ-250111015549,prod_rjysQhF4GY3WB,https://whop.com/checkout/plan_2uNj11CfLOe93,"https://oss-cf.cjdropshipping.com/product/2025/01/11/01/c7d2354e-c34e-4e21-b1bc-a9872d21c268_trans.jpeg?x-oss-process=image/format,webp,image/resize,m_fill,m_pad,w_250,h_250",85
prod_cj_0011,Multifunctional Folding Book Light Battery Night Light Creative Learning Bedside Light,Lighting & Ambience,9.72,13.12,2.43,75.0%,CJ-138577019918,prod_buN4Kfy5STCxy,https://whop.com/checkout/plan_mLDAC1QUMhwXs,"https://cc-west-usa.oss-accelerate.aliyuncs.com/1619228177895.jpg?x-oss-process=image/format,webp,image/resize,m_fill,m_pad,w_250,h_250",85
prod_cj_0012,Sewing Machine Light Strip Touch Sensitive Dimming LED Light Bar,Lighting & Ambience,31.97,43.16,9.99,68.8%,CJ-0BA7B552-667,prod_jx4B1n7MzC0ty,https://whop.com/checkout/plan_XMlaUyf0luiMx,"https://cc-west-usa.oss-accelerate.aliyuncs.com/20190620/3519121044737.png?x-oss-process=image/format,webp,image/resize,m_fill,m_pad,w_250,h_250",85
prod_cj_0013,US Solar Camera Low Power Monitor Dual Lens Monitor,"Home, Wellness & Lifestyle",11.28,15.23,2.82,75.0%,CJ-250816085207,prod_PzkISCaKPfU1n,https://whop.com/checkout/plan_IoBEnoIgWTK5t,https://frontend-cf.cjdropshipping.com/config-resource/cj/img_default.jpeg,85
prod_cj_0014,Usb Computer Web Camera 1080P Fill Light Beauty Uvc Songhan Pc Camera,Workspace & Desk Accessories,22.27,30.06,6.96,68.7%,CJ-138722009145,prod_TN15Ne3Pcxobe,https://whop.com/checkout/plan_i0o793UhUNwQ0,"https://cf.cjdropshipping.com/1619573801485.jpg?x-oss-process=image/format,webp,image/resize,m_fill,m_pad,w_250,h_250",85
prod_cj_0015,LED Linear Light Embedded Aluminum Lamp Slot U-shaped Alloy Linear Light Bar,Lighting & Ambience,6.32,8.53,1.58,75.0%,CJ-250805073945,prod_Q1PnSXVNf3pWh,https://whop.com/checkout/plan_kIF7M6s2WQgI9,https://frontend-cf.cjdropshipping.com/config-resource/cj/img_default.jpeg,85
prod_cj_0016,English and Russian bilingual speed measuring radar electronic dog,Automotive & Travel,27.74,37.45,8.67,68.7%,CJ-1BAF9F05-ABB,prod_QObr0v5p8GW9p,https://whop.com/checkout/plan_TbcK7KD4YPdhR,"https://cc-west-usa.oss-accelerate.aliyuncs.com/2061/3311529998911.jpg?x-oss-process=image/format,webp,image/resize,m_fill,m_pad,w_250,h_250",85
prod_cj_0017,Head-up Display Gps High-definition Speed Water Temperature Turbine Monitoring,Automotive & Travel,76.94,103.87,26.93,65.0%,CJ-138009453696,prod_jK5oSLhmMO7Fr,https://whop.com/checkout/plan_rJ6KkTvioLrPO,https://frontend-cf.cjdropshipping.com/config-resource/cj/img_default.jpeg,85
prod_cj_0018,New Original Podofo A1 Mini Car DVR Camera DASH CAM Full HD,Automotive & Travel,15.08,20.36,3.77,75.0%,CJ-1F8D1B20-6FE,prod_wAy5dLMUPthbV,https://whop.com/checkout/plan_0n2v95pzmlbkq,"https://cf.cjdropshipping.com/20180907/2175215957062.png?x-oss-process=image/format,webp,image/resize,m_fill,m_pad,w_250,h_250",85
prod_cj_0020,Led super large shiny mouse pad,Keyboards & Peripherals,11.88,16.04,2.97,75.0%,CJ-361DD967-321,prod_WY9rX8R4gdFHz,https://whop.com/checkout/plan_LIHBfJQrS3jKP,"https://cc-west-usa.oss-accelerate.aliyuncs.com/15667488/255114328625.jpg?x-oss-process=image/format,webp,image/resize,m_fill,m_pad,w_250,h_250",85
prod_cj_0021,Table Pad Line Gaming Mouse Mat,Keyboards & Peripherals,3.12,4.21,0.78,75.0%,CJ-179538909915,prod_wcJx28MI28HTT,https://whop.com/checkout/plan_jkFbth7H91Gjf,"https://cf.cjdropshipping.com/quick/product/fff91767-b838-4380-ac8b-8d7da18c7842.jpg?x-oss-process=image/format,webp,image/resize,m_fill,m_pad,w_250,h_250",85
prod_cj_0022,Competitive Gaming Office Waterproof Mouse Pad,Keyboards & Peripherals,23.46,31.67,7.33,68.8%,CJ-138720512307,prod_OHU0xV165N8u4,https://whop.com/checkout/plan_3tlWEup1dkSR9,"https://cc-west-usa.oss-accelerate.aliyuncs.com/1619570240083.jpg?x-oss-process=image/format,webp,image/resize,m_fill,m_pad,w_250,h_250",85
prod_cj_0023,Men's leather washed leather jacket,Apparel & Outerwear,52.11,70.35,18.24,65.0%,CJ-B949E2ED-0D5,prod_tSTS88TSU3eof,https://whop.com/checkout/plan_JVOPbQ2iDNPm3,"https://cf.cjdropshipping.com/20200904/362915314679.jpg?x-oss-process=image/format,webp,image/resize,m_fill,m_pad,w_250,h_250",85
prod_cj_0024,Mouse Pad Oversized Stain-resistant Office Non-slip,Keyboards & Peripherals,5.40,7.29,1.35,75.0%,CJ-240623023647,prod_VkAs34k8CvoHt,https://whop.com/checkout/plan_KxMzNEyUb63JB,"https://cf.cjdropshipping.com/quick/product/a7b3e45b-204b-43dc-b01f-3530df399250.jpg?x-oss-process=image/format,webp,image/resize,m_fill,m_pad,w_250,h_250",85
prod_cj_0025,Notebook Computer Liner Bag Mouse Pad Protective Holster,Keyboards & Peripherals,17.68,23.87,4.42,75.0%,CJ-141010349146,prod_qfYNoV6YoumA3,https://whop.com/checkout/plan_HrZqM6oENM3eI,"https://cf.cjdropshipping.com/2befe572-190b-4454-ad31-de385227d370.jpg?x-oss-process=image/format,webp,image/resize,m_fill,m_pad,w_250,h_250",85
prod_cj_0026,Cat Scratching Board Mouse Sisal Cat Scratching Pad,Keyboards & Peripherals,9.00,12.15,2.25,75.0%,CJ-139847403875,prod_oNPlQEH59tJoW,https://whop.com/checkout/plan_WutODBwy8XuWO,"https://cf.cjdropshipping.com/1622256924927.jpg?x-oss-process=image/format,webp,image/resize,m_fill,m_pad,w_250,h_250",85
prod_cj_0027,Popular Motorcycle Leather Men's Leather Clothing,Apparel & Outerwear,35.01,47.26,10.94,68.8%,CJ-250105065741,prod_9nSVRnywh2iJm,https://whop.com/checkout/plan_lIrgDBN2mCI8O,"https://cf.cjdropshipping.com/quick/product/a4cf466b-a3a8-4825-a02d-7e99df8d8002.jpg?x-oss-process=image/format,webp,image/resize,m_fill,m_pad,w_250,h_250",85
prod_cj_0028,Stand-up collar leather padded leather jacket,Apparel & Outerwear,22.91,30.93,7.16,68.7%,CJ-EFA82799-2ED,prod_aybA1w7PGyZBI,https://whop.com/checkout/plan_LWBAR5V1SZ54Q,"https://cf.cjdropshipping.com/2059/466847051344.jpg?x-oss-process=image/format,webp,image/resize,m_fill,m_pad,w_250,h_250",85
prod_cj_0029,Women's Faux Leather Retro Biker's Leather Coat,Apparel & Outerwear,45.00,60.75,15.75,65.0%,CJ-240831054606,prod_KL4yjetvAV8ms,https://whop.com/checkout/plan_wxUVKwoXXnY6T,"https://cf.cjdropshipping.com/quick/product/c3600e37-08b5-4d6a-ab5f-cb6d1ce0f004.jpg?x-oss-process=image/format,webp,image/resize,m_fill,m_pad,w_250,h_250",85
prod_cj_0030,Spring Leather Men's Slim Stand Collar Leather Jacket,Apparel & Outerwear,116.37,157.10,40.73,65.0%,CJ-136955115932,prod_sXjoBRk8kh0Nn,https://whop.com/checkout/plan_0Wq9A7O8csnhp,"https://cc-west-usa.oss-accelerate.aliyuncs.com/1615361127449.jpg?x-oss-process=image/format,webp,image/resize,m_fill,m_pad,w_250,h_250",85
prod_cj_0031,"Large Mouse Pad, Gaming Gaming, Colorful Seaming, Waterproof Cloth",Keyboards & Peripherals,16.77,22.64,5.24,68.8%,CJ-140181043699,prod_J38VoRbrE9hPY,https://whop.com/checkout/plan_UAUKVHeTKINdI,"https://cc-west-usa.oss-accelerate.aliyuncs.com/1623052378775.jpg?x-oss-process=image/format,webp,image/resize,m_fill,m_pad,w_250,h_250",85
prod_cj_0032,Crossbody Multifunctional Wallet Leather Case IP16 Card-inserting Leather Case,Apparel & Outerwear,25.38,34.26,7.93,68.8%,CJ-241226145640,prod_gGpRaE2LweUsR,https://whop.com/checkout/plan_3R3z9VJwDZONi,"https://cf.cjdropshipping.com/quick/product/8c5c0155-a717-4545-b960-ca6e8cb56f5e.jpg?x-oss-process=image/format,webp,image/resize,m_fill,m_pad,w_250,h_250",85
prod_cj_0033,Men's Leather Jacket Men's Youth Loose Lapel Workwear Pu Leather Jacket,Apparel & Outerwear,29.18,39.39,9.12,68.7%,CJ-135725479757,prod_dvQlUdOgA6Gyp,https://whop.com/checkout/plan_3BY6E5oI6AGjI,"https://cf.cjdropshipping.com/1612429335171.jpg?x-oss-process=image/format,webp,image/resize,m_fill,m_pad,w_250,h_250",85
prod_cj_0034,Loose Leather Jacket Motorcycle Female,Apparel & Outerwear,17.95,24.23,5.61,68.7%,CJ-240621082419,prod_5XdH5ApUqK1cE,https://whop.com/checkout/plan_rKebQOmhyCgTF,"https://cf.cjdropshipping.com/quick/product/33345214-1df0-40eb-92c4-4a6148ea3ee5.jpg?x-oss-process=image/format,webp,image/resize,m_fill,m_pad,w_250,h_250",85
prod_cj_0035,Pure Cowhide Biker's Leather Jacket,Apparel & Outerwear,164.77,222.44,57.67,65.0%,CJ-240705043827,prod_wVUzEl1ztrWf3,https://whop.com/checkout/plan_UbAWgwZ4y87N2,"https://cf.cjdropshipping.com/quick/product/5b3ff548-f46f-479e-b7a7-e0f13a02ed20.jpg?x-oss-process=image/format,webp,image/resize,m_fill,m_pad,w_250,h_250",85
prod_cj_0036,"Laptop Phone Holder, Adjustable Laptop Side Mount Clip, Magnetic Laptop Monitor Mount,",Workspace & Desk Accessories,23.49,31.71,7.34,68.8%,CJ-172972363435,prod_1igNVA3WyhvPe,https://whop.com/checkout/plan_8i3BqcvCe6sPF,"https://cf.cjdropshipping.com/679f3121-b2a5-4252-81d9-ec1d6cddb53c.jpg?x-oss-process=image/format,webp,image/resize,m_fill,m_pad,w_250,h_250",85
prod_cj_0037,Laptop Stand Desktop Aluminum Alloy Heat Dissipation,Workspace & Desk Accessories,37.15,50.15,11.61,68.7%,CJ-250827072721,prod_foWlkLNPCPNEw,https://whop.com/checkout/plan_eZ9bcf5aFSC6T,"https://oss-cf.cjdropshipping.com/product/2025/08/27/07/c6dd32ec-9db3-49ab-be25-e95e502582bb_trans.jpeg?x-oss-process=image/format,webp,image/resize,m_fill,m_pad,w_250,h_250",85
prod_cj_0038,New Laptop Stand Multifunctional Folding Lift Portable Laptop Stand Monitor Increase Rack,Workspace & Desk Accessories,37.82,51.06,11.82,68.7%,CJ-DCB495CC-80F,prod_yFG34bXzRHTvO,https://whop.com/checkout/plan_j3vOnCgGNIW9N,"https://oss-cf.cjdropshipping.com/product/2024/03/21/07/93a7bc1e-4fa2-4744-b123-5913cde779b0.jpg?x-oss-process=image/format,webp,image/resize,m_fill,m_pad,w_250,h_250",85
prod_cj_0039,Foldable laptop stand,Workspace & Desk Accessories,12.40,16.74,3.10,75.0%,CJ-4C56FFFA-399,prod_sIPR9tHJWWjA0,https://whop.com/checkout/plan_hTFEVOBp7e67Q,"https://cc-west-usa.oss-us-west-1.aliyuncs.com/20200301/649667129707.jpg?x-oss-process=image/format,webp,image/resize,m_fill,m_pad,w_250,h_250",85
prod_cj_0040,Car Dining Table Rear Seat Folding Rice Table Laptop Stand,Automotive & Travel,50.11,67.65,17.54,65.0%,CJ-240617100019,prod_atBIea4pxzvEc,https://whop.com/checkout/plan_XT8x7TaUQ2qSw,"https://cf.cjdropshipping.com/quick/product/1f1819b9-7138-4048-8bbf-542dc46d91b0.jpg?x-oss-process=image/format,webp,image/resize,m_fill,m_pad,w_250,h_250",85
prod_cj_0042,15W 3 In 1 LED Fast Wireless Charger Stand Foldable Charging Station,Smart Gear & Power,18.12,24.46,4.53,75.0%,CJ-240830071622,prod_rLNlXMGc2gfeW,https://whop.com/checkout/plan_zUJtBYQP95ajr,"https://oss-cf.cjdropshipping.com/product/2024/09/19/06/de329d46-5fbb-4564-ab7a-45fe417fdaed.jpg?x-oss-process=image/format,webp,image/resize,m_fill,m_pad,w_250,h_250",85
prod_cj_0043,"Compatible with Apple , 3-in-1 Wireless Charger",Smart Gear & Power,31.49,42.51,9.84,68.8%,CJ-9EC48B24-A97,prod_cV4i3ivhcoACx,https://whop.com/checkout/plan_ZQ08ymTHaf8SY,"https://cc-west-usa.oss-accelerate.aliyuncs.com/20190319/2491014586587.png?x-oss-process=image/format,webp,image/resize,m_fill,m_pad,w_250,h_250",85
prod_cj_0044,Plastic 3 In 1 Wireless Charger Stand Fast,Smart Gear & Power,13.40,18.09,3.35,75.0%,CJ-158895340166,prod_xLWJnC2JRlbHn,https://whop.com/checkout/plan_sgUl2xaLlvF5B,"https://cf.cjdropshipping.com/3b91f8f1-50bf-40dd-b1bc-cae6fb469ff5.jpg?x-oss-process=image/format,webp,image/resize,m_fill,m_pad,w_250,h_250",85
prod_cj_0045,Three-in-one Vertical Magnetic Wireless Portable Wireless Charger,Smart Gear & Power,34.50,46.58,10.78,68.8%,CJ-250528095439,prod_gcKJcNzkPQzHO,https://whop.com/checkout/plan_OUxgYsfJcPICP,"https://oss-cf.cjdropshipping.com/product/2025/05/28/09/20c2a684-652f-492a-be40-10cb44a1c3b7_fine.jpeg?x-oss-process=image/format,webp,image/resize,m_fill,m_pad,w_250,h_250",85
prod_cj_0046,Transparent Folding Magnetic Three-in-one Wireless Charger,Smart Gear & Power,34.50,46.58,10.78,68.8%,CJ-240801030330,prod_KJW0BZRmGkF9G,https://whop.com/checkout/plan_BTp1IA1J0H3hm,"https://oss-cf.cjdropshipping.com/product/2024/08/02/03/1f0ae125-3edb-4c07-bad3-26445d4c9fee_fine.jpeg?x-oss-process=image/format,webp,image/resize,m_fill,m_pad,w_250,h_250",85
prod_cj_0047,Three-in-one Basketball Magnetic Wireless Charger,Smart Gear & Power,164.89,222.60,57.71,65.0%,CJ-250107030254,prod_Nfz6YoehORVy9,https://whop.com/checkout/plan_oPVvgRJdUc0Lv,"https://oss-cf.cjdropshipping.com/product/2025/01/07/03/b15214e9-6783-4b19-842b-2e7ebf98afdb_trans.jpeg?x-oss-process=image/format,webp,image/resize,m_fill,m_pad,w_250,h_250",85
prod_cj_0048,Folding Magnetic Three-in-one Wireless Charger,Smart Gear & Power,38.75,52.31,12.11,68.7%,CJ-179610352237,prod_LajCa7YSmpSUW,https://whop.com/checkout/plan_kP6IxW4dLJwcy,"https://oss-cf.cjdropshipping.com/product/2024/05/30/08/986e7971-1499-4c4d-bf28-b14fefaf8b3d_trans.jpeg?x-oss-process=image/format,webp,image/resize,m_fill,m_pad,w_250,h_250",85
prod_cj_0049,Three-in-one Wireless Charger Electrical Foldable Double Wire Ambience Light Mobile Phone Wireless,Smart Gear & Power,12.80,17.28,3.20,75.0%,CJ-158699090974,prod_VGY3OKZ4bPQRt,https://whop.com/checkout/plan_WUfJhxHoQVwmI,"https://cf.cjdropshipping.com/409d441f-542c-4639-9162-281be030d92b.jpg?x-oss-process=image/format,webp,image/resize,m_fill,m_pad,w_250,h_250",85
prod_cj_0050,3 IN 1 Magnetic Folding Wireless Charger Station For IPhone Transparent Fast,Smart Gear & Power,63.97,86.36,22.39,65.0%,CJ-165576849458,prod_vxOmZXKqjf4Ej,https://whop.com/checkout/plan_Mu33kUkEj8h6o,"https://cf.cjdropshipping.com/eba5f6e8-9b22-4d3d-aa8e-9b7856b4b22f.png?x-oss-process=image/format,webp,image/resize,m_fill,m_pad,w_250,h_250",85
prod_cj_0051,Folding Three-in-one Wireless Charger Portable Magnetic Suction,Smart Gear & Power,25.41,34.30,7.94,68.8%,CJ-173920976558,prod_l78oPIjcC4Ag3,https://whop.com/checkout/plan_lJjvzVB2itpLr,"https://oss-cf.cjdropshipping.com/product/2024/03/04/05/e56db74e-e289-4604-a992-815283800025.jpg?x-oss-process=image/format,webp,image/resize,m_fill,m_pad,w_250,h_250",85
prod_cj_0052,Magnetic Three-in-one 15W Wireless Charger With Clock,Smart Gear & Power,24.42,32.97,7.63,68.8%,CJ-240718080208,prod_khLybnuvarm94,https://whop.com/checkout/plan_uU0t8JfwkZXET,"https://oss-cf.cjdropshipping.com/product/2024/07/19/05/88087108-8245-4aa8-8ce2-0a164d67716d_fine.jpeg?x-oss-process=image/format,webp,image/resize,m_fill,m_pad,w_250,h_250",85
prod_cj_0053,Magnetic Portable Smart Watch Wireless Charger,Watches & Timepieces,16.10,21.74,5.03,68.8%,CJ-241213095523,prod_HdqrRDijRssuT,https://whop.com/checkout/plan_sToOcZOJonN9w,"https://cf.cjdropshipping.com/quick/product/43df5acc-acb7-4890-ade6-2763cb6bd5a4.jpg?x-oss-process=image/format,webp,image/resize,m_fill,m_pad,w_250,h_250",85
prod_cj_0054,Portable Wireless Charger Folding Magnetic,Smart Gear & Power,30.78,41.55,9.62,68.7%,CJ-241229021035,prod_gn66Z9SIVaiye,https://whop.com/checkout/plan_K7owBhVFxci9R,"https://oss-cf.cjdropshipping.com/product/2024/12/29/02/3833f717-d69f-48e2-a2ac-177a63311598_trans.jpeg?x-oss-process=image/format,webp,image/resize,m_fill,m_pad,w_250,h_250",85
prod_cj_0055,Creative Portable Folding Ring Two-in-one Magnetic Wireless Charger,Smart Gear & Power,32.48,43.85,10.15,68.8%,CJ-240718082421,prod_ehqa3CLPP8xsE,https://whop.com/checkout/plan_k5Lv7ajYzcYoD,"https://cf.cjdropshipping.com/quick/product/07d7e2c7-03b5-427c-90cf-81ea4a34cfa8.jpg?x-oss-process=image/format,webp,image/resize,m_fill,m_pad,w_250,h_250",85
prod_cj_0056,Three in one wireless charger,Smart Gear & Power,21.12,28.51,6.60,68.8%,CJ-981CED52-CDF,prod_8Hx1NoydYBb1a,https://whop.com/checkout/plan_qjl7mkHUZNVEk,"https://cf.cjdropshipping.com/20200914/1817043679414.png?x-oss-process=image/format,webp,image/resize,m_fill,m_pad,w_250,h_250",85
prod_cj_0057,Qi2 Protocol Magnetic Touch Rotating Wireless Charger,Smart Gear & Power,134.14,181.09,46.95,65.0%,CJ-240830061037,prod_uONnLHs8QnIJt,https://whop.com/checkout/plan_GOnCEC4GWl5ti,"https://oss-cf.cjdropshipping.com/product/2024/08/30/06/32ffd603-e4b4-40bd-ab14-75deee2995d0_trans.jpeg?x-oss-process=image/format,webp,image/resize,m_fill,m_pad,w_250,h_250",85
prod_cj_0058,Mobile Phone Watch Headset Three-in-one Magnetic Rotating Wireless Charger,Watches & Timepieces,56.69,76.53,19.84,65.0%,CJ-179353184921,prod_AOnVye5nKaoYw,https://whop.com/checkout/plan_5BHlG5bqO67de,"https://cf.cjdropshipping.com/quick/product/2d871aca-3341-4362-9861-7a3de083d777.jpg?x-oss-process=image/format,webp,image/resize,m_fill,m_pad,w_250,h_250",85
prod_cj_0059,540 Rotate Luminous Magnetic Cable 3A Fast Charging Mobile Phone Charge Cable,Smart Gear & Power,6.92,9.34,1.73,75.0%,CJ-138442833705,prod_aPvXHyuw8KINw,https://whop.com/checkout/plan_IN97y3cLCgOYj,"https://cf.cjdropshipping.com/102b8c56-db9d-44e5-95b9-0478f7761629.jpg?x-oss-process=image/format,webp,image/resize,m_fill,m_pad,w_250,h_250",85
prod_cj_0060,USB Type C To USB C Cable 100W 66W Fast Charging,Smart Gear & Power,7.56,10.21,1.89,75.0%,CJ-162029612267,prod_9xDtvqHiC0w1m,https://whop.com/checkout/plan_OwuCCNEIijv9d,"https://cc-west-usa.cjdropshipping.com/aae125ab-f367-454d-baee-55121cfa121b.jpg?x-oss-process=image/format,webp,image/resize,m_fill,m_pad,w_250,h_250",85
prod_cj_0061,Braided Nylon Usb Type-C Usb-C Data Cable For Fast Charging And Data,Smart Gear & Power,31.97,43.16,9.99,68.8%,CJ-137636475456,prod_pDzRew0JAO4AC,https://whop.com/checkout/plan_HzAG67P2bLPly,"https://cc-west-usa.oss-accelerate.aliyuncs.com/1616985474298.jpg?x-oss-process=image/format,webp,image/resize,m_fill,m_pad,w_250,h_250",85
prod_cj_0062,Slingshot Aluminum Alloy Type-c Cellphone Charging & Data Cable Applicable Tyc Data,Smart Gear & Power,4.36,5.89,1.09,75.0%,CJ-240615095859,prod_Vdg9R59YMvwjx,https://whop.com/checkout/plan_swxEkx8WaS96h,"https://cf.cjdropshipping.com/quick/product/71ac4562-2537-4a01-bb2b-9d1e61d935ea.jpg?x-oss-process=image/format,webp,image/resize,m_fill,m_pad,w_250,h_250",85
prod_cj_0063,Digital Display Double Type-c Fast Charging Mobile Phone Data Cable,Smart Gear & Power,5.60,7.56,1.40,75.0%,CJ-250104033917,prod_xEfSFodJsAuog,https://whop.com/checkout/plan_PqogjAxSO2isj,"https://oss-cf.cjdropshipping.com/product/2025/01/04/03/bb451890-7dfa-4232-be2d-e4dc387f09a4_trans.jpeg?x-oss-process=image/format,webp,image/resize,m_fill,m_pad,w_250,h_250",85
prod_cj_0064,"Compatible With , Rogue Dog Data Cable Type C For Android Sport",Smart Gear & Power,11.48,15.50,2.87,75.0%,CJ-8A06779A-4C8,prod_SzZU9kk0k55dT,https://whop.com/checkout/plan_WFlkJOioDJPJG,"https://cf.cjdropshipping.com/1620293553721.jpg?x-oss-process=image/format,webp,image/resize,m_fill,m_pad,w_250,h_250",85
prod_cj_0065,New High-density Braided Flash Charging Data Cable Dual Type-c Charger,Smart Gear & Power,15.00,20.25,3.75,75.0%,CJ-138179209196,prod_RoDUV7i24vPA6,https://whop.com/checkout/plan_Oqz2M8nuN72mP,"https://cc-west-usa.cjdropshipping.com/1618312538944.jpg?x-oss-process=image/format,webp,image/resize,m_fill,m_pad,w_250,h_250",85
prod_cj_0066,"Compatible with Apple , Type-C Liquid Soft Rubber Data Cable For Android",Smart Gear & Power,2.20,2.97,0.55,75.0%,CJ-143191935247,prod_pNDmhrWR4aBEX,https://whop.com/checkout/plan_MYBKlgj6Dw8zx,"https://cc-west-usa.oss-accelerate.aliyuncs.com/a1195926-6073-473f-8f98-6edb900e88fc.jpg?x-oss-process=image/format,webp,image/resize,m_fill,m_pad,w_250,h_250",85
prod_cj_0067,"Compatible with Apple, Compatible with Apple , PD100W Dual-head Type-c Fast Charge",Smart Gear & Power,6.24,8.42,1.56,75.0%,CJ-139998889497,prod_nLqUt4OVA5YY6,https://whop.com/checkout/plan_7teLuRLMgQYPL,https://frontend-cf.cjdropshipping.com/config-resource/cj/img_default.jpeg,85
prod_cj_0068,Magnetic Cable LED Magnet Charger Cable USB Cable & USB Type-C USB,Smart Gear & Power,3.96,5.35,0.99,75.0%,CJ-461C62AD-6DD,prod_BNSZxaWmDi4wi,https://whop.com/checkout/plan_g0vyIlb89zyAI,"https://cc-west-usa.oss-accelerate.aliyuncs.com/20190511/2811275030690.jpg?x-oss-process=image/format,webp,image/resize,m_fill,m_pad,w_250,h_250",85
prod_cj_0069,Micro Usb Cable White Charging Cable,Smart Gear & Power,10.96,14.80,2.74,75.0%,CJ-160545188224,prod_25eM7hne341Jw,https://whop.com/checkout/plan_xcO5lv6gLTbJG,https://frontend-cf.cjdropshipping.com/config-resource/cj/img_default.jpeg,85
prod_cj_0070,3.1A Fast Charging USB Cable,Smart Gear & Power,31.97,43.16,9.99,68.8%,CJ-3104D239-C4B,prod_v5n7vyz2uXfox,https://whop.com/checkout/plan_2sJEdur7iZhIl,"https://oss-cf.cjdropshipping.com/product/2025/11/16/02/ab029e3d-1510-407d-9b99-c8a44ec302ed_trans.jpeg?x-oss-process=image/format,webp,image/resize,m_fill,m_pad,w_250,h_250",85
prod_cj_0071,Power Vibration Data Cable Magnetic Suction Charging Cable,Smart Gear & Power,70.60,95.31,24.71,65.0%,CJ-250829075904,prod_JE1zLDVTo91kT,https://whop.com/checkout/plan_ggbEN6HdG3pMx,"https://oss-cf.cjdropshipping.com/product/2025/08/29/07/64ec02ab-3b24-4fe2-bb3e-43240b9f4506.jpg?x-oss-process=image/format,webp,image/resize,m_fill,m_pad,w_250,h_250",85
prod_cj_0072,10in 1 Universal USB Charging Sync Data Cable,Smart Gear & Power,3.72,5.02,0.93,75.0%,CJ-8A32B09C-CFA,prod_rLB64LtjMIDhv,https://whop.com/checkout/plan_JUAUuKT0IZfr5,https://frontend-cf.cjdropshipping.com/config-resource/cj/img_default.jpeg,85
prod_cj_0073,6A Double USB Type-C Cable 120W Fast Charge,Smart Gear & Power,2.64,3.56,0.66,75.0%,CJ-250207072055,prod_6rpIlfIrMB9AF,https://whop.com/checkout/plan_igCoS5Z1z9wDD,"https://oss-cf.cjdropshipping.com/product/2025/02/07/07/9ac1b1c5-4f0c-4451-b371-0a90d72645b5_trans.jpeg?x-oss-process=image/format,webp,image/resize,m_fill,m_pad,w_250,h_250",85
prod_cj_0074,Suitable For Ticwatch Pro Smart Watch Magnetic Charger Ticwatch Pro Magnetic Charging,Watches & Timepieces,9.92,13.39,2.48,75.0%,CJ-138831115839,prod_JoAwEIkBSF4vC,https://whop.com/checkout/plan_LYSWE5A0YpZ8q,"https://cc-west-usa.oss-accelerate.aliyuncs.com/1619833842378.jpg?x-oss-process=image/format,webp,image/resize,m_fill,m_pad,w_250,h_250",85
prod_cj_0075,Car Model UAV 2S Lithium Battery Balance USB Charging Cable,Smart Gear & Power,5.68,7.67,1.42,75.0%,CJ-250215022718,prod_DxEYcBBg3p42l,https://whop.com/checkout/plan_HN09NwAyexWHX,"https://oss-cf.cjdropshipping.com/product/2025/02/15/02/d1698e26-9aa9-4277-9b13-5be7c68c51d2_fine.jpeg?x-oss-process=image/format,webp,image/resize,m_fill,m_pad,w_250,h_250",85
prod_cj_0076,Super Fast Charging Usb Single Head Mobile Phone Data Cable,Smart Gear & Power,2.04,2.75,0.51,75.0%,CJ-7884A323-75C,prod_doJBBoDOnY84t,https://whop.com/checkout/plan_yCGGc0XDg5eVF,"https://cc-west-usa.oss-accelerate.aliyuncs.com/20200920/1009265501235.jpg?x-oss-process=image/format,webp,image/resize,m_fill,m_pad,w_250,h_250",85
prod_cj_0077,Magnetic Wireless Portable Power Bank,Smart Gear & Power,41.44,55.94,12.95,68.8%,CJ-135758700999,prod_GsAkh1IaI303l,https://whop.com/checkout/plan_McQI2oUbZVFgY,"https://cf.cjdropshipping.com/1612508751624.jpg?x-oss-process=image/format,webp,image/resize,m_fill,m_pad,w_250,h_250",85
prod_cj_0078,Magnetic Wireless Power Bank Mobile Power Supply,Smart Gear & Power,40.32,54.43,12.60,68.8%,CJ-241023072851,prod_6Poa1xqvCVyDf,https://whop.com/checkout/plan_KCawjdji3JyVD,"https://oss-cf.cjdropshipping.com/product/2024/10/23/07/3dbedc08-b14d-42db-bc0d-fbd2d1c44c30_trans.jpeg?x-oss-process=image/format,webp,image/resize,m_fill,m_pad,w_250,h_250",85
prod_cj_0079,Magnetic Wireless Power Bank Protective Hard Bag,Smart Gear & Power,7.12,9.61,1.78,75.0%,CJ-240711013854,prod_cW13CMIOXbaLQ,https://whop.com/checkout/plan_AVIP3yTSCVvXN,"https://cf.cjdropshipping.com/quick/product/8c5ba2e5-b0a0-417a-874a-89556057e818.jpg?x-oss-process=image/format,webp,image/resize,m_fill,m_pad,w_250,h_250",85
prod_cj_0080,Ultra-thin Magnetic Wireless Power Bank 5000 MA,Smart Gear & Power,52.11,70.35,18.24,65.0%,CJ-250212095650,prod_jJ7CdG5zC087U,https://whop.com/checkout/plan_VaCKgM8v835hE,"https://oss-cf.cjdropshipping.com/product/2025/02/12/09/d08cfa7d-ef57-4984-8b5d-b2c692c2fec1_trans.jpeg?x-oss-process=image/format,webp,image/resize,m_fill,m_pad,w_250,h_250",85
prod_cj_0081,Wireless Bluetooth Keyboard Colorful PBT Keycaps Mechanical Keyboard,Keyboards & Peripherals,61.60,83.16,21.56,65.0%,CJ-138441129781,prod_EtrStY3ocecpM,https://whop.com/checkout/plan_76QCZFonvK3vu,"https://oss-cf.cjdropshipping.com/product/2024/12/31/07/9f791a62-66ff-42c5-90f3-0e85ee02f46b.jpg?x-oss-process=image/format,webp,image/resize,m_fill,m_pad,w_250,h_250",85
prod_cj_0082,Automatic mechanical pocket watch,Watches & Timepieces,34.50,46.58,10.78,68.8%,CJ-B9F79B02-EA3,prod_PgWbMBuBzfmWk,https://whop.com/checkout/plan_JBDhxQFfZXqUa,"https://cf.cjdropshipping.com/20200528/211855382897.png?x-oss-process=image/format,webp,image/resize,m_fill,m_pad,w_250,h_250",85
prod_cj_0083,Automatic Mechanical Casual Men's Watch Tourbillon,Watches & Timepieces,70.60,95.31,24.71,65.0%,CJ-142210277670,prod_1TfvTdqkYG5XG,https://whop.com/checkout/plan_ug8pQTs5SpTnk,"https://cf.cjdropshipping.com/abb8b0d7-04a0-4c14-b9bb-ef835fc0ff87.jpg?x-oss-process=image/format,webp,image/resize,m_fill,m_pad,w_250,h_250",85
prod_cj_0084,Hollow automatic men's business mechanical watch,Watches & Timepieces,1535.17,2072.48,537.31,65.0%,CJ-DCCD0955-097,prod_B9a5YQXUKIM52,https://whop.com/checkout/plan_4Dhg70SxqChHR,"https://cf.cjdropshipping.com/20200914/29974971465.jpg?x-oss-process=image/format,webp,image/resize,m_fill,m_pad,w_250,h_250",85
prod_cj_0085,Multifunctional Mechanical Men's Automatic Watrproof Watch,Watches & Timepieces,145.94,197.02,51.08,65.0%,CJ-250818093918,prod_s7dLPxgudd51d,https://whop.com/checkout/plan_UMjQuTbZRRUfj,"https://cf.cjdropshipping.com/quick/product/5eb42c80-ebb8-4ccf-9389-7abbfbb25d33.jpg?x-oss-process=image/format,webp,image/resize,m_fill,m_pad,w_250,h_250",85
prod_cj_0086,Fashion Men's Automatic Mechanical Hollow Watch,Watches & Timepieces,52.77,71.24,18.47,65.0%,CJ-144377815710,prod_TOCoNVjtTn4w1,https://whop.com/checkout/plan_mtaCWvfGN2qNy,"https://cf.cjdropshipping.com/21fd7795-5dca-4f8f-8194-700fb6be7e88.jpg?x-oss-process=image/format,webp,image/resize,m_fill,m_pad,w_250,h_250",85
prod_cj_0087,Tourbillon multifunctional waterproof automatic mechanical watch,Watches & Timepieces,83.86,113.21,29.35,65.0%,CJ-138479229654,prod_hFSqIgQMQ60i9,https://whop.com/checkout/plan_NUWRRGHy1YNZo,"https://cf.cjdropshipping.com/1618994888928.jpg?x-oss-process=image/format,webp,image/resize,m_fill,m_pad,w_250,h_250",85
prod_cj_0088,Mechanical watch men's watch business casual watch,Watches & Timepieces,108.46,146.42,37.96,65.0%,CJ-5464826D-172,prod_YpxIVo6e07Jhr,https://whop.com/checkout/plan_I93y0ahcqecXR,"https://cc-west-usa.oss-accelerate.aliyuncs.com/20180914/1287587721970.png?x-oss-process=image/format,webp,image/resize,m_fill,m_pad,w_250,h_250",85
prod_cj_0089,Automatic Mechanical Watch Luminous Men's Watch Waterproof,Watches & Timepieces,551.20,744.12,192.92,65.0%,CJ-179680279544,prod_ybmqUgLxVoV7B,https://whop.com/checkout/plan_u8lRgZjvG1nEB,"https://cf.cjdropshipping.com/quick/product/2d56c8c8-ea38-40b7-aa44-54278f676097.jpg?x-oss-process=image/format,webp,image/resize,m_fill,m_pad,w_250,h_250",85
prod_cj_0090,Double-sided Hollow Automatic Men's Mechanical Watch,Watches & Timepieces,60.66,81.89,21.23,65.0%,CJ-250818090312,prod_kP36RsWySfbIN,https://whop.com/checkout/plan_R3yY0j3IUkMx5,"https://oss-cf.cjdropshipping.com/product/2025/08/18/09/81547b82-d78e-4eb2-b0c2-9b6210dcae9c_fine.jpeg?x-oss-process=image/format,webp,image/resize,m_fill,m_pad,w_250,h_250",85
prod_cj_0091,Men's Casual Watch Fashion Automatic Square Hollow Mechanical Watch Watch,Watches & Timepieces,43.84,59.18,13.70,68.8%,CJ-138333324741,prod_3khN8lqB0hrqy,https://whop.com/checkout/plan_V484RjJKeBXm9,"https://cc-west-usa.oss-accelerate.aliyuncs.com/1618657006096.png?x-oss-process=image/format,webp,image/resize,m_fill,m_pad,w_250,h_250",85
prod_cj_0092,Multifunctional Bluetooth-compatible Headset Cleaning Pen Set Keyboard Cleaner Cleaning Tools Cleaner Keycap,Workspace & Desk Accessories,3.36,4.54,0.84,75.0%,CJ-154208009218,prod_YO4cHjt7MLFiV,https://whop.com/checkout/plan_qJP6SLVYk8wUm,"https://cf.cjdropshipping.com/9bb7f77c-ba3c-4bd9-9bdd-d4c2fa76cfe4.jpg?x-oss-process=image/format,webp,image/resize,m_fill,m_pad,w_250,h_250",85
prod_cj_0093,ONE Handle Keyboard 2.4G Keyboard Wireless Keyboard Xboxone Chat Keyboard,Keyboards & Peripherals,23.10,31.19,7.22,68.7%,CJ-C3797917-840,prod_wyV2LVrughzfB,https://whop.com/checkout/plan_5iumODQpqg9jE,"https://cc-west-usa.oss-accelerate.aliyuncs.com/15590592/1336551298789.jpg?x-oss-process=image/format,webp,image/resize,m_fill,m_pad,w_250,h_250",85
prod_cj_0094,Keyboard gloves,Workspace & Desk Accessories,6.48,8.75,1.62,75.0%,CJ-A919647A-822,prod_a1CxeNXhVJOyP,https://whop.com/checkout/plan_ja9paLj6xTErL,"https://cc-west-usa.oss-us-west-1.aliyuncs.com/20200318/1721816993231.png?x-oss-process=image/format,webp,image/resize,m_fill,m_pad,w_250,h_250",85
prod_cj_0095,RGB Keyboard Support Wristband High Rebound Luminous Machinery Keyboard Support,Keyboards & Peripherals,6.20,8.37,1.55,75.0%,CJ-178307139504,prod_VOwIqREoC2Fw3,https://whop.com/checkout/plan_Cotzkg421BQFl,"https://cf.cjdropshipping.com/quick/product/d5c921fb-a039-41ce-a643-30fd2b6f4d04.jpg?x-oss-process=image/format,webp,image/resize,m_fill,m_pad,w_250,h_250",85
prod_cj_0096,Key Cap EOA Height PBT Material Heat Sublimation High Aesthetic Value,"Home, Wellness & Lifestyle",79.60,107.46,27.86,65.0%,CJ-250724081516,prod_ps7MvvpdjLWnx,https://whop.com/checkout/plan_smrGkYGZSKIzy,"https://oss-cf.cjdropshipping.com/product/2025/07/24/08/e8e0b178-bdb3-4ef8-bb8e-6f801ff5a51e.jpeg?x-oss-process=image/format,webp,image/resize,m_fill,m_pad,w_250,h_250",85
prod_cj_0097,8K Magnetic Shaft Machinery Keyboard Cable Keyboard Cable Aviation Incense Inserted Spring,Keyboards & Peripherals,21.22,28.65,6.63,68.8%,CJ-250305120630,prod_fw96j66wnOuRL,https://whop.com/checkout/plan_1d1OEjcrh8cS4,"https://cf.cjdropshipping.com/quick/product/ea93891c-10de-4188-8b47-418c76c4a474.jpg?x-oss-process=image/format,webp,image/resize,m_fill,m_pad,w_250,h_250",85
prod_cj_0098,IPad Keyboard Air5air4 Magnetic Protective Sleeve,Keyboards & Peripherals,90.66,122.39,31.73,65.0%,CJ-240608093923,prod_N8eC1fFi59gxj,https://whop.com/checkout/plan_BBgmG4a45eJ2V,"https://cf.cjdropshipping.com/quick/product/25448b35-e28c-4fbc-91d4-ac2bf56357db.jpg?x-oss-process=image/format,webp,image/resize,m_fill,m_pad,w_250,h_250",85
prod_cj_0099,"Stress Reducing Headphones, Children's Toy Headphones",Audio & Headphones,42.37,57.20,13.24,68.8%,CJ-187143511836,prod_XIWBiBSoWWv6W,https://whop.com/checkout/plan_SaoywmhJH1k3m,"https://cf.cjdropshipping.com/53cbaf14-b189-403d-919f-d34232b037ce.jpg?x-oss-process=image/format,webp,image/resize,m_fill,m_pad,w_250,h_250",85
prod_cj_0100,TUNE120TWS wireless music headphones,Audio & Headphones,27.84,37.58,8.70,68.8%,CJ-8C71A3D7-AC0,prod_4cLBkVC9mS9Lz,https://whop.com/checkout/plan_Z0sUBSCymj8QO,"https://cc-west-usa.oss-accelerate.aliyuncs.com/20200708/1428098650339.png?x-oss-process=image/format,webp,image/resize,m_fill,m_pad,w_250,h_250",85
prod_cj_0101,LED flashing cat ear headphones,Audio & Headphones,38.46,51.92,12.02,68.7%,CJ-C18AA15C-2E0,prod_lzqPxZUAcWJo9,https://whop.com/checkout/plan_f5Ma2n5BjOdxj,"https://cc-west-usa.oss-accelerate.aliyuncs.com/20200806/1084144593179.jpg?x-oss-process=image/format,webp,image/resize,m_fill,m_pad,w_250,h_250",85
prod_cj_0102,Wireless Headset Foldable Extra Bass Headphones,Audio & Headphones,6.60,8.91,1.65,75.0%,CJ-176019751350,prod_2yCvVfnSZMSaJ,https://whop.com/checkout/plan_EN3zMYFPMkqdn,"https://oss-cf.cjdropshipping.com/product/2024/02/21/06/c4fe4908-b7de-4918-83fe-d473ccc3b290_trans.jpeg?x-oss-process=image/format,webp,image/resize,m_fill,m_pad,w_250,h_250",85
prod_cj_0103,Wireless Bluetooth Translation Headphones Open Ear-mounted,Audio & Headphones,56.37,76.10,19.73,65.0%,CJ-250120150305,prod_UoMmvof1TIxFn,https://whop.com/checkout/plan_p9fUKaygQZjoM,"https://oss-cf.cjdropshipping.com/product/2025/01/20/15/fc97229a-f955-4ef9-ad08-29a56814515a.jpg?x-oss-process=image/format,webp,image/resize,m_fill,m_pad,w_250,h_250",85
prod_cj_0104,"Wireless Bluetooth Headphones, Small, Portable, And Very Practical.",Audio & Headphones,42.59,57.50,13.31,68.7%,CJ-190225669091,prod_RPzhWP8v0VbU7,https://whop.com/checkout/plan_boiQ2jJ0qMTsz,"https://cc-west-usa.oss-us-west-1.aliyuncs.com/d26d512a-5354-4840-b7e3-6ccc3ed8baec.jpg?x-oss-process=image/format,webp,image/resize,m_fill,m_pad,w_250,h_250",85
prod_cj_0105,Wireless Bluetooth-compatible Translation Headphones Portable In-ear Translator,Audio & Headphones,45.12,60.91,14.10,68.8%,CJ-179749950946,prod_m49nBpQFDkXuo,https://whop.com/checkout/plan_BfP0GZgoEgu2V,"https://oss-cf.cjdropshipping.com/product/2024/06/03/06/56d58bb5-7571-4ae7-9ea6-2ca0f7ae427f_fine.jpeg?x-oss-process=image/format,webp,image/resize,m_fill,m_pad,w_250,h_250",85
prod_cj_0106,Internet Hot Anchor Dedicated Headphones 3 M Long Line,Audio & Headphones,5.44,7.34,1.36,75.0%,CJ-250331074702,prod_OX9dBMruiPTHA,https://whop.com/checkout/plan_w03Rr7hHxW0FX,"https://oss-cf.cjdropshipping.com/product/2025/03/31/07/d965c2b6-8707-4369-836e-0334a7b745d9_trans.jpeg?x-oss-process=image/format,webp,image/resize,m_fill,m_pad,w_250,h_250",85
prod_cj_0107,Electric Standing Desk Whole Piece Adjustable Height Desk Home Office Computer Workstation,Workspace & Desk Accessories,194.31,262.32,68.01,65.0%,CJ-189538065929,prod_QF2JI5enHUqC4,https://whop.com/checkout/plan_lsV5VA8btcIXZ,"https://cf.cjdropshipping.com/66d88ecf-81a3-4404-919b-ba8437352490.png?x-oss-process=image/format,webp,image/resize,m_fill,m_pad,w_250,h_250",85
prod_cj_0108,Neck Wireless Bluetooth-compatible Earphones 9D Stereo Surround Headphone Magnetic Sport Neckband Headset,Audio & Headphones,11.96,16.15,2.99,75.0%,CJ-240807071212,prod_IXdZIinmQ3BoW,https://whop.com/checkout/plan_Mcdnh1vQPVjsE,"https://oss-cf.cjdropshipping.com/product/2024/08/29/07/f2ed75a4-699d-4b1a-9b25-7fd3cb77eb50.jpg?x-oss-process=image/format,webp,image/resize,m_fill,m_pad,w_250,h_250",85
prod_cj_0109,Ear Clip Bone Conduction Headphone Bluetooth-compatible 5.2 HIFI Wireless Earphone Touch Handsfree,Audio & Headphones,28.13,37.98,8.79,68.8%,CJ-157868948023,prod_bWgEnfT4Z7xJH,https://whop.com/checkout/plan_7QXPO63cv12El,"https://cf.cjdropshipping.com/029b739e-5785-4d5e-8a34-7afef9ddfaf7.jpg?x-oss-process=image/format,webp,image/resize,m_fill,m_pad,w_250,h_250",85
prod_cj_0110,Tablet Computer Stand Aluminum Alloy Desktop Lazy Metal Cellphone Holder,Workspace & Desk Accessories,6.96,9.40,1.74,75.0%,CJ-240905061536,prod_ylG3pBFmrhjXH,https://whop.com/checkout/plan_OKRH3rJ491h8S,"https://oss-cf.cjdropshipping.com/product/2024/09/05/09/1d2c4d41-95f2-42ca-9ad2-975a5ee35db1.jpg?x-oss-process=image/format,webp,image/resize,m_fill,m_pad,w_250,h_250",85
prod_cj_0111,"Floor Standing Mirror, Wall Mirror With Stand Aluminum Alloy Thin Frame","Home, Wellness & Lifestyle",127.20,171.72,44.52,65.0%,CJ-187220365194,prod_q07QAFek3tTKz,https://whop.com/checkout/plan_U3dMql2WnPFh6,"https://cc-west-usa.oss-us-west-1.aliyuncs.com/64aa1fb5-7775-44d3-ad77-33eb05c3ba11.jpg?x-oss-process=image/format,webp,image/resize,m_fill,m_pad,w_250,h_250",85
prod_cj_0112,Eye-brow Knife Safe Beginner Female Macro,Precision Tools & EDC,31.97,43.16,9.99,68.8%,CJ-240611113715,prod_lNelD0podBG0A,https://whop.com/checkout/plan_1WqufhVVXwN2J,"https://cf.cjdropshipping.com/quick/product/ddebc338-e888-42e7-9f9d-67e831a6423f.jpg?x-oss-process=image/format,webp,image/resize,m_fill,m_pad,w_250,h_250",85
prod_cj_0113,Macro Luminous Electric Home Cool color-Changing Wired Mouse,Keyboards & Peripherals,5.40,7.29,1.35,75.0%,CJ-E0D4579D-B9B,prod_gkFcc7qjso5xt,https://whop.com/checkout/plan_tw7D8sOVpNnxB,"https://cc-west-usa.oss-accelerate.aliyuncs.com/2055/4207416308940.jpg?x-oss-process=image/format,webp,image/resize,m_fill,m_pad,w_250,h_250",85
prod_cj_0114,Fisheye Wide-angle Macro Telephoto Polarized 7pcs Mobile Phone Lens,Workspace & Desk Accessories,19.07,25.74,5.96,68.7%,CJ-144918242891,prod_4QnWdRjBFIyGk,https://whop.com/checkout/plan_N8aMk2QVNYXuT,"https://cc-west-usa.oss-accelerate.aliyuncs.com/a5b47650-f892-4765-a684-3ec8845315a7.jpg?x-oss-process=image/format,webp,image/resize,m_fill,m_pad,w_250,h_250",85
prod_cj_0115,Wide-angle Macro Fisheye Lens Ten-in-one Suit External Camera Lens,Workspace & Desk Accessories,19.44,26.24,4.86,75.0%,CJ-179645422741,prod_C2nYhnx5KPLej,https://whop.com/checkout/plan_1E6ev7hr7wQsU,"https://cf.cjdropshipping.com/quick/product/5e6570e4-418b-45dc-9d4e-6508ef7aed93.jpg?x-oss-process=image/format,webp,image/resize,m_fill,m_pad,w_250,h_250",85
prod_cj_0116,Flat Support Elbow Pad Yoga Auxiliary Pad,"Home, Wellness & Lifestyle",4.64,6.26,1.16,75.0%,CJ-179782944146,prod_a5BZ8UycwjX6P,https://whop.com/checkout/plan_kPBPm3aEDCFNu,"https://cf.cjdropshipping.com/quick/product/e12e1365-a880-4cef-ac84-8e2b8f31279b.jpg?x-oss-process=image/format,webp,image/resize,m_fill,m_pad,w_250,h_250",85
prod_cj_0117,Pet Ice Pad Gel Cooling Ice Pad Summer Pet Pad Dog Mat,"Home, Wellness & Lifestyle",5.12,6.91,1.28,75.0%,CJ-136996320318,prod_d1rVraVgkAZcq,https://whop.com/checkout/plan_Qk5rqlJWZHOKI,"https://cf.cjdropshipping.com/1615459141576.jpg?x-oss-process=image/format,webp,image/resize,m_fill,m_pad,w_250,h_250",85
prod_cj_0118,Colored Cotton Baby Changing Pad Large Urine-proof Washable Breathable Cotton Nursing Pad,"Home, Wellness & Lifestyle",3.04,4.10,0.76,75.0%,CJ-138477998812,prod_FfYsrTDXH3qGe,https://whop.com/checkout/plan_afB8SVIXAO0PJ,"https://cf.cjdropshipping.com/1618991766089.jpg?x-oss-process=image/format,webp,image/resize,m_fill,m_pad,w_250,h_250",85
prod_cj_0119,Sticky Pad,"Home, Wellness & Lifestyle",31.97,43.16,9.99,68.8%,CJ-F90C9C0E-860,prod_LtjWGBXMUDXNR,https://whop.com/checkout/plan_1zzJfqkspbfiI,"https://oss-cf.cjdropshipping.com/product/2025/07/19/06/12eb2e1a-1ba4-45e2-9310-f8fefeebb8eb.jpg?x-oss-process=image/format,webp,image/resize,m_fill,m_pad,w_250,h_250",85
prod_cj_0120,VEVOR Car Body Dent Puller Bridge Lifter Tool Paintless Hail Remover Repair,Automotive & Travel,109.51,147.84,38.33,65.0%,CJ-186754601511,prod_N0zL2v3LeFUYv,https://whop.com/checkout/plan_fuaOVWkVrZTOt,"https://cc-west-usa.oss-us-west-1.aliyuncs.com/1af0aaf2-853e-4d52-aed4-53383620e575.jpg?x-oss-process=image/format,webp,image/resize,m_fill,m_pad,w_250,h_250",85
prod_cj_0121,A Precision Screwdriver Tool Set,Precision Tools & EDC,40.32,54.43,12.60,68.8%,CJ-240612070315,prod_g7Mjl6N8eAjtD,https://whop.com/checkout/plan_TAweZzLNOyhIK,"https://oss-cf.cjdropshipping.com/product/2024/06/12/07/9a5b16ed-6a7b-4641-b873-fa9b1a63cc04.jpg?x-oss-process=image/format,webp,image/resize,m_fill,m_pad,w_250,h_250",85
prod_cj_0122,32-in-1 Hardware Tool Combination Screwdriver Set,Precision Tools & EDC,9.48,12.80,2.37,75.0%,CJ-241228074053,prod_ziYtHycOuLwcQ,https://whop.com/checkout/plan_pBb7rgXZUeW1O,"https://oss-cf.cjdropshipping.com/product/2024/12/28/07/eed07f49-dc1c-4775-ae25-d142ec9daa29_trans.jpeg?x-oss-process=image/format,webp,image/resize,m_fill,m_pad,w_250,h_250",85
prod_cj_0123,"115 In 1 Precision Screwdriver Set, Super Durable Mini Professional Magnetic Repair",Precision Tools & EDC,47.94,64.72,14.98,68.8%,CJ-183268473876,prod_8u74o7bFbFNJQ,https://whop.com/checkout/plan_nW1Lyg42g8ErX,"https://cc-west-usa.oss-us-west-1.aliyuncs.com/77286396-1822-45f0-a0c4-b5d9e590bc30.jpg?x-oss-process=image/format,webp,image/resize,m_fill,m_pad,w_250,h_250",85
prod_cj_0124,Electric Screwdriver Triangle Bit 5-piece Set,Precision Tools & EDC,3.44,4.64,0.86,75.0%,CJ-250708120253,prod_svbFuwZiZJrUC,https://whop.com/checkout/plan_J3GhnBBpXlqkZ,"https://oss-cf.cjdropshipping.com/product/2025/07/08/12/11b27016-f5ae-4fcc-9f2b-9318ed6f0431.jpg?x-oss-process=image/format,webp,image/resize,m_fill,m_pad,w_250,h_250",85
prod_cj_0125,Indoor Playground 7-in-1 Jungle Gym Toy Set,"Home, Wellness & Lifestyle",566.66,764.99,198.33,65.0%,CJ-188046335111,prod_amczMvROlWegE,https://whop.com/checkout/plan_454BcyYLbo4rF,"https://cc-west-usa.oss-us-west-1.aliyuncs.com/17371584/1880509836626759680.jpg?x-oss-process=image/format,webp,image/resize,m_fill,m_pad,w_250,h_250",85
prod_cj_0126,3 in 1 PE Yoga Pillar Set Foam Shaft,"Home, Wellness & Lifestyle",29.98,40.47,9.37,68.7%,CJ-560DC174-CD0,prod_6HAe3iAFMZKED,https://whop.com/checkout/plan_T0DXFvchtCqb0,"https://cc-west-usa.oss-accelerate.aliyuncs.com/20200617/251901279117.jpg?x-oss-process=image/format,webp,image/resize,m_fill,m_pad,w_250,h_250",85
prod_cj_0127,14-piece Set Impact Screwdriver Head Set Machine Repair Screwdriver Batch Suit Iron,Precision Tools & EDC,10.36,13.99,2.59,75.0%,CJ-240614033032,prod_cY3PjOXjgJcFw,https://whop.com/checkout/plan_sT4xwYVCEUEfz,"https://oss-cf.cjdropshipping.com/product/2024/06/14/06/b1e99f6d-5a0e-4778-bdb2-6dd66b141740.jpg?x-oss-process=image/format,webp,image/resize,m_fill,m_pad,w_250,h_250",85
prod_cj_0128,Grinding screwdriver,Precision Tools & EDC,9.24,12.47,2.31,75.0%,CJ-9CAC48BD-132,prod_5TQd7GhoM6pIG,https://whop.com/checkout/plan_JjYHf3rv1WPCv,"https://cc-west-usa.oss-accelerate.aliyuncs.com/15608736/2493126541243.jpg?x-oss-process=image/format,webp,image/resize,m_fill,m_pad,w_250,h_250",85
prod_cj_0129,High Precision Shading Plastic Glow-in-the-dark Stone Finished Fabric,"Home, Wellness & Lifestyle",13.40,18.09,3.35,75.0%,CJ-250530085950,prod_e2wXfuhTlFQeB,https://whop.com/checkout/plan_kqovLqRyh2P4j,"https://oss-cf.cjdropshipping.com/product/2025/05/30/08/b58c35e1-ac74-42b7-bdaa-c8dffa5a69c2.jpg?x-oss-process=image/format,webp,image/resize,m_fill,m_pad,w_250,h_250",85
prod_cj_0130,Luggage 3-in-1,Automotive & Travel,244.60,330.21,85.61,65.0%,CJ-186962636841,prod_43VMwgWimiqIP,https://whop.com/checkout/plan_MrY1iPVz4mD3I,https://frontend-cf.cjdropshipping.com/config-resource/cj/img_default.jpeg,85
prod_cj_0131,Cat Toy Set Cat Noise Toy With Built In Catnip Striped Pattern,"Home, Wellness & Lifestyle",7.24,9.77,1.81,75.0%,CJ-182030214142,prod_VgLxOzpuBVD6a,https://whop.com/checkout/plan_DSwANbBVVc7b4,"https://cc-west-usa.oss-us-west-1.aliyuncs.com/0dd31d14-dc95-449b-964f-3cc4d24d1aea.jpg?x-oss-process=image/format,webp,image/resize,m_fill,m_pad,w_250,h_250",85
prod_cj_0132,Dog Shower Attachment 2 In 1 Shower Hose Attachment Dog Bathing Soft,"Home, Wellness & Lifestyle",10.88,14.69,2.72,75.0%,CJ-183152187677,prod_tbzF9l3LgmpER,https://whop.com/checkout/plan_uyE1vtwWkGDXh,https://frontend-cf.cjdropshipping.com/config-resource/cj/img_default.jpeg,85
prod_cj_0133,25 In 1 Immune Supplement,"Home, Wellness & Lifestyle",12.00,16.20,3.00,75.0%,CJ-193487215148,prod_3AkPEobtP0OMz,https://whop.com/checkout/plan_RAQhuuavPk9kQ,https://frontend-cf.cjdropshipping.com/config-resource/cj/img_default.jpeg,85
prod_cj_0134,Hammer screwdriver pull keychain,Precision Tools & EDC,2.04,2.75,0.51,75.0%,CJ-DB71F70F-B40,prod_rZsGkdaDOPRBS,https://whop.com/checkout/plan_lThhwrL3oZZuh,"https://cc-west-usa.oss-us-west-1.aliyuncs.com/15831648/1897406696713.jpg?x-oss-process=image/format,webp,image/resize,m_fill,m_pad,w_250,h_250",85
prod_cj_0135,Vehicle Navigation Player 2 64 Central Control Reversing Carplay Car Central Control,Automotive & Travel,148.20,200.07,51.87,65.0%,CJ-178114875191,prod_AXbBTudFaGeGx,https://whop.com/checkout/plan_OWvPrYXSbuPi4,"https://cf.cjdropshipping.com/quick/product/324ceea1-e49a-4be3-bab3-26c235612e00.jpg?x-oss-process=image/format,webp,image/resize,m_fill,m_pad,w_250,h_250",85
prod_cj_0136,Electric Pet Shaver 4-in-1 Set Digital Display Washing Dog Cat Scissors,"Home, Wellness & Lifestyle",28.67,38.70,8.96,68.7%,CJ-250622032334,prod_tPOHGMO6TnuZ1,https://whop.com/checkout/plan_KYPqhWdx8zyQL,"https://oss-cf.cjdropshipping.com/product/2025/06/22/03/80d336c6-62fc-4e13-a6ea-c54fe7629ae0_trans.jpeg?x-oss-process=image/format,webp,image/resize,m_fill,m_pad,w_250,h_250",85
prod_cj_0137,Precise Silky Eyeliner Eye Shadow Pen Two-in-one,Precision Tools & EDC,31.97,43.16,9.99,68.8%,CJ-240618052835,prod_vsRZEwS6Y5ze9,https://whop.com/checkout/plan_izqCetfl7IcMb,"https://oss-cf.cjdropshipping.com/product/2024/06/18/05/ef07de5d-4200-4200-a8d8-88897ee71470_trans.jpeg?x-oss-process=image/format,webp,image/resize,m_fill,m_pad,w_250,h_250",85
prod_cj_0138,3-in-1 Dense Wax Heater,"Home, Wellness & Lifestyle",36.96,49.90,11.55,68.8%,CJ-188774641501,prod_plRflhqcEF84f,https://whop.com/checkout/plan_RMr8eAzBy01FO,https://frontend-cf.cjdropshipping.com/config-resource/cj/img_default.jpeg,85
prod_cj_0140,"969 Piece Men's Home Repair Tool Set, Tool Box Organizer With 4",Precision Tools & EDC,361.91,488.58,126.67,65.0%,CJ-189239075225,prod_H9srihsiQ4RQh,https://whop.com/checkout/plan_Hoduy6BAe3Lkq,"https://cc-west-usa.oss-us-west-1.aliyuncs.com/42d953d9-788b-4b8d-844f-c9e1cfd560a9.jpg?x-oss-process=image/format,webp,image/resize,m_fill,m_pad,w_250,h_250",85
prod_cj_0141,899 Piece Men's Home Repair Tool Set With 4 Drawers Tool Box,Precision Tools & EDC,356.69,481.53,124.84,65.0%,CJ-189238939189,prod_vLESfVPVmNYLL,https://whop.com/checkout/plan_iDl9WJdq6SZZm,"https://cc-west-usa.oss-us-west-1.aliyuncs.com/a7126c0c-8347-4087-a732-a8adef32d900.jpg?x-oss-process=image/format,webp,image/resize,m_fill,m_pad,w_250,h_250",85
prod_cj_0142,198pc Tool Set Black & Red,Precision Tools & EDC,99.60,134.46,34.86,65.0%,CJ-186919580267,prod_cNuQS1SAiK2jH,https://whop.com/checkout/plan_T5QtniGhqvFnS,"https://cc-west-usa.oss-us-west-1.aliyuncs.com/5d2a2167-0209-4381-8a18-f43b234c517c.jpg?x-oss-process=image/format,webp,image/resize,m_fill,m_pad,w_250,h_250",85
prod_cj_0143,General Fuel Timing Installation Tool Set,Precision Tools & EDC,59.23,79.96,20.73,65.0%,CJ-250520022344,prod_RHRnLhXD770qx,https://whop.com/checkout/plan_d6bwVWAtf9ecp,"https://oss-cf.cjdropshipping.com/product/2025/05/20/02/ce921134-1f09-4857-8613-b4f9f2dd82ce.jpg?x-oss-process=image/format,webp,image/resize,m_fill,m_pad,w_250,h_250",85
prod_cj_0144,"Door Lock, Press And Unlock Tool","Home, Wellness & Lifestyle",81.26,109.70,28.44,65.0%,CJ-139634791683,prod_b0QvLGZ4J3dJp,https://whop.com/checkout/plan_wTS9d2gGHKvJO,"https://cc-west-usa.oss-accelerate.aliyuncs.com/1621750070952.jpg?x-oss-process=image/format,webp,image/resize,m_fill,m_pad,w_250,h_250",85
prod_cj_0145,Titanium Alloy Knife Holder Pocket Holder,Precision Tools & EDC,9.92,13.39,2.48,75.0%,CJ-138007673945,prod_ejCtAP4T592ZG,https://whop.com/checkout/plan_Ivbd8X3nmTH0d,"https://cc-west-usa.oss-accelerate.aliyuncs.com/1617870795798.jpg?x-oss-process=image/format,webp,image/resize,m_fill,m_pad,w_250,h_250",85
prod_cj_0146,Multi-pocket Pants Loose Casual,Apparel & Outerwear,23.87,32.22,7.46,68.7%,CJ-250108062746,prod_bZqnbHrdlExrW,https://whop.com/checkout/plan_uISQK68kSDfzD,"https://cf.cjdropshipping.com/quick/product/1f1db296-41c6-4824-8a14-d04599f655a4.jpg?x-oss-process=image/format,webp,image/resize,m_fill,m_pad,w_250,h_250",85
prod_cj_0147,Sports Multi-pocket Sweater Jacket,Apparel & Outerwear,26.53,35.82,8.29,68.8%,CJ-171744051393,prod_sUKiVwR9u2mkJ,https://whop.com/checkout/plan_M8Y6GrTxW7z8r,"https://cc-west-usa.cjdropshipping.com/quick/product/abc6917f-e05a-4263-860d-21731656219e.jpg?x-oss-process=image/format,webp,image/resize,m_fill,m_pad,w_250,h_250",85
prod_cj_0148,Woodworking Planer Curved Sole Metal Thumb Planer Luthier Tool,Precision Tools & EDC,35.55,47.99,11.11,68.7%,CJ-151413722935,prod_PIjVDn635tTYn,https://whop.com/checkout/plan_dwW1c7Ufpn0mH,"https://cc-west-usa.oss-accelerate.aliyuncs.com/1c744d61-2186-4df3-843d-49cd54a558ee.jpg?x-oss-process=image/format,webp,image/resize,m_fill,m_pad,w_250,h_250",85
prod_cj_0149,Straight Shank Twist Drill Bit Titanium Plated Hole Twist Drill Bit,Precision Tools & EDC,4.84,6.53,1.21,75.0%,CJ-136586456680,prod_zoP4xX5j40fNL,https://whop.com/checkout/plan_YedzO3ZQMOVr8,"https://cc-west-usa.oss-accelerate.aliyuncs.com/1614482280620.jpg?x-oss-process=image/format,webp,image/resize,m_fill,m_pad,w_250,h_250",85
prod_cj_0150,Multi-Color Casual Working Pants Multi-pocket Skinny Pants,Apparel & Outerwear,13.40,18.09,3.35,75.0%,CJ-250902142240,prod_2MXWlb5V2tnL6,https://whop.com/checkout/plan_OSupT6BJSSbo8,"https://cf.cjdropshipping.com/quick/product/98faca92-d211-43a7-9e32-3dd48ed04d7f.jpg?x-oss-process=image/format,webp,image/resize,m_fill,m_pad,w_250,h_250",85
prod_cj_0151,Heavy Industry Multi-pocket Denim Overalls,Apparel & Outerwear,28.67,38.70,8.96,68.7%,CJ-241223030256,prod_MC0gjSzttDZzA,https://whop.com/checkout/plan_ckR4PZMCTQ6A9,"https://cf.cjdropshipping.com/quick/product/ffbc40e5-d379-4167-9257-5a2a15ab18a0.jpg?x-oss-process=image/format,webp,image/resize,m_fill,m_pad,w_250,h_250",85
prod_cj_0152,Women's Overalls Multi-pocket Design Elastic,Apparel & Outerwear,29.18,39.39,9.12,68.7%,CJ-250310011833,prod_OGLwZjCPMPKe6,https://whop.com/checkout/plan_VXLt16Qv0SwTG,"https://cf.cjdropshipping.com/quick/product/c2e91da3-3f3a-4888-b56e-29dfec27d2c0.jpg?x-oss-process=image/format,webp,image/resize,m_fill,m_pad,w_250,h_250",85
prod_cj_0153,American-style Multi-pocket Shorts Breathable,Apparel & Outerwear,45.41,61.30,14.19,68.8%,CJ-240616033614,prod_zSR9HRg2jxCFX,https://whop.com/checkout/plan_EI95mf1Al3NNL,"https://oss-cf.cjdropshipping.com/product/2024/06/16/03/91435c8c-8da0-47e6-b5d5-3412e8f9c0ba_fine.jpeg?x-oss-process=image/format,webp,image/resize,m_fill,m_pad,w_250,h_250",85
prod_cj_0154,Repair Watch Replaceable Plug Watchband Replacement And Disassembly Watchband Tool,Precision Tools & EDC,31.97,43.16,9.99,68.8%,CJ-250407052429,prod_QRawnmIvrSDIG,https://whop.com/checkout/plan_QHkTHBiKSd0EB,"https://oss-cf.cjdropshipping.com/product/2025/04/07/08/ecebfe5d-1737-4b52-a5df-5bfc4f39ca51_fine.jpeg?x-oss-process=image/format,webp,image/resize,m_fill,m_pad,w_250,h_250",85
prod_cj_0155,Men's Multi-Pocket Casual Drawstring Overalls,Apparel & Outerwear,49.26,66.50,17.24,65.0%,CJ-26F29D9A-75F,prod_36yDBpcw5I2g9,https://whop.com/checkout/plan_whaOYdxPZWX8D,https://frontend-cf.cjdropshipping.com/config-resource/cj/img_default.jpeg,85
prod_cj_0156,Multi-pocket Denim Ripped Leisure Shorts,Apparel & Outerwear,44.54,60.13,15.59,65.0%,CJ-250308014333,prod_5xaJ5utqkVyvb,https://whop.com/checkout/plan_SLMI5HrrJkC7e,"https://cf.cjdropshipping.com/quick/product/8fb6e13c-35ce-4ba8-b100-3ae85f7582c9.jpg?x-oss-process=image/format,webp,image/resize,m_fill,m_pad,w_250,h_250",85
prod_cj_0157,Utility Knife Blade For Art Students,Precision Tools & EDC,5.20,7.02,1.30,75.0%,CJ-138037277439,prod_2qqskZXITvSmp,https://whop.com/checkout/plan_38pO7dSGC9arP,"https://cc-west-usa.oss-accelerate.aliyuncs.com/1617938466717.jpg?x-oss-process=image/format,webp,image/resize,m_fill,m_pad,w_250,h_250",85
prod_cj_0158,Cleaning Knife Planing Tool,Precision Tools & EDC,7.36,9.94,1.84,75.0%,CJ-25875DB8-F2A,prod_3IXWCY8bAOuIt,https://whop.com/checkout/plan_2v40JYL1kEuTW,"https://cc-west-usa.oss-accelerate.aliyuncs.com/20200714/2857653999459.jpg?x-oss-process=image/format,webp,image/resize,m_fill,m_pad,w_250,h_250",85
prod_cj_0159,Folding Knife Outdoor Camping Mini Portable Knife,Precision Tools & EDC,16.13,21.78,5.04,68.8%,CJ-250701082211,prod_NTTEWshWMEFdG,https://whop.com/checkout/plan_JsiXls3oFU3IS,"https://cf.cjdropshipping.com/quick/product/5a856429-0ae6-42d7-baf2-bcbace1e37b9.jpg?x-oss-process=image/format,webp,image/resize,m_fill,m_pad,w_250,h_250",85
prod_cj_0160,Professional class woodworking trimming knife,Precision Tools & EDC,5.20,7.02,1.30,75.0%,CJ-0F7A385D-F91,prod_LITBwYtIJFwdm,https://whop.com/checkout/plan_ilo5wTwXmZkWN,"https://cc-west-usa.oss-accelerate.aliyuncs.com/2042/1366542372963.jpg?x-oss-process=image/format,webp,image/resize,m_fill,m_pad,w_250,h_250",85
prod_cj_0161,LED Pool Light 18W RGB,Lighting & Ambience,45.00,60.75,15.75,65.0%,CJ-241217083954,prod_iKy2V0WFmXQdZ,https://whop.com/checkout/plan_a9LeC3AG16i8w,"https://cf.cjdropshipping.com/quick/product/966bff4b-4fc7-4932-9f8b-e2976ac6021b.jpg?x-oss-process=image/format,webp,image/resize,m_fill,m_pad,w_250,h_250",85
prod_cj_0162,Waterproof New RGB LED Solar Light Step Fence Light,Lighting & Ambience,11.08,14.96,2.77,75.0%,CJ-136304579460,prod_JGMrpKAi5nbBn,https://whop.com/checkout/plan_DRIEWzaheqynw,"https://cf.cjdropshipping.com/1614679282500.jpg?x-oss-process=image/format,webp,image/resize,m_fill,m_pad,w_250,h_250",85
prod_cj_0163,RGB Full Color Pocket LED Photography Portable Mini Light Effect Light Painting,Lighting & Ambience,137.40,185.49,48.09,65.0%,CJ-250224051928,prod_4Bj305I9AWFVQ,https://whop.com/checkout/plan_5zKtTQ8C8pcSZ,"https://oss-cf.cjdropshipping.com/product/2025/02/24/05/30c5f243-5192-419c-aee7-d26913c8c71a_trans.jpeg?x-oss-process=image/format,webp,image/resize,m_fill,m_pad,w_250,h_250",85
prod_cj_0164,LED Light Supplementary Aluminum Floor Lamp Study Decorative Lamp,Lighting & Ambience,75.43,101.83,26.40,65.0%,CJ-141521069410,prod_ZbyTgDuxDvwf9,https://whop.com/checkout/plan_cl0sfGQ6Mjeyh,"https://cc-west-usa.oss-accelerate.aliyuncs.com/b17cdf2d-cdf3-49bc-baa5-43fdec110288.jpg?x-oss-process=image/format,webp,image/resize,m_fill,m_pad,w_250,h_250",85
prod_cj_0165,Self-timer Lamp LED Rechargeable Light For Mobile,Lighting & Ambience,23.87,32.22,7.46,68.7%,CJ-250107030812,prod_tcsdkbexbbgGh,https://whop.com/checkout/plan_SWeMsNsN8ZWtG,"https://cf.cjdropshipping.com/quick/product/8ea18a64-06e8-4f0c-92f1-678992c5aeee.jpg?x-oss-process=image/format,webp,image/resize,m_fill,m_pad,w_250,h_250",85
prod_cj_0166,LED Night Light Mushroom Wall Socket Lamp EU US Plug Warm White,Lighting & Ambience,2.56,3.46,0.64,75.0%,CJ-138259299123,prod_rXDTiZrnFdhrO,https://whop.com/checkout/plan_ZLtBch5JUtlV7,"https://cf.cjdropshipping.com/9fa9018f-841d-41bb-b592-0035d27f2add.jpg?x-oss-process=image/format,webp,image/resize,m_fill,m_pad,w_250,h_250",85
prod_cj_0167,Factory Direct 10W RGB Bottom Lamp Seven Color Remote Control 10W RGB,Lighting & Ambience,13.12,17.71,3.28,75.0%,CJ-C08540C2-377,prod_b2rU58m1bH5Wy,https://whop.com/checkout/plan_NESupNlP06nkb,"https://cc-west-usa.oss-accelerate.aliyuncs.com/15133536/3397025003_1776819744.jpg?x-oss-process=image/format,webp,image/resize,m_fill,m_pad,w_250,h_250",85
prod_cj_0168,LED Light For Camping Type-c Charging Portable RGB Small Night Lamp,Smart Gear & Power,14.08,19.01,3.52,75.0%,CJ-240621095350,prod_Z0El82FFlBATX,https://whop.com/checkout/plan_5unuQlE0fkhhC,"https://oss-cf.cjdropshipping.com/product/2024/06/21/09/8478d9d7-5a77-40a4-b699-038f5ddbdd87_trans.jpeg?x-oss-process=image/format,webp,image/resize,m_fill,m_pad,w_250,h_250",85
prod_cj_0169,Ambience Light Restaurant Bar LED Charging Touch Small Night Lamp,Smart Gear & Power,21.95,29.63,6.86,68.7%,CJ-240802073243,prod_ZxLDJgwBrbBAb,https://whop.com/checkout/plan_dngwnZyfNZt5l,"https://cf.cjdropshipping.com/quick/product/fc1f1771-9984-46dd-aa6c-5c18fb04f855.jpg?x-oss-process=image/format,webp,image/resize,m_fill,m_pad,w_250,h_250",85
prod_cj_0170,Outdoor Solar Stair Light Waterproof LED,Lighting & Ambience,12.08,16.31,3.02,75.0%,CJ-141627099018,prod_Wn3RihDA8Q0uD,https://whop.com/checkout/plan_woyUo9H6U81h6,"https://cc-west-usa.oss-accelerate.aliyuncs.com/bd6df022-ca6c-4829-8734-a8d3c781db78.jpg?x-oss-process=image/format,webp,image/resize,m_fill,m_pad,w_250,h_250",85
prod_cj_0171,Magnetic Levitation Table Lamp Moon Light 3D Printing Planet Night Light,Lighting & Ambience,94.71,127.86,33.15,65.0%,CJ-138511645072,prod_eu1PZOitvrehG,https://whop.com/checkout/plan_PMYMnir4zIKmi,"https://cf.cjdropshipping.com/1619072214470.jpg?x-oss-process=image/format,webp,image/resize,m_fill,m_pad,w_250,h_250",85
prod_cj_0172,Portable Household 25 Inch LED Dual Light Lens,Lighting & Ambience,37.15,50.15,11.61,68.7%,CJ-250311053305,prod_eMO4ULkqbiLfD,https://whop.com/checkout/plan_ebotP20fooyrX,"https://cf.cjdropshipping.com/quick/product/c7bd2449-d8ab-4f2e-a80a-daff943937ff.jpg?x-oss-process=image/format,webp,image/resize,m_fill,m_pad,w_250,h_250",85
prod_cj_0173,New LED Body Induction Small Night Light USB Charging,Smart Gear & Power,5.08,6.86,1.27,75.0%,CJ-135898278750,prod_m1sKRuvALgG2o,https://whop.com/checkout/plan_QTVqO7JU1ozgJ,"https://cc-west-usa.oss-accelerate.aliyuncs.com/1612841535694.jpg?x-oss-process=image/format,webp,image/resize,m_fill,m_pad,w_250,h_250",85
prod_cj_0174,Induction Folding Desktop Phone Stand Multifunctional Wireless Speaker Ambient Light,Lighting & Ambience,16.84,22.73,4.21,75.0%,CJ-251116055350,prod_6LXbBr3niFrHx,https://whop.com/checkout/plan_UxNPbduurL6yz,"https://oss-cf.cjdropshipping.com/product/2026/05/20/06/f351e8d6-11f3-4ca1-beb2-8f4a8b1f3d0a.jpg?x-oss-process=image/format,webp,image/resize,m_fill,m_pad,w_250,h_250",85
prod_cj_0175,Dual Remote 24 Button Ambient Light,Lighting & Ambience,81.77,110.39,28.62,65.0%,CJ-139165309980,prod_whUjrIY1Y7xcb,https://whop.com/checkout/plan_jz734nuOblZqb,"https://cc-west-usa.oss-accelerate.aliyuncs.com/1620630875996.jpg?x-oss-process=image/format,webp,image/resize,m_fill,m_pad,w_250,h_250",85
prod_cj_0176,Outdoor USB Handheld Multifunctional Charging Ambient Light,Smart Gear & Power,46.37,62.60,14.49,68.8%,CJ-179672693200,prod_ywEtrLV6RvWHN,https://whop.com/checkout/plan_SSm4DwJhllojS,"https://cf.cjdropshipping.com/quick/product/3721613a-ba09-49ad-9073-94de9ab9d854.jpg?x-oss-process=image/format,webp,image/resize,m_fill,m_pad,w_250,h_250",85
prod_cj_0177,Abstract Entryway Decorative Painting Led Ambient Sense Light,Lighting & Ambience,100.91,136.23,35.32,65.0%,CJ-158373149800,prod_tzq71RtsZVCr3,https://whop.com/checkout/plan_zTbcFqqBe8ktM,"https://cc-west-usa.oss-accelerate.aliyuncs.com/45049566-7a3f-442a-8e9f-6d1f44f4b584.jpg?x-oss-process=image/format,webp,image/resize,m_fill,m_pad,w_250,h_250",85
prod_cj_0178,LED Night Light Flower Crystal Ball Children Night Lamp With Woodern Base,Lighting & Ambience,24.19,32.66,7.56,68.7%,CJ-175980038897,prod_yIuQo9XuOE42X,https://whop.com/checkout/plan_nImufe2ykTl81,"https://oss-cf.cjdropshipping.com/product/2024/03/01/08/faef2db3-89e6-4857-8725-b0f17612e340.jpg?x-oss-process=image/format,webp,image/resize,m_fill,m_pad,w_250,h_250",85
prod_cj_0179,Resin Night Light Jesus Desktop Decoration Crafts,Lighting & Ambience,71.09,95.97,24.88,65.0%,CJ-250115015957,prod_OciSHhU7VBjQa,https://whop.com/checkout/plan_JwkluoHUaCx3D,"https://oss-cf.cjdropshipping.com/product/2025/01/15/01/45e25da0-21cf-4952-827e-5b648a9014c0_fine.jpeg?x-oss-process=image/format,webp,image/resize,m_fill,m_pad,w_250,h_250",85
prod_cj_0180,Colorful Cup Holder LED Light-up Coaster Solar & USB Charging Non-slip Coaster,Automotive & Travel,6.44,8.69,1.61,75.0%,CJ-143398571041,prod_jTYQyHjpttnCA,https://whop.com/checkout/plan_1SyONrgDj5cC5,"https://cf.cjdropshipping.com/f0bbebdc-a065-46fe-b5c4-0043bbe499b0.jpg?x-oss-process=image/format,webp,image/resize,m_fill,m_pad,w_250,h_250",85
prod_cj_0181,New Air Humidifier Desktop Creative Led Light Charging,"Home, Wellness & Lifestyle",16.42,22.17,5.13,68.8%,CJ-153880052238,prod_ZoWIFUCbnOYCQ,https://whop.com/checkout/plan_leObgyEBfJ99U,"https://cc-west-usa.oss-accelerate.aliyuncs.com/cd12b004-a33f-4329-bfe6-9dade06373f4.jpg?x-oss-process=image/format,webp,image/resize,m_fill,m_pad,w_250,h_250",85
prod_cj_0182,Tube Top Light Wedding Dress Bride Simple Long,Apparel & Outerwear,47.60,64.26,16.66,65.0%,CJ-240630150039,prod_0pJSPvRwrKuSW,https://whop.com/checkout/plan_fRJCmDvsFTNJG,"https://cf.cjdropshipping.com/quick/product/8e4cbbaf-3769-4218-b5a8-b913a63edd7d.jpg?x-oss-process=image/format,webp,image/resize,m_fill,m_pad,w_250,h_250",85
prod_cj_0183,Simulation Flame Aromatherapy Humidifier 200ml Large Fog Volume Remote Control Ambient Light,"Home, Wellness & Lifestyle",35.55,47.99,11.11,68.7%,CJ-179103785672,prod_Mo7EUaLHiropR,https://whop.com/checkout/plan_56vHvexzvfeO5,"https://cc-west-usa.oss-us-west-1.aliyuncs.com/5799098b-9cbc-4435-8be5-423034136d47.jpg?x-oss-process=image/format,webp,image/resize,m_fill,m_pad,w_250,h_250",85
prod_cj_0184,3 In 1 Anti-Gravity Humidifier Multifunctional Aromatherapy Machine Bluetooth-compatible Speaker Fish Tank,"Home, Wellness & Lifestyle",47.23,63.76,14.76,68.7%,CJ-176747365574,prod_PjpNOaxfKRtt3,https://whop.com/checkout/plan_3RIS6W31nmfS6,"https://oss-cf.cjdropshipping.com/product/2024/04/07/07/4bbd5dea-4048-4cac-8763-cd0727a15610.jpg?x-oss-process=image/format,webp,image/resize,m_fill,m_pad,w_250,h_250",85
prod_cj_0185,Water level sensor,Automotive & Travel,17.95,24.23,5.61,68.7%,CJ-A81FD447-164,prod_e5R0xCklg9YFs,https://whop.com/checkout/plan_4QERnMAG2TTxw,"https://cf.cjdropshipping.com/15155136/5402636246_1156516420.400x400.jpg?x-oss-process=image/format,webp,image/resize,m_fill,m_pad,w_250,h_250",85
prod_cj_0186,Table lamp USB LED reading book light touch sensor,Smart Gear & Power,20.74,28.00,6.48,68.8%,CJ-7340352E-91A,prod_VzTv8QJe5AmYh,https://whop.com/checkout/plan_eRu7HPzbmEplj,"https://cf.cjdropshipping.com/20190831/961020469983.png?x-oss-process=image/format,webp,image/resize,m_fill,m_pad,w_250,h_250",85
prod_cj_0187,Knock sensor,Automotive & Travel,31.97,43.16,9.99,68.8%,CJ-BA960A78-B56,prod_DKyF1oZy0sURt,https://whop.com/checkout/plan_QmN4TBmdoQHtu,"https://cc-west-usa.oss-accelerate.aliyuncs.com/20200715/2850100698534.jpg?x-oss-process=image/format,webp,image/resize,m_fill,m_pad,w_250,h_250",85
prod_cj_0188,Touch Screen LCD Screen R11ST Internal And External Integrated Display,Workspace & Desk Accessories,43.17,58.28,13.49,68.8%,CJ-155985418282,prod_gWTP1xC4S0NWs,https://whop.com/checkout/plan_kG7lu6Y7MuSOI,"https://cf.cjdropshipping.com/2751e9a7-7c4e-44fe-96ee-8161778723d5.jpg?x-oss-process=image/format,webp,image/resize,m_fill,m_pad,w_250,h_250",85
prod_cj_0189,Cute Duck LED Night Lamp Cartoon Silicone USB Rechargeable Sleeping Light Touch,Lighting & Ambience,19.10,25.79,5.97,68.7%,CJ-176666354758,prod_coVJT21HJQyAd,https://whop.com/checkout/plan_wnbAIh59pj7Pq,"https://oss-cf.cjdropshipping.com/product/2024/04/15/09/b7706a9e-e893-432c-a7cc-87f24bc3b9d3.jpg?x-oss-process=image/format,webp,image/resize,m_fill,m_pad,w_250,h_250",85
prod_cj_0190,Home Decor Silicone Night Light Bedside Table Lamp LED Touch Sensor Lamp,Lighting & Ambience,17.50,23.62,5.47,68.7%,CJ-169454138920,prod_LLOk7uaOHYLqO,https://whop.com/checkout/plan_QfLDmHruJwT7R,"https://oss.cjdropshipping.com/product/2023/10/23/06/28de2f31-58a6-4977-a7aa-0e0bd0f53a02.jpg?x-oss-process=image/format,webp,image/resize,m_fill,m_pad,w_250,h_250",85
prod_cj_0191,"Bedside Lamp Touch Table Lamp With Natural Sounds, Desk Lamp With Alarm",Lighting & Ambience,71.09,95.97,24.88,65.0%,CJ-175332640158,prod_Hjo2T5zw4cLhw,https://whop.com/checkout/plan_jJ1PYITJStuei,"https://oss-cf.cjdropshipping.com/product/2024/03/25/05/e644ff3e-8cc3-4d3c-955a-bd120317e970.jpg?x-oss-process=image/format,webp,image/resize,m_fill,m_pad,w_250,h_250",85
prod_cj_0192,Automotive water temperature sensor,Automotive & Travel,31.97,43.16,9.99,68.8%,CJ-942C27DE-93D,prod_mBe2OKkokP31g,https://whop.com/checkout/plan_monWwvS6zN8Fu,"https://cf.cjdropshipping.com/2052/102865616082.jpg?x-oss-process=image/format,webp,image/resize,m_fill,m_pad,w_250,h_250",85
prod_cj_0193,Double-sided Luminous USB Rechargeable Touch Adjustable Light Bedside Lamp,Smart Gear & Power,22.46,30.32,7.02,68.7%,CJ-178957412980,prod_B9a73xSDvXpLK,https://whop.com/checkout/plan_ICnO23q85oywI,"https://cf.cjdropshipping.com/quick/product/cf8dafea-b142-4996-a611-14b799ca30d7.jpg?x-oss-process=image/format,webp,image/resize,m_fill,m_pad,w_250,h_250",85
prod_cj_0194,Pencil 1nd Gen Storage Box Touch Tablet Pen Accessories Portable Hard Cover,Workspace & Desk Accessories,5.72,7.72,1.43,75.0%,CJ-139818568747,prod_eRGCvfcYAnnRL,https://whop.com/checkout/plan_X5lMIIzJWIYII,"https://cf.cjdropshipping.com/1622187588002.jpg?x-oss-process=image/format,webp,image/resize,m_fill,m_pad,w_250,h_250",85
prod_cj_0195,Cute LED Night Light Touch Sensor Cartoon Kid's Nightlights Big Face Rabbit,Lighting & Ambience,16.99,22.94,5.31,68.7%,CJ-177003534126,prod_Dif8QaDFCMixB,https://whop.com/checkout/plan_YKO8pfkXq8vrN,"https://oss-cf.cjdropshipping.com/product/2024/04/29/03/1b0f237d-a557-4ea2-b497-5fc2445be890.jpg?x-oss-process=image/format,webp,image/resize,m_fill,m_pad,w_250,h_250",85
prod_cj_0196,Wired Pir Motion Sensor Passive Infrared Detector Wall Mounted Warning Alarm Relay,"Home, Wellness & Lifestyle",11.72,15.82,2.93,75.0%,CJ-162061057345,prod_H2czo2KEoWGHo,https://whop.com/checkout/plan_3PuFZyY69F4Rv,"https://cf.cjdropshipping.com/807bf2fd-0011-4bb4-8dce-999cfab55e59.jpg?x-oss-process=image/format,webp,image/resize,m_fill,m_pad,w_250,h_250",85
prod_cj_0197,LED Rooster Night Light Touch With Sound Rechargeable Bedroom Bedside Lamp Dimmable,Lighting & Ambience,25.89,34.95,8.09,68.8%,CJ-241114034058,prod_Gdt2yz7pdzIol,https://whop.com/checkout/plan_4UFMMX7nLXJ1V,"https://oss-cf.cjdropshipping.com/product/2024/12/02/08/93b6afb1-ea1d-4240-ab41-269bc0e4d57a.jpg?x-oss-process=image/format,webp,image/resize,m_fill,m_pad,w_250,h_250",85
prod_cj_0198,Halloween Silicone Ghost Shaped Bedside Lamp With Touch Control Soft Glow For,Lighting & Ambience,17.84,24.08,4.46,75.0%,CJ-240815032654,prod_4kKHkrbAEoDvn,https://whop.com/checkout/plan_kGSfr9utKTKIa,"https://oss-cf.cjdropshipping.com/product/2024/09/09/08/4934d1b2-5550-47aa-8ba8-4229de7188b2.jpg?x-oss-process=image/format,webp,image/resize,m_fill,m_pad,w_250,h_250",85
prod_cj_0199,Simple Bedside Lamp Round Aisle Wall Lamp,Lighting & Ambience,19.68,26.57,6.15,68.8%,CJ-241124031021,prod_GnQpl4Z9zcP7L,https://whop.com/checkout/plan_znkwD3quvKMab,"https://cf.cjdropshipping.com/quick/product/d544c414-9753-4e52-890c-f2035f164503.jpg?x-oss-process=image/format,webp,image/resize,m_fill,m_pad,w_250,h_250",85
prod_cj_0200,Bedroom Bedside Vertical Table Lamp Floor Lamp,Lighting & Ambience,45.63,61.60,14.26,68.7%,CJ-250724023236,prod_TTnD2d2731Rat,https://whop.com/checkout/plan_5DN10j7tQMrWU,"https://cf.cjdropshipping.com/quick/product/edfd85a3-9225-4063-aaa2-d6ace0ad213e.jpg?x-oss-process=image/format,webp,image/resize,m_fill,m_pad,w_250,h_250",85
prod_edc_tool,Vektor Grade-5 Titanium Precision Pocket Multi-Tool,Precision Tools & EDC,55.00,74.25,16.00,70.9%,NYX-EDC-VEK01,prod_FpmAeZcilPqwO,https://whop.com/checkout/plan_YLooOkqmJC5cY,/static/images/products/nyxeris-vektor-titanium-tool.jpg,77
prod_horizon_light,Horizon Pro Screen Ambient Asymmetric Light Bar,Lighting & Ambience,89.00,120.15,26.00,70.8%,NYX-LGT-HRZ01,prod_pMl3T9SpIhatD,https://whop.com/checkout/plan_Z280nZIOmmbNd,/static/images/products/nyxeris-horizon-screenbar-light.jpg,53
prod_local_0e5ea223,Aero-Grade Carbon Fiber Pocket Scalpel and EDC Utility Blade,Accessories & EDC,48.00,64.80,16.80,65.0%,NYX-ACC-F4B6,prod_kU5ny2GAeDnh1,https://whop.com/checkout/plan_N1yeo2rVpYD7o,https://images.unsplash.com/photo-1563770660941-20978e870e26?w=800,80
prod_local_23f420ff,Volt-100 4-Port GaN Desktop Fast Charging Hub,Smart Gear & Power,85.00,114.75,29.75,65.0%,NYX-SMA-585D,prod_ueEWzv7YFAAum,https://whop.com/checkout/plan_m6f8624i26wK5,https://images.unsplash.com/photo-1558002038-1055907df827?w=800,70
prod_local_3084e7ba,Matte Obsidian Acoustic Desk Divider and Tool Organizer,Workspace & Studio,95.00,128.25,33.25,65.0%,NYX-WOR-0B53,prod_jHvfzjVTHiMEC,https://whop.com/checkout/plan_TUgqUrsJdQXQg,https://images.unsplash.com/photo-1518770660439-4636190af475?w=800,100
prod_local_4996a1a5,Titanium Quick-Release Shackle Carabiner Keychain,Accessories & EDC,38.00,51.30,13.30,65.0%,NYX-ACC-B7E2,prod_q1XR7Upr9fW2A,https://whop.com/checkout/plan_4XiT9TiryUcz4,https://images.unsplash.com/photo-1618005182384-a83a8bd57fbe?w=800,95
prod_local_791d64e3,Linear Magnetic Desk Switch Fidget and Keycap Tester Block,Peripherals & Tech,34.00,45.90,11.90,65.0%,NYX-PER-0077,prod_F1pzgB2JPqVzv,https://whop.com/checkout/plan_Is6dozcNFsmSP,https://images.unsplash.com/photo-1587829741301-dc798b83add3?w=800,105
prod_local_914499b7,Minimalist Precision CNC Titanium Rollerball Pen,Accessories & EDC,65.00,87.75,22.75,65.0%,NYX-ACC-16A6,prod_xXzQiTCD5KGcJ,https://whop.com/checkout/plan_xYSGSMIc3BOIW,https://images.unsplash.com/photo-1544717305-2782549b5136?w=800,85
prod_local_ab8c6324,Titanium Heavy Magnetic Cable Management Anchor Dock,Workspace & Studio,45.00,60.75,15.75,65.0%,NYX-WOR-AC01,prod_MT53esWEqGjA2,https://whop.com/checkout/plan_hgL59zaLZITBi,https://images.unsplash.com/photo-1616401784845-180882ba9ba8?w=800,50
prod_local_b8a8c0b5,Handcrafted Full-Grain Leather EDC Tech Folio Organizer,Accessories & EDC,110.00,148.50,38.50,65.0%,NYX-ACC-58B1,prod_q90ZkIMKDzKPI,https://whop.com/checkout/plan_H6rawt1aTrhyz,https://images.unsplash.com/photo-1553062407-98eeb64c6a62?w=800,90
prod_local_b990ffe9,Monolithic Billet Aluminum Tablet and iPad Pro Stand,Workspace & Studio,69.00,93.15,24.15,65.0%,NYX-WOR-B204,prod_8PBcKhPajmgeC,https://whop.com/checkout/plan_90rqGuQLfljQX,https://images.unsplash.com/photo-1588872657578-7efd1f1555ed?w=800,75
prod_local_bd9f101a,Solid American Walnut and Billet Brass Studio Headphone Stand,Workspace & Studio,79.00,106.65,27.65,65.0%,NYX-WOR-CBC2,prod_htoMfm61GEOoo,https://whop.com/checkout/plan_2R0xD1k2wpWMw,https://images.unsplash.com/photo-1505740420928-5e560c06d30e?w=800,60
prod_local_cbea8eec,Apex Magnetic Analog Macropad with Rotary Encoder Knob,Peripherals & Tech,89.00,120.15,31.15,65.0%,NYX-PER-A818,prod_DEGWOtpc6TYj1,https://whop.com/checkout/plan_LgBpB4GZe5qfO,https://images.unsplash.com/photo-1527864550417-7fd91fc51a46?w=800,65
prod_local_f76ddbc8,CNC Anodized Aluminum Ergonomic Keyboard Wrist Rest,Peripherals & Tech,59.00,79.65,20.65,65.0%,NYX-PER-9CAC,prod_IkxcHcxnGC4iV,https://whop.com/checkout/plan_mI4BsjfA7ldl4,https://images.unsplash.com/photo-1593062096033-9a26b09da705?w=800,55
prod_lumina_pad,Oversized Thickened Precision Seaming Computer Desk Mat,Workspace & Desk Accessories,4.56,6.16,1.14,75.0%,CJ-138692818928,prod_BqmpfCDNa5nIQ,https://whop.com/checkout/plan_UqR889RGtuxfj,/static/images/products/nyxeris-lumina-desk-mat.jpg,58
prod_nyx_0218,Chronos Billet Aluminum Monitor Arm Mount,Workspace & Studio,59.00,79.62,16.28,72.4%,NYX-WOR-A27F69,prod_FmSp5U3jxa7Ec,https://whop.com/checkout/plan_UrjfGkruZ0TnT,https://images.unsplash.com/photo-1524758631624-e2822e304c36?w=800,113
prod_nyx_0219,Aura Precision Billet Aluminum Volume Knob Macropad,Peripherals & Tech,119.00,154.88,39.49,66.8%,NYX-PER-1CA963,prod_lUwUJnEXbUqxK,https://whop.com/checkout/plan_l2o4i5S2QhUrK,https://images.unsplash.com/photo-1527864550417-7fd91fc51a46?w=800,73
prod_nyx_0220,Chronos Magnetic 10000mAh Ultra-Slim Power Bank,Smart Gear & Power,119.00,149.36,42.95,63.9%,NYX-SMA-FD1879,prod_YXjSL9soniL33,https://whop.com/checkout/plan_ImSfI2OCA2Yys,https://images.unsplash.com/photo-1544716278-ca5e3f4abd8c?w=800,110
prod_nyx_0221,Origin Grade-5 Titanium Precision Pocket Pry Bar,Accessories & EDC,119.00,169.53,34.87,70.7%,NYX-ACC-244839,prod_YIxxTCcxPAKcY,https://whop.com/checkout/plan_f2KQ0LhbT9aqW,https://images.unsplash.com/photo-1584917865442-de89df76afd3?w=800,107
prod_nyx_0222,Horizon Active Posture Dynamic Wobble Balance Stool,Ergonomics & Desk Setup,149.00,212.34,54.05,63.7%,NYX-ERG-665441,prod_QMxWqUXJITHrk,https://whop.com/checkout/plan_rBKJsjxs528eg,https://images.unsplash.com/photo-1505740420928-5e560c06d30e?w=800,76
prod_nyx_0223,Obsidian Magnetic Pegboard Tool Plate,Workspace & Studio,29.00,40.11,9.33,67.8%,NYX-WOR-9D4F93,prod_UEGFADwCodr8S,https://whop.com/checkout/plan_21arOGadqfsrE,https://images.unsplash.com/photo-1516321318423-f06f85e504b3?w=800,107
prod_nyx_0224,Vektor Precision Billet Aluminum Volume Knob Macropad,Peripherals & Tech,229.00,300.85,86.69,62.1%,NYX-PER-ED8299,prod_kEzUTofnc8m2d,https://whop.com/checkout/plan_80AgWkt3aVJA2,https://images.unsplash.com/photo-1618384887929-16ec33fab9ef?w=800,43
prod_nyx_0225,Element Smart OLED Real-Time Power Meter Cable,Smart Gear & Power,89.00,122.36,31.80,64.3%,NYX-SMA-A0B853,prod_tE6nBklAL97No,https://whop.com/checkout/plan_Ryh9UBLw6o7kr,https://images.unsplash.com/photo-1616401784845-180882ba9ba8?w=800,115
prod_nyx_0226,Lumina Matte Obsidian RFID Blocking Minimalist Cardholder,Accessories & EDC,49.00,65.70,12.04,75.4%,NYX-ACC-5AF624,prod_cXjtrkP20085c,https://whop.com/checkout/plan_qb9Jrtca7gKCq,https://images.unsplash.com/photo-1618005182384-a83a8bd57fbe?w=800,55
prod_nyx_0227,Apex Contoured Memory Foam Ergonomic Lumbar Support,Ergonomics & Desk Setup,29.00,39.08,8.32,71.3%,NYX-ERG-1D8840,prod_W5AvYI7x5tPtT,https://whop.com/checkout/plan_8vjLtZyAbwU3g,https://images.unsplash.com/photo-1505330622279-bf7d7fc918f4?w=800,70
prod_nyx_0228,Pulse Studio Reference Speaker Wedges,Workspace & Studio,29.00,41.17,10.39,64.2%,NYX-WOR-D42030,prod_VACMYV3eNURiV,https://whop.com/checkout/plan_6DON9cSsg5KO8,https://images.unsplash.com/photo-1524758631624-e2822e304c36?w=800,102
prod_nyx_0229,Vanguard Glass Surface Precision Gaming Mousepad,Peripherals & Tech,75.00,98.91,19.23,74.4%,NYX-PER-3C4E92,prod_GYzE5MYjtVvpK,https://whop.com/checkout/plan_o8P7LzCVi4E1f,https://images.unsplash.com/photo-1527864550417-7fd91fc51a46?w=800,94
prod_nyx_0230,Lumina Magnetic Qi2 Car and Desktop Mount Dock Mark 2,Smart Gear & Power,29.00,39.89,7.69,73.5%,NYX-SMA-A2AD65,prod_wzQcjZke4U97N,https://whop.com/checkout/plan_bO0B0oRRknyjh,https://images.unsplash.com/photo-1519389950473-47ba0277781c?w=800,109
prod_nyx_0231,Apex CNC Titanium Bolt-Action Rollerball Pen Mark 2,Accessories & EDC,119.00,166.93,41.59,65.1%,NYX-ACC-C51463,prod_GgdgIwnD3JIPg,https://whop.com/checkout/plan_YPSxTgZ8IoedY,https://images.unsplash.com/photo-1627123424574-724758594e93?w=800,105
prod_nyx_0232,Vanguard Ergonomic Vertical Wireless Laser Mouse Mark 2,Ergonomics & Desk Setup,29.00,39.78,8.05,72.2%,NYX-ERG-541367,prod_ez16dN84feYKW,https://whop.com/checkout/plan_okhKH542EPhMK,https://images.unsplash.com/photo-1505740420928-5e560c06d30e?w=800,87
prod_nyx_0233,Ultra Magnetic Desk Cable Anchor,Workspace & Studio,59.00,80.22,21.54,63.5%,NYX-WOR-86E943,prod_UfUpzr44T9syM,https://whop.com/checkout/plan_JGEa8wm4zeo2a,https://images.unsplash.com/photo-1544717305-2782549b5136?w=800,85
prod_nyx_0234,Horizon Ultra-Light Carbon Composite Gaming Mouse Mark 2,Peripherals & Tech,29.00,40.07,8.56,70.5%,NYX-PER-DB9950,prod_Gx3JzlbGex0Vi,https://whop.com/checkout/plan_CfTml4feLAbZ6,https://images.unsplash.com/photo-1612815154858-60aa4c59eaa6?w=800,85
prod_nyx_0235,Forge 65W Retractable USB-C Fast Charging Hub Mark 2,Smart Gear & Power,29.00,40.08,7.29,74.9%,NYX-SMA-4FB676,prod_ksUi2mwdNpOSw,https://whop.com/checkout/plan_PHGlsYJMP2APg,https://images.unsplash.com/photo-1585338107529-13afc5f02586?w=800,79
prod_nyx_0236,Pro Precision Metric Measuring Rule in Ti-6Al-4V Mark 2,Accessories & EDC,149.00,210.20,37.32,75.0%,NYX-ACC-EC9F38,prod_HE9u65MewpztM,https://whop.com/checkout/plan_eEtea96HS7P43,https://images.unsplash.com/photo-1563770660941-20978e870e26?w=800,114
prod_nyx_0237,Vanguard Silicone Cable Sorter Desktop Organizer Mark 2,Ergonomics & Desk Setup,149.00,195.12,45.18,69.7%,NYX-ERG-09D285,prod_nGzbHFIy1vDvp,https://whop.com/checkout/plan_NkpBIAS1KaESz,https://images.unsplash.com/photo-1505330622279-bf7d7fc918f4?w=800,57
prod_nyx_0238,Lumina Artisan Solid Brass Paperweight and Stylus Mark 2,Workspace & Studio,119.00,156.72,30.02,74.8%,NYX-WOR-A24417,prod_vWUw1jlvwEclP,https://whop.com/checkout/plan_cdxD8kGsROmhg,https://images.unsplash.com/photo-1497215728101-856f4ea42174?w=800,96
prod_nyx_0239,Monolith Studio Reference Planar Magnetic Drivers Mark 2,Peripherals & Tech,229.00,306.53,58.31,74.5%,NYX-PER-8F1814,prod_33m9RFTYMvSDs,https://whop.com/checkout/plan_JmD3niEXpk7Xk,https://images.unsplash.com/photo-1527864550417-7fd91fc51a46?w=800,46
prod_nyx_0240,Cipher 100W GaN 4-Port Fast Desktop Power Station Mark 2,Smart Gear & Power,89.00,122.95,27.83,68.7%,NYX-SMA-EDE014,prod_0UzPlDe8CYFrl,https://whop.com/checkout/plan_MWxS2FTENZf3k,https://images.unsplash.com/photo-1585338107529-13afc5f02586?w=800,85
prod_nyx_0241,Stealth Monolithic Brass Desk Tops Fidget Spinner Mark 2,Accessories & EDC,179.00,231.79,59.00,67.0%,NYX-ACC-EF0131,prod_gEeIXb2hXOerj,https://whop.com/checkout/plan_kifnru5DE7uOI,https://images.unsplash.com/photo-1563770660941-20978e870e26?w=800,38
prod_nyx_0242,Forge Dual-Joint Billet Aluminum Microphone Boom Arm Mark 3,Ergonomics & Desk Setup,89.00,120.73,30.90,65.3%,NYX-ERG-3B8A11,prod_LJOOTFWptgslE,https://whop.com/checkout/plan_8QY8HdOk6Y6RM,https://images.unsplash.com/photo-1516321318423-f06f85e504b3?w=800,106
prod_nyx_0243,Cipher Acoustic Felt Studio Desk Partition Mark 2,Workspace & Studio,179.00,257.83,61.98,65.4%,NYX-WOR-D73812,prod_WFsw4HQYFegQg,https://whop.com/checkout/plan_HDEgvXEOztjtB,https://images.unsplash.com/photo-1593062096033-9a26b09da705?w=800,93
prod_nyx_0244,Artisan Custom Coiled Aviator USB-C Cable Mark 2,Peripherals & Tech,119.00,155.21,41.96,64.7%,NYX-PER-79E186,prod_HQpvX0Rifxrfe,https://whop.com/checkout/plan_KHQtYbA47SGW5,https://images.unsplash.com/photo-1595225476474-87563907a212?w=800,35
prod_nyx_0245,Artisan Smart LED Ambient Desk Glow Strip Pro Mark 3,Smart Gear & Power,59.00,76.22,14.76,75.0%,NYX-SMA-438E18,prod_jmWyR1a5hshWu,https://whop.com/checkout/plan_EqNeMJbh5XdLI,https://images.unsplash.com/photo-1544716278-ca5e3f4abd8c?w=800,114
prod_nyx_0246,Quantum Titanium Capsule Waterproof EDC Storage Pill Mark 3,Accessories & EDC,59.00,77.93,15.82,73.2%,NYX-ACC-3A8D17,prod_Pwx1d4z2GzDs5,https://whop.com/checkout/plan_QSfKSkaYQ3DX2,https://images.unsplash.com/photo-1563770660941-20978e870e26?w=800,96
prod_nyx_0247,Zenith 360 Swivel Tablet and Secondary Screen Clamp Mark 3,Ergonomics & Desk Setup,75.00,96.95,19.24,74.3%,NYX-ERG-E43089,prod_PSjj8qdRBiumP,https://whop.com/checkout/plan_RzkpFNGvobskA,https://images.unsplash.com/photo-1516321318423-f06f85e504b3?w=800,98
prod_nyx_0248,Ultra Matte Carbon Fiber Desk Shelf Mark 2,Workspace & Studio,89.00,112.05,31.57,64.5%,NYX-WOR-1AE119,prod_UBNGWQOaKCMh7,https://whop.com/checkout/plan_n4j9EsmD3BwoF,https://images.unsplash.com/photo-1588872657578-7efd1f1555ed?w=800,61
prod_nyx_0249,Aero Glass Surface Precision Gaming Mousepad Mark 3,Peripherals & Tech,29.00,40.27,7.27,74.9%,NYX-PER-073B71,prod_MlOx28IB06Uvu,https://whop.com/checkout/plan_8odqSROXLlPNu,https://images.unsplash.com/photo-1527864550417-7fd91fc51a46?w=800,82
prod_nyx_0250,Aura 100W GaN 4-Port Fast Desktop Power Station Mark 3,Smart Gear & Power,39.00,55.87,9.43,75.8%,NYX-SMA-F43971,prod_nR5sbgi9QZipy,https://whop.com/checkout/plan_wHfQf5mAekz2T,https://images.unsplash.com/photo-1558002038-1055907df827?w=800,45
prod_nyx_0251,Pro DLC Coated Multi-Tool Pocket Stylus Mark 3,Accessories & EDC,39.00,55.40,13.78,64.7%,NYX-ACC-507733,prod_j9FmtBkNHGyh9,https://whop.com/checkout/plan_SV9oxknQ3fCvt,https://images.unsplash.com/photo-1627123424574-724758594e93?w=800,69
prod_nyx_0252,Specter Dual-Joint Billet Aluminum Microphone Boom Arm Mark 3,Ergonomics & Desk Setup,59.00,77.09,19.68,66.6%,NYX-ERG-0ACA48,prod_990gxfYYBI6o8,https://whop.com/checkout/plan_YtEn0s4r4CQvY,https://images.unsplash.com/photo-1499750310107-5fef28a66643?w=800,115
prod_nyx_0253,Horizon Precision Screen Ambient Lightbar Mark 2,Workspace & Studio,49.00,63.88,15.32,68.7%,NYX-WOR-1CC842,prod_l3UmRWIHh8qjq,https://whop.com/checkout/plan_9i2A44hRAXJJS,https://images.unsplash.com/photo-1507473885765-e6ed057f782c?w=800,109
prod_nyx_0254,Monolith Precision Billet Aluminum Volume Knob Macropad Mark 3,Peripherals & Tech,29.00,39.01,10.83,62.7%,NYX-PER-CC0730,prod_Iyg52kRe0MeJg,https://whop.com/checkout/plan_X9TB6A9i2Seqm,https://images.unsplash.com/photo-1527864550417-7fd91fc51a46?w=800,43
prod_nyx_0255,Pro Magnetic Qi2 Car and Desktop Mount Dock Mark 4,Smart Gear & Power,39.00,49.34,13.35,65.8%,NYX-SMA-1F7F70,prod_PPasSVdKIe33q,https://whop.com/checkout/plan_eEONnGPG7Smnc,https://images.unsplash.com/photo-1558002038-1055907df827?w=800,115
prod_nyx_0256,Pro Titanium Quick-Release Shackle Carabiner Mark 4,Accessories & EDC,179.00,237.76,50.40,71.8%,NYX-ACC-0C3A60,prod_Hd2nvQVhSHqrP,https://whop.com/checkout/plan_bMYRJR3EzTisq,https://images.unsplash.com/photo-1618005182384-a83a8bd57fbe?w=800,107
prod_nyx_0257,Obsidian Heavy Weighted Aluminum Headphone Hook Mount Mark 4,Ergonomics & Desk Setup,29.00,36.68,7.38,74.6%,NYX-ERG-AD0374,prod_LusKTx6mu9klf,https://whop.com/checkout/plan_2Il4jLldA32o5,https://images.unsplash.com/photo-1499750310107-5fef28a66643?w=800,52
prod_nyx_0258,Element Dual-Sided Vegan Obsidian Desk Pad Mark 3,Workspace & Studio,179.00,247.93,67.17,62.5%,NYX-WOR-CED825,prod_QJEe1scjBw4yo,https://whop.com/checkout/plan_Hg0HWs5o5zYkT,https://images.unsplash.com/photo-1593062096033-9a26b09da705?w=800,94
prod_nyx_0259,Apex Custom Double-Shot PBT Keycap Set Mark 3,Peripherals & Tech,29.00,38.33,10.08,65.2%,NYX-PER-7FFE14,prod_moB9yfIqZkkrn,https://whop.com/checkout/plan_p8I3u0cEJKMYQ,https://images.unsplash.com/photo-1587829741301-dc798b83add3?w=800,80
prod_nyx_0260,Specter Magnetic Qi2 Car and Desktop Mount Dock Mark 4,Smart Gear & Power,119.00,163.97,33.31,72.0%,NYX-SMA-08FC35,prod_Dm0c10Nql4mxy,https://whop.com/checkout/plan_iybiTGFBkOkTM,https://images.unsplash.com/photo-1519389950473-47ba0277781c?w=800,53
prod_nyx_0261,Element Titanium Capsule Waterproof EDC Storage Pill Mark 4,Accessories & EDC,49.00,64.33,16.47,66.4%,NYX-ACC-E74254,prod_zp8nDmZ6VgTR2,https://whop.com/checkout/plan_ckhQu1VvArSLd,https://images.unsplash.com/photo-1511556532299-8f662fc26c06?w=800,88
prod_nyx_0262,Zenith Magnetic Cable Routing Spine for Standing Desks Mark 4,Ergonomics & Desk Setup,229.00,324.61,81.19,64.5%,NYX-ERG-8CED75,prod_juQAo0ERCeyRP,https://whop.com/checkout/plan_Jtq9SjAekQO71,https://images.unsplash.com/photo-1505740420928-5e560c06d30e?w=800,107
prod_nyx_0263,Origin Magnetic Pegboard Tool Plate Mark 3,Workspace & Studio,179.00,249.74,44.11,75.4%,NYX-WOR-1A0834,prod_iAaBjG7CDqL2K,https://whop.com/checkout/plan_t9a2fRc1bnHqZ,https://images.unsplash.com/photo-1588872657578-7efd1f1555ed?w=800,102
prod_nyx_0264,Vektor Dual ESS Sabre Balanced Headphone Amplifier Mark 4,Peripherals & Tech,39.00,53.47,12.35,68.3%,NYX-PER-0C1331,prod_ODL9Q1EJLVW86,https://whop.com/checkout/plan_BfH4L8tLqwm5o,https://images.unsplash.com/photo-1527864550417-7fd91fc51a46?w=800,72
prod_nyx_0265,Pro Magnetic 10000mAh Ultra-Slim Power Bank Mark 4,Smart Gear & Power,89.00,120.78,26.68,70.0%,NYX-SMA-F85833,prod_bEYN46WjG8Snz,https://whop.com/checkout/plan_Qlgfu51dKYHyu,https://images.unsplash.com/photo-1585338107529-13afc5f02586?w=800,68
prod_nyx_0266,Monolith Precision Metric Measuring Rule in Ti-6Al-4V Mark 5,Accessories & EDC,39.00,48.86,12.58,67.7%,NYX-ACC-446710,prod_VIYg5uaQJjNcT,https://whop.com/checkout/plan_TJjfdJkjd9YvL,https://images.unsplash.com/photo-1563770660941-20978e870e26?w=800,46
prod_nyx_0267,Horizon Heavy Weighted Aluminum Headphone Hook Mount Mark 5,Ergonomics & Desk Setup,229.00,326.88,64.69,71.8%,NYX-ERG-13B132,prod_ZPaiNwHAosYZb,https://whop.com/checkout/plan_KYffeU0LvOxl8,https://images.unsplash.com/photo-1586023492125-27b2c045efd7?w=800,76
prod_nyx_0268,Chronos Monolithic MagSafe Display Stand Mark 3,Workspace & Studio,89.00,120.55,26.89,69.8%,NYX-WOR-484529,prod_3Wzsp6QH6gMx0,https://whop.com/checkout/plan_UMVYpsZyfCOID,https://images.unsplash.com/photo-1593062096033-9a26b09da705?w=800,73
prod_nyx_0269,Forge Braided Paracord Low-Resistance Mouse Cord Mark 4,Peripherals & Tech,49.00,69.43,16.84,65.6%,NYX-PER-461884,prod_XfxM2duiArHmF,https://whop.com/checkout/plan_GEQAFjlFl5bFf,https://images.unsplash.com/photo-1587829741301-dc798b83add3?w=800,69
prod_nyx_0270,Aura Monolithic Billet 65W Wireless Charger Stand Mark 5,Smart Gear & Power,59.00,79.67,15.00,74.6%,NYX-SMA-FAC452,prod_Sa4AgeigPL3jv,https://whop.com/checkout/plan_IWLOuvUXPhNxl,https://images.unsplash.com/photo-1616401784845-180882ba9ba8?w=800,110
prod_nyx_0271,Vektor CNC Titanium Bolt-Action Rollerball Pen Mark 5,Accessories & EDC,29.00,38.75,7.22,75.1%,NYX-ACC-2BA140,prod_TrPFqMTuMk3Dl,https://whop.com/checkout/plan_j3VJWOYPffP5g,https://images.unsplash.com/photo-1618005182384-a83a8bd57fbe?w=800,78
prod_nyx_0272,Apex 360 Swivel Tablet and Secondary Screen Clamp Mark 5,Ergonomics & Desk Setup,29.00,41.96,10.36,64.3%,NYX-ERG-A8D681,prod_UfMO3xUFqxZIa,https://whop.com/checkout/plan_PDMppFcIQ2zop,https://images.unsplash.com/photo-1505740420928-5e560c06d30e?w=800,82
prod_nyx_0273,Horizon Monolithic Laptop Riser Stand Mark 4,Workspace & Studio,59.00,75.20,21.08,64.3%,NYX-WOR-6C7154,prod_f5HPJxnSEmP8T,https://whop.com/checkout/plan_qG1s6Mycnz2Py,https://images.unsplash.com/photo-1518770660439-4636190af475?w=800,116
prod_nyx_0274,Ultra Dual ESS Sabre Balanced Headphone Amplifier Mark 4,Peripherals & Tech,59.00,73.84,16.51,72.0%,NYX-PER-118153,prod_jC1kkDTD2RmtN,https://whop.com/checkout/plan_zBaO0GB8Bp6l3,https://images.unsplash.com/photo-1529236183275-4fdcf2bc987e?w=800,59
prod_nyx_0275,Forge Braided Liquid Silicone 240W Fast Cable Mark 5,Smart Gear & Power,29.00,37.13,10.28,64.6%,NYX-SMA-255E99,prod_enoCJokqUbsof,https://whop.com/checkout/plan_tOercMOVOIYa4,https://images.unsplash.com/photo-1544716278-ca5e3f4abd8c?w=800,86
prod_nyx_0276,Zenith DLC Coated Multi-Tool Pocket Stylus Mark 5,Accessories & EDC,179.00,254.72,58.90,67.1%,NYX-ACC-4A2F80,prod_zyKDw6niD3rNB,https://whop.com/checkout/plan_zUx1UkvbVo9I7,https://images.unsplash.com/photo-1553062407-98eeb64c6a62?w=800,82
prod_nyx_0277,Vektor Ergonomic Vertical Wireless Laser Mouse Mark 5,Ergonomics & Desk Setup,59.00,80.07,21.83,63.0%,NYX-ERG-F7EA38,prod_aXwpgp3DJuAy1,https://whop.com/checkout/plan_mtcEZSKutGF93,https://images.unsplash.com/photo-1505330622279-bf7d7fc918f4?w=800,40
prod_nyx_0278,Horizon Magnetic Pegboard Tool Plate Mark 4,Workspace & Studio,149.00,213.73,50.63,66.0%,NYX-WOR-222D78,prod_TwNOUBKoAVOuZ,https://whop.com/checkout/plan_8f725uuSVkyKR,https://images.unsplash.com/photo-1505330622279-bf7d7fc918f4?w=800,92
prod_nyx_0279,Quantum Gasket-Mount 60% Low-Profile Keyboard Mark 5,Peripherals & Tech,89.00,120.91,32.62,63.3%,NYX-PER-D90470,prod_EqB13a09HodYT,https://whop.com/checkout/plan_gLSlTGgRKUCsI,https://images.unsplash.com/photo-1612815154858-60aa4c59eaa6?w=800,68
prod_nyx_0280,Chronos Magnetic Qi2 Car and Desktop Mount Dock Mark 6,Smart Gear & Power,149.00,203.76,53.03,64.4%,NYX-SMA-17EB91,prod_2aOUhJTm0XxjK,https://whop.com/checkout/plan_MIlMHscK72Wo0,https://images.unsplash.com/photo-1519389950473-47ba0277781c?w=800,109
prod_nyx_0281,Zenith Titanium Capsule Waterproof EDC Storage Pill Mark 6,Accessories & EDC,179.00,243.98,45.96,74.3%,NYX-ACC-643191,prod_WtPJDHNQkivnt,https://whop.com/checkout/plan_tQozVwgFCgQvm,https://images.unsplash.com/photo-1563770660941-20978e870e26?w=800,116
prod_nyx_0282,Monolith Articulating Under-Desk Keyboard Tray Mark 6,Ergonomics & Desk Setup,75.00,104.38,19.66,73.8%,NYX-ERG-636C28,prod_HZVjg18kaMtsX,https://whop.com/checkout/plan_sOXd02PQDdsTq,https://images.unsplash.com/photo-1516321318423-f06f85e504b3?w=800,46
prod_nyx_0283,Stealth Under-Desk Steel Cable Conduit Mark 4,Workspace & Studio,229.00,315.37,84.07,63.3%,NYX-WOR-DD0570,prod_E1C35e0qsq0ra,https://whop.com/checkout/plan_Ul8fW31chQNsI,https://images.unsplash.com/photo-1544717305-2782549b5136?w=800,75
prod_nyx_0284,Aero Braided Paracord Low-Resistance Mouse Cord Mark 5,Peripherals & Tech,149.00,209.32,46.85,68.6%,NYX-PER-668F42,prod_wW8WKVsFCrBlO,https://whop.com/checkout/plan_cHIALhaCiTMPQ,https://images.unsplash.com/photo-1546435770-a3e426bf472b?w=800,68
prod_nyx_0285,Vektor 100W GaN 4-Port Fast Desktop Power Station Mark 6,Smart Gear & Power,29.00,36.36,7.93,72.7%,NYX-SMA-FE0573,prod_VAwouRADQ7gl7,https://whop.com/checkout/plan_koqijPtzw5Cx6,https://images.unsplash.com/photo-1544716278-ca5e3f4abd8c?w=800,65
prod_nyx_0286,Origin Modular Magnetic EDC Key Organizer Rail Mark 6,Accessories & EDC,89.00,126.19,33.01,62.9%,NYX-ACC-44E014,prod_WiRrPIS4EEiG5,https://whop.com/checkout/plan_fU2FuDZKXPGdJ,https://images.unsplash.com/photo-1618005182384-a83a8bd57fbe?w=800,119
prod_nyx_0287,Pulse Magnetic Cable Routing Spine for Standing Desks Mark 6,Ergonomics & Desk Setup,149.00,192.69,40.36,72.9%,NYX-ERG-03A097,prod_Eda2IStIoiJTI,https://whop.com/checkout/plan_RI5SEmsEKugYw,https://images.unsplash.com/photo-1499750310107-5fef28a66643?w=800,35
prod_nyx_0288,Obsidian CNC Walnut Desk Shelf Tray Mark 4,Workspace & Studio,179.00,229.27,64.00,64.2%,NYX-WOR-442887,prod_nM6cXxah68Oot,https://whop.com/checkout/plan_PyoASjdQfCs2i,https://images.unsplash.com/photo-1544717305-2782549b5136?w=800,77
prod_nyx_0289,Ultra Glass Surface Precision Gaming Mousepad Mark 5,Peripherals & Tech,49.00,64.46,14.19,71.0%,NYX-PER-F83013,prod_g8GVCOiaZjHsm,https://whop.com/checkout/plan_kXN5O286sO4V3,https://images.unsplash.com/photo-1529236183275-4fdcf2bc987e?w=800,56
prod_nyx_0290,Quantum Smart LED Ambient Desk Glow Strip Pro Mark 7,Smart Gear & Power,29.00,41.57,8.16,71.9%,NYX-SMA-80A224,prod_aRHARvjVtbuOO,https://whop.com/checkout/plan_y29b2TNDYnXMI,https://images.unsplash.com/photo-1609081219090-a6d81d3085bf?w=800,89
prod_nyx_0291,Apex Matte Obsidian RFID Blocking Minimalist Cardholder Mark 7,Accessories & EDC,89.00,113.91,31.32,64.8%,NYX-ACC-B43E98,prod_kA6DQe886hdyd,https://whop.com/checkout/plan_vcfUiW8wyTa5e,https://images.unsplash.com/photo-1627123424574-724758594e93?w=800,40
prod_nyx_0292,Specter Gel-Infused Cooling Wrist Rest for Trackpad Mark 7,Ergonomics & Desk Setup,229.00,316.55,86.65,62.2%,NYX-ERG-5ACC47,prod_5grDJUatRNXxp,https://whop.com/checkout/plan_TtOcJscZX73gX,https://images.unsplash.com/photo-1505740420928-5e560c06d30e?w=800,47
prod_nyx_0293,Apex Magnetic Desk Cable Anchor Mark 5,Workspace & Studio,59.00,85.23,17.32,70.6%,NYX-WOR-9DDE25,prod_WNiiZKrzoD9d9,https://whop.com/checkout/plan_NFbVjORRS0886,https://images.unsplash.com/photo-1588872657578-7efd1f1555ed?w=800,69
prod_nyx_0294,Apex Precision Billet Aluminum Volume Knob Macropad Mark 6,Peripherals & Tech,29.00,38.81,8.53,70.6%,NYX-PER-964A16,prod_w613QAvJDNwre,https://whop.com/checkout/plan_Yz1mkqIN7JMbD,https://images.unsplash.com/photo-1546435770-a3e426bf472b?w=800,95
prod_nyx_0295,Cipher 100W GaN 4-Port Fast Desktop Power Station Mark 7,Smart Gear & Power,229.00,315.79,84.07,63.3%,NYX-SMA-F9E948,prod_066k4pxVoqPzG,https://whop.com/checkout/plan_egtBukEGklid1,https://images.unsplash.com/photo-1544716278-ca5e3f4abd8c?w=800,36
prod_nyx_0296,Specter DLC Coated Multi-Tool Pocket Stylus Mark 7,Accessories & EDC,149.00,209.00,38.09,74.4%,NYX-ACC-301F89,prod_ANYlHrUpJJ6wV,https://whop.com/checkout/plan_ob2v4vZhJAHFP,https://images.unsplash.com/photo-1511556532299-8f662fc26c06?w=800,118
prod_nyx_0297,Ultra Pneumatic Counterbalance Heavy Monitor Arm Mark 7,Ergonomics & Desk Setup,119.00,153.20,31.65,73.4%,NYX-ERG-102337,prod_VuDFKWXTR03Hd,https://whop.com/checkout/plan_qwfpD4X3R6v8k,https://images.unsplash.com/photo-1586023492125-27b2c045efd7?w=800,100
prod_nyx_0298,Zenith Billet Aluminum Monitor Arm Mount Mark 5,Workspace & Studio,119.00,158.96,40.42,66.0%,NYX-WOR-131D94,prod_btSUKXz9pzEiN,https://whop.com/checkout/plan_ta6YpNP4JnazS,https://images.unsplash.com/photo-1516321318423-f06f85e504b3?w=800,63
prod_nyx_0299,Specter Custom Double-Shot PBT Keycap Set Mark 6,Peripherals & Tech,229.00,287.29,68.25,70.2%,NYX-PER-0E5943,prod_QrlkRS0UzAzgf,https://whop.com/checkout/plan_rprBe3TH2lBx0,https://images.unsplash.com/photo-1563245372-f21724e3856d?w=800,82
prod_nyx_0300,Monolith 140W Dual USB-C GaN Travel Wall Adapter Mark 7,Smart Gear & Power,75.00,103.90,19.30,74.3%,NYX-SMA-CB3D10,prod_BxVI7Sr4Zx12k,https://whop.com/checkout/plan_lYwhpkOiT5LW4,https://images.unsplash.com/photo-1585338107529-13afc5f02586?w=800,115
prod_nyx_0301,Pro Matte Obsidian RFID Blocking Minimalist Cardholder Mark 7,Accessories & EDC,59.00,82.84,18.94,67.9%,NYX-ACC-E02078,prod_1Xy8Wi5gZIpQx,https://whop.com/checkout/plan_h9Mrso6UaH0fA,https://images.unsplash.com/photo-1553062407-98eeb64c6a62?w=800,69
prod_nyx_0302,Obsidian Magnetic Cable Routing Spine for Standing Desks Mark 8,Ergonomics & Desk Setup,179.00,223.93,66.77,62.7%,NYX-ERG-155395,prod_7ZQxga4LLFSwm,https://whop.com/checkout/plan_nFFObYqaupLvN,https://images.unsplash.com/photo-1505740420928-5e560c06d30e?w=800,52
prod_nyx_0303,Zenith Acoustic Felt Studio Desk Partition Mark 5,Workspace & Studio,49.00,67.26,13.82,71.8%,NYX-WOR-DF5B88,prod_MfQWR5j5nJFp8,https://whop.com/checkout/plan_KkDGUtYsTeG3s,https://images.unsplash.com/photo-1544717305-2782549b5136?w=800,67
prod_nyx_0304,Obsidian Ultra-Light Carbon Composite Gaming Mouse Mark 6,Peripherals & Tech,59.00,76.86,15.74,73.3%,NYX-PER-02AC92,prod_ekbRWUeh2emBv,https://whop.com/checkout/plan_aN4mg3Ae6E3h2,https://images.unsplash.com/photo-1529236183275-4fdcf2bc987e?w=800,43
prod_nyx_0305,Obsidian Smart OLED Real-Time Power Meter Cable Mark 8,Smart Gear & Power,29.00,40.40,8.46,70.8%,NYX-SMA-B49A31,prod_LmcqM18sQj46z,https://whop.com/checkout/plan_RERoiu9HSJIOe,https://images.unsplash.com/photo-1558002038-1055907df827?w=800,80
prod_nyx_0306,Origin Titanium Capsule Waterproof EDC Storage Pill Mark 8,Accessories & EDC,75.00,97.24,25.74,65.7%,NYX-ACC-D01C92,prod_jFdTAy57VVtCo,https://whop.com/checkout/plan_UFvnqPTNDJ5XA,https://images.unsplash.com/photo-1511556532299-8f662fc26c06?w=800,55
prod_nyx_0307,Specter Ergonomic Vertical Wireless Laser Mouse Mark 8,Ergonomics & Desk Setup,119.00,162.06,41.70,65.0%,NYX-ERG-C00C69,prod_GIjFGqWTPnt2L,https://whop.com/checkout/plan_DR6Ahr4s2biaI,https://images.unsplash.com/photo-1586023492125-27b2c045efd7?w=800,75
prod_nyx_0308,Vektor Billet Aluminum Monitor Arm Mount Mark 6,Workspace & Studio,49.00,68.85,16.16,67.0%,NYX-WOR-81AF35,prod_x4UPgTfrnGmXo,https://whop.com/checkout/plan_Yr2Jig5AJrMsu,https://images.unsplash.com/photo-1581291518857-4e27b48ff24e?w=800,116
prod_nyx_0309,Matrix Ultra-Light Carbon Composite Gaming Mouse Mark 7,Peripherals & Tech,179.00,237.77,61.86,65.4%,NYX-PER-EB4723,prod_UcNYrh4BzbP7P,https://whop.com/checkout/plan_bgXH3NH1ehcoc,https://images.unsplash.com/photo-1587829741301-dc798b83add3?w=800,53
prod_nyx_0310,Quantum Magnetic 10000mAh Ultra-Slim Power Bank Mark 8,Smart Gear & Power,49.00,68.30,13.94,71.6%,NYX-SMA-DE8790,prod_nDdkZN3vEyzN2,https://whop.com/checkout/plan_x3wXn3dn8clWC,https://images.unsplash.com/photo-1609081219090-a6d81d3085bf?w=800,52
prod_nyx_0311,Forge Titanium Quick-Release Shackle Carabiner Mark 8,Accessories & EDC,75.00,97.23,18.50,75.3%,NYX-ACC-1D9D87,prod_Tcd197Bt7SfHP,https://whop.com/checkout/plan_IepiV8MQSqPji,https://images.unsplash.com/photo-1563770660941-20978e870e26?w=800,56
prod_nyx_0312,Artisan Active Posture Dynamic Wobble Balance Stool Mark 8,Ergonomics & Desk Setup,39.00,49.09,12.89,66.9%,NYX-ERG-E23A29,prod_j1eQo1wqIlG88,https://whop.com/checkout/plan_PUwGg79uZ371I,https://images.unsplash.com/photo-1505330622279-bf7d7fc918f4?w=800,63
prod_nyx_0313,Stealth Billet Aluminum Monitor Arm Mount Mark 6,Workspace & Studio,29.00,38.37,9.03,68.9%,NYX-WOR-6F5364,prod_OMfWubeM8brBl,https://whop.com/checkout/plan_QF25g0rC73jRU,https://images.unsplash.com/photo-1593062096033-9a26b09da705?w=800,86
prod_nyx_0314,Stealth Custom Double-Shot PBT Keycap Set Mark 7,Peripherals & Tech,59.00,76.43,15.66,73.5%,NYX-PER-C95B85,prod_KkGBcYal2bhRn,https://whop.com/checkout/plan_bPpZo0DOxmJ0s,https://images.unsplash.com/photo-1612815154858-60aa4c59eaa6?w=800,84
prod_nyx_0315,Cipher Monolithic Billet 65W Wireless Charger Stand Mark 9,Smart Gear & Power,119.00,171.50,39.06,67.2%,NYX-SMA-C23643,prod_aVGjSVKNMSkYO,https://whop.com/checkout/plan_7nU3fBCOkHPTR,https://images.unsplash.com/photo-1519389950473-47ba0277781c?w=800,42
prod_nyx_0316,Aero CNC Titanium Bolt-Action Rollerball Pen Mark 9,Accessories & EDC,89.00,123.57,32.05,64.0%,NYX-ACC-BCFC66,prod_Gn4r2wkZoMFSE,https://whop.com/checkout/plan_aYlgE2R5M2zKN,https://images.unsplash.com/photo-1511556532299-8f662fc26c06?w=800,51
prod_nyx_0317,Matrix Heavy Weighted Aluminum Headphone Hook Mount Mark 9,Ergonomics & Desk Setup,149.00,202.30,40.50,72.8%,NYX-ERG-6A5458,prod_TMIXFi4zhlC1k,https://whop.com/checkout/plan_3r9TgMpomEiqm,https://images.unsplash.com/photo-1505740420928-5e560c06d30e?w=800,114
prod_nyx_0318,Specter Anti-Fatigue Density Desk Standing Mat Mark 6,Workspace & Studio,39.00,52.31,12.71,67.4%,NYX-WOR-A4F971,prod_Go90Tq4BOcbiF,https://whop.com/checkout/plan_xgWM3iGSyIXwb,https://images.unsplash.com/photo-1505330622279-bf7d7fc918f4?w=800,53
prod_nyx_0319,Lumina Gasket-Mount 60% Low-Profile Keyboard Mark 7,Peripherals & Tech,179.00,256.08,54.93,69.3%,NYX-PER-BEFD51,prod_tSwY710VucEeb,https://whop.com/checkout/plan_fqzEYWZfJls77,https://images.unsplash.com/photo-1541140532154-b024d705b909?w=800,101
prod_nyx_0320,Forge Smart LED Ambient Desk Glow Strip Pro Mark 9,Smart Gear & Power,29.00,37.69,7.00,75.9%,NYX-SMA-6D0099,prod_6tHTRthePiXn7,https://whop.com/checkout/plan_hzuNmCAuEVmkp,https://images.unsplash.com/photo-1616401784845-180882ba9ba8?w=800,98
prod_nyx_0321,Pro Titanium Capsule Waterproof EDC Storage Pill Mark 9,Accessories & EDC,29.00,40.78,7.70,73.4%,NYX-ACC-D9E343,prod_JYTKKJKJ0TnX1,https://whop.com/checkout/plan_YnsVFB9P3w0Zj,https://images.unsplash.com/photo-1584917865442-de89df76afd3?w=800,105
prod_nyx_0322,Origin Ergonomic Adjustable Height Footrest Platform Mark 9,Ergonomics & Desk Setup,49.00,64.26,13.82,71.8%,NYX-ERG-E01363,prod_C76xVCiOGscDG,https://whop.com/checkout/plan_W3R9e9de50DTI,https://images.unsplash.com/photo-1499750310107-5fef28a66643?w=800,73
prod_nyx_0323,Vektor Studio Reference Speaker Wedges Mark 6,Workspace & Studio,29.00,41.91,8.70,70.0%,NYX-WOR-B08142,prod_pTxYgoxvJVoAh,https://whop.com/checkout/plan_pDuaHa3r4MkX1,https://images.unsplash.com/photo-1544717305-2782549b5136?w=800,42
prod_nyx_0324,Apex Rapid-Trigger 65% Magnetic Mechanical Keyboard Mark 8,Peripherals & Tech,59.00,76.59,18.71,68.3%,NYX-PER-83C134,prod_AvY4Oy5W0zLmy,https://whop.com/checkout/plan_IHrSOFTfuAR6s,https://images.unsplash.com/photo-1546435770-a3e426bf472b?w=800,90
prod_nyx_0325,Pro Monolithic Billet 65W Wireless Charger Stand Mark 9,Smart Gear & Power,39.00,49.78,9.56,75.5%,NYX-SMA-9B7F27,prod_h6xsv5ElHx6zd,https://whop.com/checkout/plan_rHLQJOfZtYfOh,https://images.unsplash.com/photo-1519389950473-47ba0277781c?w=800,46
prod_nyx_0326,Artisan Monolithic Brass Desk Tops Fidget Spinner Mark 10,Accessories & EDC,179.00,255.19,63.73,64.4%,NYX-ACC-A22479,prod_dkM1lBLMoPDCj,https://whop.com/checkout/plan_A36GiNQoViJ2d,https://images.unsplash.com/photo-1584917865442-de89df76afd3?w=800,109
prod_nyx_0327,Monolith Active Posture Dynamic Wobble Balance Stool Mark 10,Ergonomics & Desk Setup,179.00,229.82,52.64,70.6%,NYX-ERG-387574,prod_2zhEt9Acn3QBM,https://whop.com/checkout/plan_aEaAIc01Ky5U6,https://images.unsplash.com/photo-1516321318423-f06f85e504b3?w=800,109
prod_nyx_0328,Vanguard Precision Screen Ambient Lightbar Mark 7,Workspace & Studio,75.00,103.46,25.50,66.0%,NYX-WOR-2F1721,prod_1pdeGw4CZomWt,https://whop.com/checkout/plan_aRFJ40AIhTJ1X,https://images.unsplash.com/photo-1505330622279-bf7d7fc918f4?w=800,37
prod_nyx_0329,Titan Custom Double-Shot PBT Keycap Set Mark 8,Peripherals & Tech,179.00,246.79,64.17,64.2%,NYX-PER-3DDE58,prod_S65imfFjSaufj,https://whop.com/checkout/plan_eOPygmDmmBtRT,https://images.unsplash.com/photo-1527864550417-7fd91fc51a46?w=800,61
prod_nyx_0330,Forge Smart LED Ambient Desk Glow Strip Pro Mark 10,Smart Gear & Power,149.00,189.35,35.91,75.9%,NYX-SMA-C64A26,prod_qCAjmf64OatSQ,https://whop.com/checkout/plan_J44gbZPowmjuV,https://images.unsplash.com/photo-1609081219090-a6d81d3085bf?w=800,64
prod_nyx_0331,Apex Artisan Leather Watch and Hardware Roll Mark 10,Accessories & EDC,149.00,198.05,52.03,65.1%,NYX-ACC-4EC760,prod_MLAqgq0lMmagO,https://whop.com/checkout/plan_2l3eSFi4P2i26,https://images.unsplash.com/photo-1563770660941-20978e870e26?w=800,69
prod_nyx_0332,Artisan Active Posture Dynamic Wobble Balance Stool Mark 10,Ergonomics & Desk Setup,29.00,38.94,7.80,73.1%,NYX-ERG-BA8889,prod_ksHyg3TSPTjBL,https://whop.com/checkout/plan_c6RdqchJmibQY,https://images.unsplash.com/photo-1505740420928-5e560c06d30e?w=800,86
prod_nyx_0333,Stealth Magnetic Desk Cable Anchor Mark 7,Workspace & Studio,59.00,84.76,15.14,74.3%,NYX-WOR-32B568,prod_c8YbQq1mvbZuA,https://whop.com/checkout/plan_c4jMEIs2hUKKk,https://images.unsplash.com/photo-1497215728101-856f4ea42174?w=800,43
prod_nyx_0334,Element Glass Surface Precision Gaming Mousepad Mark 8,Peripherals & Tech,29.00,37.59,8.05,72.2%,NYX-PER-F8B984,prod_fMDJjnl3Qvssm,https://whop.com/checkout/plan_M03prmst1szVR,https://images.unsplash.com/photo-1563245372-f21724e3856d?w=800,103
prod_nyx_0335,Pulse 65W Retractable USB-C Fast Charging Hub Mark 10,Smart Gear & Power,89.00,112.21,23.08,74.1%,NYX-SMA-31A769,prod_ryLoAo4x7rWFx,https://whop.com/checkout/plan_7CRFjBKcGBHQn,https://images.unsplash.com/photo-1558002038-1055907df827?w=800,91
prod_nyx_0336,Specter Aero Carbon Fiber Utility Scalpel Blade Mark 10,Accessories & EDC,39.00,54.54,14.23,63.5%,NYX-ACC-59A174,prod_EoruC5Cxlvpbi,https://whop.com/checkout/plan_s3reL54bwjWuz,https://images.unsplash.com/photo-1584917865442-de89df76afd3?w=800,110
prod_nyx_0337,Forge Pneumatic Counterbalance Heavy Monitor Arm Mark 10,Ergonomics & Desk Setup,149.00,209.04,44.36,70.2%,NYX-ERG-44F418,prod_pLSFdANvqPvAb,https://whop.com/checkout/plan_szO5bTfpxc1a6,https://images.unsplash.com/photo-1499750310107-5fef28a66643?w=800,109
prod_nyx_0338,Pro Magnetic Pegboard Tool Plate Mark 7,Workspace & Studio,29.00,38.24,10.68,63.2%,NYX-WOR-503E83,prod_vr6jZ3ZuIIrCA,https://whop.com/checkout/plan_SAkLtbvdLcoCl,https://images.unsplash.com/photo-1497215728101-856f4ea42174?w=800,118
prod_nyx_0339,Artisan Studio Reference Planar Magnetic Drivers Mark 9,Peripherals & Tech,119.00,161.00,34.95,70.6%,NYX-PER-2EB391,prod_5psdFCj5mhBeQ,https://whop.com/checkout/plan_8MyAg6RLGcu51,https://images.unsplash.com/photo-1595225476474-87563907a212?w=800,62
prod_nyx_0340,Lumina Monolithic Billet 65W Wireless Charger Stand Mark 11,Smart Gear & Power,75.00,95.59,27.64,63.1%,NYX-SMA-648912,prod_TNHhU4NgKWvy4,https://whop.com/checkout/plan_F0e1Fxj36otRE,https://images.unsplash.com/photo-1609081219090-a6d81d3085bf?w=800,41
prod_nyx_0341,Lumina Matte Obsidian RFID Blocking Minimalist Cardholder Mark 11,Accessories & EDC,89.00,113.81,32.34,63.7%,NYX-ACC-DE5C72,prod_bygNqwVPTnkBr,https://whop.com/checkout/plan_OhchpM1WtKno4,https://images.unsplash.com/photo-1618005182384-a83a8bd57fbe?w=800,112
prod_nyx_0342,Quantum Contoured Memory Foam Ergonomic Lumbar Support Mark 11,Ergonomics & Desk Setup,149.00,213.52,51.37,65.5%,NYX-ERG-53C280,prod_FspRnuhuWcsah,https://whop.com/checkout/plan_p29kyxh3H9rlb,https://images.unsplash.com/photo-1505740420928-5e560c06d30e?w=800,66
prod_nyx_0343,Ultra Under-Desk Steel Cable Conduit Mark 7,Workspace & Studio,29.00,40.34,7.89,72.8%,NYX-WOR-3DB022,prod_x7ZRbWTUbg5KS,https://whop.com/checkout/plan_XYMpPQSE247TB,https://images.unsplash.com/photo-1497215728101-856f4ea42174?w=800,62
prod_nyx_0344,Forge Dual ESS Sabre Balanced Headphone Amplifier Mark 9,Peripherals & Tech,229.00,315.71,64.40,71.9%,NYX-PER-85C940,prod_XjH5YGSYHENaA,https://whop.com/checkout/plan_Mg7qb8mym4UAn,https://images.unsplash.com/photo-1612815154858-60aa4c59eaa6?w=800,57
prod_nyx_0345,Apex GaN Prime Ultra-Compact Travel Adapter Mark 11,Smart Gear & Power,89.00,123.33,28.39,68.1%,NYX-SMA-BDF853,prod_G8sm0ngkCZ6Yh,https://whop.com/checkout/plan_9AxSyedI3jOzl,https://images.unsplash.com/photo-1558002038-1055907df827?w=800,103
prod_nyx_0346,Forge CNC Titanium Bolt-Action Rollerball Pen Mark 11,Accessories & EDC,229.00,299.87,74.46,67.5%,NYX-ACC-55F349,prod_FvuBGg0Snhh7n,https://whop.com/checkout/plan_CJhAmtuaEb5MS,https://images.unsplash.com/photo-1627123424574-724758594e93?w=800,103
prod_nyx_0347,Origin Ergonomic Vertical Wireless Laser Mouse Mark 11,Ergonomics & Desk Setup,179.00,253.20,66.36,62.9%,NYX-ERG-D60A99,prod_zRvXxB6Uifc8N,https://whop.com/checkout/plan_Si8kgTYqk78vt,https://images.unsplash.com/photo-1505740420928-5e560c06d30e?w=800,55
prod_nyx_0348,Pro Monolithic Laptop Riser Stand Mark 8,Workspace & Studio,59.00,84.77,20.78,64.8%,NYX-WOR-C5C776,prod_DHRrJJh70sgCD,https://whop.com/checkout/plan_vSoSumzqivArK,https://images.unsplash.com/photo-1524758631624-e2822e304c36?w=800,91
prod_nyx_0349,Zenith Braided Paracord Low-Resistance Mouse Cord Mark 9,Peripherals & Tech,179.00,251.80,55.04,69.3%,NYX-PER-28AB44,prod_UDqJq9jIY2ePp,https://whop.com/checkout/plan_Q2oezVWYvoPOl,https://images.unsplash.com/photo-1563245372-f21724e3856d?w=800,106
prod_nyx_0350,Pro 65W Retractable USB-C Fast Charging Hub Mark 12,Smart Gear & Power,119.00,159.44,33.22,72.1%,NYX-SMA-60F359,prod_8WdqQl4ogYQZM,https://whop.com/checkout/plan_zDvmVldxEWObn,https://images.unsplash.com/photo-1544716278-ca5e3f4abd8c?w=800,99
prod_nyx_0351,Apex Artisan Leather Watch and Hardware Roll Mark 12,Accessories & EDC,59.00,84.67,14.20,75.9%,NYX-ACC-979330,prod_PZUpY2EwaP6V1,https://whop.com/checkout/plan_9u7iZEDeEAbVb,https://images.unsplash.com/photo-1553062407-98eeb64c6a62?w=800,67
prod_nyx_0352,Lumina Contoured Memory Foam Ergonomic Lumbar Support Mark 12,Ergonomics & Desk Setup,179.00,247.00,55.21,69.2%,NYX-ERG-529828,prod_yfSf7R7MiRHs5,https://whop.com/checkout/plan_aGRTKFj3YHBrM,https://images.unsplash.com/photo-1499750310107-5fef28a66643?w=800,69
prod_nyx_0353,Lumina Dual-Sided Vegan Obsidian Desk Pad Mark 8,Workspace & Studio,229.00,327.14,80.87,64.7%,NYX-WOR-E31834,prod_ta5b3kK3pP0BO,https://whop.com/checkout/plan_xKlwXCkblzt3T,https://images.unsplash.com/photo-1516321318423-f06f85e504b3?w=800,62
prod_nyx_0354,Matrix Precision Billet Aluminum Volume Knob Macropad Mark 10,Peripherals & Tech,179.00,237.59,56.65,68.4%,NYX-PER-9EAF67,prod_dg4nCL8OKXcNj,https://whop.com/checkout/plan_ZgXMSsHV5qehw,https://images.unsplash.com/photo-1546435770-a3e426bf472b?w=800,51
prod_nyx_0355,Zenith Magnetic Qi2 Car and Desktop Mount Dock Mark 12,Smart Gear & Power,179.00,247.43,65.05,63.7%,NYX-SMA-D54E18,prod_ARGvw7NtZj7gp,https://whop.com/checkout/plan_ybhaW6R31Mdwl,https://images.unsplash.com/photo-1519389950473-47ba0277781c?w=800,79
prod_nyx_0356,Element Matte Obsidian RFID Blocking Minimalist Cardholder Mark 12,Accessories & EDC,29.00,39.18,8.40,71.0%,NYX-ACC-0D0C79,prod_KfUdJMAdxuQ14,https://whop.com/checkout/plan_sWuEea8KzyAVL,https://images.unsplash.com/photo-1563770660941-20978e870e26?w=800,52
prod_nyx_0357,Horizon Articulating Under-Desk Keyboard Tray Mark 12,Ergonomics & Desk Setup,179.00,236.14,57.62,67.8%,NYX-ERG-EFDA89,prod_nRUfgwCbeHDtF,https://whop.com/checkout/plan_9eGck6mPRD0Yu,https://images.unsplash.com/photo-1516321318423-f06f85e504b3?w=800,99
prod_nyx_0358,Pulse Magnetic Pegboard Tool Plate Mark 8,Workspace & Studio,75.00,108.04,25.11,66.5%,NYX-WOR-F8A924,prod_fWcoz9XXzt3TB,https://whop.com/checkout/plan_xbHT7wjfYPjYo,https://images.unsplash.com/photo-1581291518857-4e27b48ff24e?w=800,100
prod_nyx_0359,Pro Precision Billet Aluminum Volume Knob Macropad Mark 10,Peripherals & Tech,75.00,102.48,26.48,64.7%,NYX-PER-63B689,prod_NnKGhnPGa38Ud,https://whop.com/checkout/plan_CAKlg6ToJZYyv,https://images.unsplash.com/photo-1527864550417-7fd91fc51a46?w=800,83
prod_nyx_0360,Monolith Desktop Magnetic Induction Headphone Dock Mark 12,Smart Gear & Power,229.00,287.63,67.47,70.5%,NYX-SMA-45C743,prod_g7XTgX7kYpghf,https://whop.com/checkout/plan_SJZoxMS886O7B,https://images.unsplash.com/photo-1519389950473-47ba0277781c?w=800,70
prod_nyx_0361,Obsidian Grade-5 Titanium Precision Pocket Pry Bar Mark 12,Accessories & EDC,49.00,69.92,15.28,68.8%,NYX-ACC-1EB286,prod_xF0Nqe0MYggcR,https://whop.com/checkout/plan_Iq3Q0i8TIXBkt,https://images.unsplash.com/photo-1563770660941-20978e870e26?w=800,108
prod_nyx_0362,Stealth Pneumatic Counterbalance Heavy Monitor Arm Mark 13,Ergonomics & Desk Setup,229.00,297.52,68.25,70.2%,NYX-ERG-BC4756,prod_ancV83ehwtP9R,https://whop.com/checkout/plan_xHgqOUYhMWeWU,https://images.unsplash.com/photo-1516321318423-f06f85e504b3?w=800,93
prod_nyx_0363,Forge Magnetic Pegboard Tool Plate Mark 9,Workspace & Studio,119.00,150.55,38.64,67.5%,NYX-WOR-7A7833,prod_22Ftjtzg5RDej,https://whop.com/checkout/plan_El2ureugRnArn,https://images.unsplash.com/photo-1507473885765-e6ed057f782c?w=800,42
prod_nyx_0364,Apex Rapid-Trigger 65% Magnetic Mechanical Keyboard Mark 10,Peripherals & Tech,59.00,75.67,16.76,71.6%,NYX-PER-171425,prod_VeFEtxyIYRKO0,https://whop.com/checkout/plan_kXltHgCnBOkLf,https://images.unsplash.com/photo-1529236183275-4fdcf2bc987e?w=800,88
prod_nyx_0365,Apex 140W Dual USB-C GaN Travel Wall Adapter Mark 13,Smart Gear & Power,39.00,50.69,12.35,68.3%,NYX-SMA-24C884,prod_XPOmXpLpeqFws,https://whop.com/checkout/plan_a6pCGJY4Q5O8P,https://images.unsplash.com/photo-1585338107529-13afc5f02586?w=800,55
prod_nyx_0366,Obsidian Monolithic Brass Desk Tops Fidget Spinner Mark 13,Accessories & EDC,29.00,39.37,8.74,69.9%,NYX-ACC-5A5140,prod_yM5YxMLZzONf0,https://whop.com/checkout/plan_5pupK4z0sp5gT,https://images.unsplash.com/photo-1627123424574-724758594e93?w=800,100
prod_nyx_0367,Aero Articulating Under-Desk Keyboard Tray Mark 13,Ergonomics & Desk Setup,229.00,297.04,73.98,67.7%,NYX-ERG-E7D221,prod_fekew3FFPqW60,https://whop.com/checkout/plan_0j7uotOVEvOzg,https://images.unsplash.com/photo-1499750310107-5fef28a66643?w=800,91
prod_nyx_0368,Artisan Magnetic Pegboard Tool Plate Mark 9,Workspace & Studio,229.00,330.42,67.55,70.5%,NYX-WOR-DC5B76,prod_ssbU06t75bwHD,https://whop.com/checkout/plan_pucNojti7Ztk9,https://images.unsplash.com/photo-1593062096033-9a26b09da705?w=800,66
prod_nyx_0369,Zenith Precision Billet Aluminum Volume Knob Macropad Mark 11,Peripherals & Tech,29.00,39.90,6.98,75.9%,NYX-PER-37F594,prod_iqZgvxCRH3XvO,https://whop.com/checkout/plan_NO42gxBDhzrpn,https://images.unsplash.com/photo-1563245372-f21724e3856d?w=800,61
prod_nyx_0370,Vanguard Desktop Magnetic Induction Headphone Dock Mark 13,Smart Gear & Power,59.00,77.20,14.89,74.8%,NYX-SMA-F5A926,prod_Q6nm87dz1nitU,https://whop.com/checkout/plan_DMKdLfE4juFh6,https://images.unsplash.com/photo-1544716278-ca5e3f4abd8c?w=800,77
prod_nyx_0371,Monolith Titanium Capsule Waterproof EDC Storage Pill Mark 13,Accessories & EDC,179.00,257.73,62.39,65.1%,NYX-ACC-B2B022,prod_6Qvd8zPMZXlq4,https://whop.com/checkout/plan_xXH4xOgWtL3ym,https://images.unsplash.com/photo-1618005182384-a83a8bd57fbe?w=800,84
prod_nyx_0372,Stealth Contoured Memory Foam Ergonomic Lumbar Support Mark 13,Ergonomics & Desk Setup,149.00,209.73,50.83,65.9%,NYX-ERG-82E225,prod_E44N80u0MNLMp,https://whop.com/checkout/plan_AgATFGpUSx0n8,https://images.unsplash.com/photo-1499750310107-5fef28a66643?w=800,85
prod_nyx_0373,Vektor Under-Desk Steel Cable Conduit Mark 9,Workspace & Studio,29.00,38.14,10.57,63.6%,NYX-WOR-3BBB32,prod_0GRfqV5iqEwWr,https://whop.com/checkout/plan_A9BZ1heWyTuwX,https://images.unsplash.com/photo-1505330622279-bf7d7fc918f4?w=800,120
prod_nyx_0374,Monolith Ultra-Light Carbon Composite Gaming Mouse Mark 11,Peripherals & Tech,179.00,246.98,63.46,64.5%,NYX-PER-689265,prod_C4ejSri2gTxzY,https://whop.com/checkout/plan_pCznVmpBNZDdY,https://images.unsplash.com/photo-1587829741301-dc798b83add3?w=800,102
prod_nyx_0375,Artisan 140W Dual USB-C GaN Travel Wall Adapter Mark 14,Smart Gear & Power,149.00,203.96,44.07,70.4%,NYX-SMA-7E9075,prod_nXU9OScSDJ0hN,https://whop.com/checkout/plan_vPXTooAUXSLQ4,https://images.unsplash.com/photo-1616401784845-180882ba9ba8?w=800,40
prod_nyx_0376,Cipher DLC Coated Multi-Tool Pocket Stylus Mark 14,Accessories & EDC,179.00,237.43,64.69,63.9%,NYX-ACC-741A85,prod_UBNLmkPCVsPSh,https://whop.com/checkout/plan_UR1HvYgEmzD1I,https://images.unsplash.com/photo-1553062407-98eeb64c6a62?w=800,111
prod_nyx_0377,Horizon Dual-Joint Billet Aluminum Microphone Boom Arm Mark 14,Ergonomics & Desk Setup,179.00,250.72,61.93,65.4%,NYX-ERG-A69528,prod_GkAM5rW9BvpjE,https://whop.com/checkout/plan_lnpL0MHX7rUgQ,https://images.unsplash.com/photo-1586023492125-27b2c045efd7?w=800,52
prod_nyx_0378,Aura Minimalist Walnut Pen Tray and Stand Mark 9,Workspace & Studio,229.00,294.20,56.30,75.4%,NYX-WOR-9A3682,prod_a9miOzRYNJvJK,https://whop.com/checkout/plan_1RwvlD1CB6KrH,https://images.unsplash.com/photo-1588872657578-7efd1f1555ed?w=800,43
prod_nyx_0379,Specter Ultra-Light Carbon Composite Gaming Mouse Mark 11,Peripherals & Tech,229.00,305.42,69.66,69.6%,NYX-PER-11BE99,prod_wCuaW0bFmXbre,https://whop.com/checkout/plan_Y2XDZiFOeqtsH,https://images.unsplash.com/photo-1618384887929-16ec33fab9ef?w=800,102
prod_nyx_0380,Ultra 65W Retractable USB-C Fast Charging Hub Mark 14,Smart Gear & Power,29.00,39.44,10.45,64.0%,NYX-SMA-66CD51,prod_Am2ivrWCjVLPA,https://whop.com/checkout/plan_V9AWwXA1VdTLZ,https://images.unsplash.com/photo-1609081219090-a6d81d3085bf?w=800,61
prod_nyx_0381,Origin Precision Metric Measuring Rule in Ti-6Al-4V Mark 14,Accessories & EDC,59.00,82.30,21.50,63.6%,NYX-ACC-7D7985,prod_7vzwyiN0WeIrL,https://whop.com/checkout/plan_CA880x8R8zhko,https://images.unsplash.com/photo-1618005182384-a83a8bd57fbe?w=800,85
prod_nyx_0382,Pulse 360 Swivel Tablet and Secondary Screen Clamp Mark 14,Ergonomics & Desk Setup,29.00,39.62,7.88,72.8%,NYX-ERG-74B785,prod_j4zobBKrIBQ20,https://whop.com/checkout/plan_y4ng4ZBCXvLOw,https://images.unsplash.com/photo-1499750310107-5fef28a66643?w=800,67
prod_nyx_0383,Lumina Precision Screen Ambient Lightbar Mark 10,Workspace & Studio,179.00,236.10,51.01,71.5%,NYX-WOR-556586,prod_2LWZggplqvEej,https://whop.com/checkout/plan_7Ed3VVGguFNQe,https://images.unsplash.com/photo-1593062096033-9a26b09da705?w=800,97
prod_nyx_0384,Pro Custom Double-Shot PBT Keycap Set Mark 12,Peripherals & Tech,119.00,169.92,43.87,63.1%,NYX-PER-226D57,prod_jBXar09Nwv0bF,https://whop.com/checkout/plan_SR86oFsWyceO2,https://images.unsplash.com/photo-1595225476474-87563907a212?w=800,94
prod_nyx_0385,Zenith Magnetic 10000mAh Ultra-Slim Power Bank Mark 14,Smart Gear & Power,179.00,247.04,59.46,66.8%,NYX-SMA-CD5C44,prod_96E6an5BWSL9d,https://whop.com/checkout/plan_XMH04EzvkJwmi,https://images.unsplash.com/photo-1558002038-1055907df827?w=800,57
prod_nyx_0386,Chronos CNC Titanium Bolt-Action Rollerball Pen Mark 15,Accessories & EDC,229.00,295.59,62.22,72.8%,NYX-ACC-C62334,prod_Zkf9x7vytnCbf,https://whop.com/checkout/plan_5kq0XSl8LzZR5,https://images.unsplash.com/photo-1511556532299-8f662fc26c06?w=800,73
prod_nyx_0387,Forge Contoured Memory Foam Ergonomic Lumbar Support Mark 15,Ergonomics & Desk Setup,119.00,161.83,36.15,69.6%,NYX-ERG-46A696,prod_eiIMl1FVLker8,https://whop.com/checkout/plan_uTGC2F2rWRtZy,https://images.unsplash.com/photo-1499750310107-5fef28a66643?w=800,57
prod_nyx_0388,Quantum Minimalist Walnut Pen Tray and Stand Mark 10,Workspace & Studio,119.00,170.48,39.58,66.7%,NYX-WOR-E73956,prod_zKkfcOO88vLId,https://whop.com/checkout/plan_EyJcM64LjtP1D,https://images.unsplash.com/photo-1507473885765-e6ed057f782c?w=800,98
prod_nyx_0389,Pulse Braided Paracord Low-Resistance Mouse Cord Mark 12,Peripherals & Tech,59.00,76.30,14.97,74.6%,NYX-PER-4FA395,prod_X1zY8i8lj1dpP,https://whop.com/checkout/plan_wcnR8xHHGA7n9,https://images.unsplash.com/photo-1618384887929-16ec33fab9ef?w=800,58
prod_nyx_0390,Obsidian Braided Liquid Silicone 240W Fast Cable Mark 15,Smart Gear & Power,229.00,330.19,61.54,73.1%,NYX-SMA-95F337,prod_JDlhXKlb5rikP,https://whop.com/checkout/plan_LSdhMKBHhTkV8,https://images.unsplash.com/photo-1558002038-1055907df827?w=800,84
prod_nyx_0391,Aura Modular Magnetic EDC Key Organizer Rail Mark 15,Accessories & EDC,75.00,104.14,26.33,64.9%,NYX-ACC-E4D958,prod_1dPD32EGtMkxT,https://whop.com/checkout/plan_vbApinyTLMTP1,https://images.unsplash.com/photo-1627123424574-724758594e93?w=800,76
prod_nyx_0392,Horizon Contoured Memory Foam Ergonomic Lumbar Support Mark 15,Ergonomics & Desk Setup,59.00,75.98,16.56,71.9%,NYX-ERG-5C0144,prod_rMhW58sk2zM1N,https://whop.com/checkout/plan_obhDNkLZzTf5V,https://images.unsplash.com/photo-1505330622279-bf7d7fc918f4?w=800,38
prod_nyx_0393,Obsidian Anodized Aluminum Tablet Dock Mark 10,Workspace & Studio,29.00,38.75,10.77,62.9%,NYX-WOR-27F657,prod_0GkghsJwcCp3i,https://whop.com/checkout/plan_LtSGlSnl5wb7D,https://images.unsplash.com/photo-1593062096033-9a26b09da705?w=800,35
prod_nyx_0394,Forge Dual ESS Sabre Balanced Headphone Amplifier Mark 12,Peripherals & Tech,89.00,119.89,25.26,71.6%,NYX-PER-E5F072,prod_iPN1W7Fs5fzVn,https://whop.com/checkout/plan_7XljHUfbMU8Vh,https://images.unsplash.com/photo-1527864550417-7fd91fc51a46?w=800,89
prod_nyx_0395,Titan Smart OLED Real-Time Power Meter Cable Mark 15,Smart Gear & Power,119.00,162.05,32.23,72.9%,NYX-SMA-F01111,prod_qk8JoHMlhFw59,https://whop.com/checkout/plan_C8GYCuqZadePS,https://images.unsplash.com/photo-1585338107529-13afc5f02586?w=800,48
prod_nyx_0396,Chronos Aero Carbon Fiber Utility Scalpel Blade Mark 15,Accessories & EDC,149.00,205.05,36.77,75.3%,NYX-ACC-AB0048,prod_OW8A4S5ZkKaWc,https://whop.com/checkout/plan_qAbweeK0ixjRo,https://images.unsplash.com/photo-1553062407-98eeb64c6a62?w=800,93
prod_nyx_0397,Monolith Ergonomic Vertical Wireless Laser Mouse Mark 15,Ergonomics & Desk Setup,179.00,258.07,58.79,67.2%,NYX-ERG-B82395,prod_nGLKMs1m0Ody3,https://whop.com/checkout/plan_BiAyZPMkTRkzF,https://images.unsplash.com/photo-1505740420928-5e560c06d30e?w=800,46
prod_nyx_0398,Quantum Matte Carbon Fiber Desk Shelf Mark 11,Workspace & Studio,89.00,113.35,25.04,71.9%,NYX-WOR-C3B177,prod_mUHTLJ8AOiRmn,https://whop.com/checkout/plan_u31wlgqqaYGaD,https://images.unsplash.com/photo-1518770660439-4636190af475?w=800,72
prod_nyx_0399,Vanguard Custom Coiled Aviator USB-C Cable Mark 13,Peripherals & Tech,119.00,157.96,30.68,74.2%,NYX-PER-39B035,prod_0QInV83vBjBwY,https://whop.com/checkout/plan_qBqVaHWGQZeKv,https://images.unsplash.com/photo-1563245372-f21724e3856d?w=800,89
prod_nyx_0400,Vektor GaN Prime Ultra-Compact Travel Adapter Mark 16,Smart Gear & Power,75.00,99.87,26.57,64.6%,NYX-SMA-22AB65,prod_kzVeu9vS9HiCL,https://whop.com/checkout/plan_WJMrjllrp4mDI,https://images.unsplash.com/photo-1544716278-ca5e3f4abd8c?w=800,93
prod_nyx_0401,Pro Modular Magnetic EDC Key Organizer Rail Mark 16,Accessories & EDC,119.00,154.19,32.33,72.8%,NYX-ACC-47CA74,prod_dChMsvwr1YsL9,https://whop.com/checkout/plan_JzteTMIcQxvEL,https://images.unsplash.com/photo-1553062407-98eeb64c6a62?w=800,118
prod_nyx_0402,Origin Dual-Joint Billet Aluminum Microphone Boom Arm Mark 16,Ergonomics & Desk Setup,59.00,75.50,18.73,68.3%,NYX-ERG-127547,prod_QAXoW2uSlIbfe,https://whop.com/checkout/plan_egLXAkXgW01vy,https://images.unsplash.com/photo-1505330622279-bf7d7fc918f4?w=800,42
prod_nyx_0403,Monolith Artisan Solid Brass Paperweight and Stylus Mark 11,Workspace & Studio,39.00,54.04,12.33,68.4%,NYX-WOR-72E630,prod_DpTtE52uDzIaR,https://whop.com/checkout/plan_aWDAuXMesB5DN,https://images.unsplash.com/photo-1505330622279-bf7d7fc918f4?w=800,111
prod_nyx_0404,Artisan Custom Coiled Aviator USB-C Cable Mark 13,Peripherals & Tech,39.00,54.18,12.51,67.9%,NYX-PER-2BF597,prod_tVWXCF1Y3UUTU,https://whop.com/checkout/plan_AoR9IAfAwIijl,https://images.unsplash.com/photo-1587829741301-dc798b83add3?w=800,70
prod_nyx_0405,Obsidian Foldable 3-in-1 Qi2 MagSafe Wireless Station Mark 16,Smart Gear & Power,75.00,98.56,28.40,62.1%,NYX-SMA-715951,prod_gNmZLarWPWLAL,https://whop.com/checkout/plan_AEYgWhvtMGiEf,https://images.unsplash.com/photo-1519389950473-47ba0277781c?w=800,61
prod_nyx_0406,Artisan Precision Metric Measuring Rule in Ti-6Al-4V Mark 16,Accessories & EDC,59.00,80.07,19.64,66.7%,NYX-ACC-984612,prod_LqkxdEvCITrOZ,https://whop.com/checkout/plan_icWRmMuO3lkWI,https://images.unsplash.com/photo-1563770660941-20978e870e26?w=800,62
prod_nyx_0407,Aero Heavy Weighted Aluminum Headphone Hook Mount Mark 16,Ergonomics & Desk Setup,39.00,53.65,11.62,70.2%,NYX-ERG-E7F661,prod_P9eWb5ExURayU,https://whop.com/checkout/plan_xxj8v8jjZI6Jz,https://images.unsplash.com/photo-1586023492125-27b2c045efd7?w=800,60
prod_nyx_0408,Pulse Anodized Aluminum Tablet Dock Mark 11,Workspace & Studio,149.00,192.54,39.86,73.2%,NYX-WOR-6F6688,prod_JWcTGxhI8bOgd,https://whop.com/checkout/plan_x2Xhxd6F8GX42,https://images.unsplash.com/photo-1544717305-2782549b5136?w=800,110
prod_nyx_0409,Monolith Rotary Encoder 9-Key Programmable Stream Pad Mark 13,Peripherals & Tech,49.00,61.99,13.61,72.2%,NYX-PER-0CBC93,prod_AcVhya2Xdrcsa,https://whop.com/checkout/plan_1uBekpDLWr9ZP,https://images.unsplash.com/photo-1612815154858-60aa4c59eaa6?w=800,111
prod_nyx_0410,Stealth Braided Liquid Silicone 240W Fast Cable Mark 17,Smart Gear & Power,39.00,50.27,10.42,73.3%,NYX-SMA-4D6C52,prod_JZd7H0IwiqcBE,https://whop.com/checkout/plan_l3ioVVx7NYh7f,https://images.unsplash.com/photo-1519389950473-47ba0277781c?w=800,107
prod_nyx_0411,Quantum Artisan Leather Watch and Hardware Roll Mark 17,Accessories & EDC,75.00,101.10,28.17,62.4%,NYX-ACC-2A8789,prod_yGjFHGH1DTaaS,https://whop.com/checkout/plan_4QBbYyLUv5Qk9,https://images.unsplash.com/photo-1511556532299-8f662fc26c06?w=800,120
prod_nyx_0412,Artisan Magnetic Cable Routing Spine for Standing Desks Mark 17,Ergonomics & Desk Setup,75.00,101.69,18.64,75.1%,NYX-ERG-9FD843,prod_NfNmpX2QS1CjU,https://whop.com/checkout/plan_LHghP1ypb0270,https://images.unsplash.com/photo-1516321318423-f06f85e504b3?w=800,66
prod_nyx_0413,Horizon Acoustic Felt Studio Desk Partition Mark 11,Workspace & Studio,149.00,190.60,48.33,67.6%,NYX-WOR-065D87,prod_2XRVeDm5C8M7x,https://whop.com/checkout/plan_Cztt6jzGPVk7Q,https://images.unsplash.com/photo-1588872657578-7efd1f1555ed?w=800,54
prod_nyx_0414,Matrix Custom Coiled Aviator USB-C Cable Mark 14,Peripherals & Tech,75.00,105.02,25.90,65.5%,NYX-PER-92C826,prod_QwGInwAk36AfA,https://whop.com/checkout/plan_bHXQJWIRlMXqZ,https://images.unsplash.com/photo-1527864550417-7fd91fc51a46?w=800,37
prod_nyx_0415,Monolith Desktop Magnetic Induction Headphone Dock Mark 17,Smart Gear & Power,89.00,122.58,24.57,72.4%,NYX-SMA-307626,prod_UYgsMpCghmuZA,https://whop.com/checkout/plan_RM6QI3OCbt2Mc,https://images.unsplash.com/photo-1519389950473-47ba0277781c?w=800,50
prod_nyx_0416,Forge Grade-5 Titanium Precision Pocket Pry Bar Mark 17,Accessories & EDC,49.00,68.28,12.76,74.0%,NYX-ACC-2EF810,prod_49s8jPyZuL4tQ,https://whop.com/checkout/plan_wqLJAlm7mdrGE,https://images.unsplash.com/photo-1627123424574-724758594e93?w=800,67
prod_nyx_0417,Specter Active Posture Dynamic Wobble Balance Stool Mark 17,Ergonomics & Desk Setup,119.00,153.83,37.42,68.6%,NYX-ERG-745048,prod_4j3oKGCtEqdef,https://whop.com/checkout/plan_LqkUaVk9zx8Qz,https://images.unsplash.com/photo-1499750310107-5fef28a66643?w=800,106
prod_nyx_0418,Element Rotary Desk Dial Remote Controller Mark 12,Workspace & Studio,149.00,196.15,44.66,70.0%,NYX-WOR-07F392,prod_Lm2yXZLypmgYN,https://whop.com/checkout/plan_7l4BUeiDWxsYF,https://images.unsplash.com/photo-1524758631624-e2822e304c36?w=800,53
prod_nyx_0419,Zenith Gasket-Mount 60% Low-Profile Keyboard Mark 14,Peripherals & Tech,179.00,240.50,62.89,64.9%,NYX-PER-A36882,prod_71JRcaYwphTGD,https://whop.com/checkout/plan_p18Pm53UzCBuQ,https://images.unsplash.com/photo-1595225476474-87563907a212?w=800,64
prod_nyx_0420,Vektor Smart OLED Real-Time Power Meter Cable Mark 17,Smart Gear & Power,59.00,82.98,21.33,63.8%,NYX-SMA-1ABC80,prod_muhHnyqzDuYpG,https://whop.com/checkout/plan_ka9yXj5nXinDh,https://images.unsplash.com/photo-1519389950473-47ba0277781c?w=800,99
prod_nyx_0421,Chronos Titanium Capsule Waterproof EDC Storage Pill Mark 17,Accessories & EDC,149.00,212.44,41.86,71.9%,NYX-ACC-8C8642,prod_FZBSaYaCeaoSq,https://whop.com/checkout/plan_PTJitQMdyqdrX,https://images.unsplash.com/photo-1627123424574-724758594e93?w=800,119
prod_nyx_0422,Specter Ergonomic Adjustable Height Footrest Platform Mark 18,Ergonomics & Desk Setup,149.00,204.08,52.64,64.7%,NYX-ERG-269740,prod_aI64tOAL2uO9B,https://whop.com/checkout/plan_BX1knNj61PEZt,https://images.unsplash.com/photo-1516321318423-f06f85e504b3?w=800,52
prod_nyx_0423,Origin Billet Aluminum Monitor Arm Mount Mark 12,Workspace & Studio,75.00,100.42,22.71,69.7%,NYX-WOR-A13881,prod_kv3eP5h8HcboS,https://whop.com/checkout/plan_ZURkIcHnWdCK3,https://images.unsplash.com/photo-1518770660439-4636190af475?w=800,63
prod_nyx_0424,Vanguard Glass Surface Precision Gaming Mousepad Mark 14,Peripherals & Tech,39.00,52.70,9.77,74.9%,NYX-PER-8B7578,prod_KlZallxpEYdSF,https://whop.com/checkout/plan_Y0h9cwhVEa0Yi,https://images.unsplash.com/photo-1595225476474-87563907a212?w=800,93
prod_nyx_0425,Chronos 65W Retractable USB-C Fast Charging Hub Mark 18,Smart Gear & Power,119.00,166.84,36.60,69.2%,NYX-SMA-851E71,prod_hVG8YUcwHPhzI,https://whop.com/checkout/plan_2dCtRvonWlOxP,https://images.unsplash.com/photo-1519389950473-47ba0277781c?w=800,51
prod_nyx_0426,Stealth Matte Obsidian RFID Blocking Minimalist Cardholder Mark 18,Accessories & EDC,59.00,82.56,15.07,74.5%,NYX-ACC-69A131,prod_s137SnvkyLWjz,https://whop.com/checkout/plan_SuccjfTnUOycW,https://images.unsplash.com/photo-1553062407-98eeb64c6a62?w=800,52
prod_nyx_0427,Specter Heavy Weighted Aluminum Headphone Hook Mount Mark 18,Ergonomics & Desk Setup,89.00,119.76,26.83,69.9%,NYX-ERG-0E1512,prod_ULjK4YBVsKiza,https://whop.com/checkout/plan_AdUUWgabyOiGo,https://images.unsplash.com/photo-1499750310107-5fef28a66643?w=800,108
prod_nyx_0428,Element Studio Reference Speaker Wedges Mark 12,Workspace & Studio,59.00,82.10,18.91,67.9%,NYX-WOR-C00F65,prod_LotXktoRVuiyq,https://whop.com/checkout/plan_6pCITpsotnBRN,https://images.unsplash.com/photo-1507473885765-e6ed057f782c?w=800,52
prod_nyx_0429,Specter Custom Double-Shot PBT Keycap Set Mark 15,Peripherals & Tech,119.00,161.55,35.54,70.1%,NYX-PER-37E872,prod_LpLoekQH80LQ9,https://whop.com/checkout/plan_EEIIavJIGLk3v,https://images.unsplash.com/photo-1563245372-f21724e3856d?w=800,59
prod_nyx_0430,Forge Magnetic Qi2 Car and Desktop Mount Dock Mark 18,Smart Gear & Power,149.00,192.96,36.95,75.2%,NYX-SMA-891F80,prod_gopyopkGpf78e,https://whop.com/checkout/plan_Oo5qtKnhKjqTT,https://images.unsplash.com/photo-1544716278-ca5e3f4abd8c?w=800,68
prod_nyx_0431,Aero Monolithic Brass Desk Tops Fidget Spinner Mark 18,Accessories & EDC,89.00,124.71,25.53,71.3%,NYX-ACC-BDD823,prod_Fb6vZSVL9tZVO,https://whop.com/checkout/plan_hPClRNt8XPH8p,https://images.unsplash.com/photo-1563770660941-20978e870e26?w=800,47
prod_nyx_0432,Monolith Magnetic Cable Routing Spine for Standing Desks Mark 18,Ergonomics & Desk Setup,29.00,38.30,10.86,62.6%,NYX-ERG-F17130,prod_yq14ucLI7Sw8c,https://whop.com/checkout/plan_9NZoGT0D9T4IN,https://images.unsplash.com/photo-1499750310107-5fef28a66643?w=800,96
prod_nyx_0433,Horizon Ultra-Thin Wireless Charging Desk Mat Mark 12,Workspace & Studio,149.00,212.73,54.21,63.6%,NYX-WOR-492E18,prod_ggDiGntbtDVi6,https://whop.com/checkout/plan_ht1LGE19n3e8H,https://images.unsplash.com/photo-1588872657578-7efd1f1555ed?w=800,114
prod_nyx_0434,Chronos Aerospace CNC Ergonomic Keyboard Wrist Rest Mark 15,Peripherals & Tech,179.00,257.39,62.85,64.9%,NYX-PER-6BF451,prod_G60MGDb1XRe2e,https://whop.com/checkout/plan_OhJL4oMAqKWkq,https://images.unsplash.com/photo-1612815154858-60aa4c59eaa6?w=800,52
prod_nyx_0435,Pro Smart LED Ambient Desk Glow Strip Pro Mark 19,Smart Gear & Power,29.00,36.45,10.05,65.3%,NYX-SMA-A85191,prod_Cnq94bj9x36ml,https://whop.com/checkout/plan_CpQIZ6rGGmCpX,https://images.unsplash.com/photo-1558002038-1055907df827?w=800,110
prod_nyx_0436,Aero Monolithic Brass Desk Tops Fidget Spinner Mark 19,Accessories & EDC,149.00,195.49,55.27,62.9%,NYX-ACC-D90468,prod_ijTTzgB1ze4ZI,https://whop.com/checkout/plan_LBl6zvOo9IoAR,https://images.unsplash.com/photo-1584917865442-de89df76afd3?w=800,120
prod_nyx_0437,Zenith Ergonomic Adjustable Height Footrest Platform Mark 19,Ergonomics & Desk Setup,29.00,38.04,7.37,74.6%,NYX-ERG-992524,prod_EETe7aQgKHrdB,https://whop.com/checkout/plan_v27W9opBZhhta,https://images.unsplash.com/photo-1505740420928-5e560c06d30e?w=800,51
prod_nyx_0438,Quantum Under-Desk Steel Cable Conduit Mark 13,Workspace & Studio,89.00,128.42,24.66,72.3%,NYX-WOR-6D0682,prod_AvyrmnBpZgqNx,https://whop.com/checkout/plan_s00RC0ofm80LM,https://images.unsplash.com/photo-1524758631624-e2822e304c36?w=800,36
prod_nyx_0439,Lumina Monolithic CNC Headphone Stand Mark 15,Peripherals & Tech,179.00,243.37,55.46,69.0%,NYX-PER-BC5F28,prod_C2GgkIx7NspJr,https://whop.com/checkout/plan_WF8rs0gAPvC2U,https://images.unsplash.com/photo-1541140532154-b024d705b909?w=800,117
prod_nyx_0440,Quantum Magnetic Qi2 Car and Desktop Mount Dock Mark 19,Smart Gear & Power,149.00,208.63,38.97,73.8%,NYX-SMA-FA5168,prod_ojQ6UgwctA5x3,https://whop.com/checkout/plan_SIjd56dghmS07,https://images.unsplash.com/photo-1544716278-ca5e3f4abd8c?w=800,114
prod_nyx_0441,Element Modular Magnetic EDC Key Organizer Rail Mark 19,Accessories & EDC,59.00,76.95,15.00,74.6%,NYX-ACC-B2A324,prod_O5er35qsl9R5E,https://whop.com/checkout/plan_MaILbcHW8SSXq,https://images.unsplash.com/photo-1584917865442-de89df76afd3?w=800,107
prod_nyx_0442,Zenith Magnetic Cable Routing Spine for Standing Desks Mark 19,Ergonomics & Desk Setup,59.00,74.34,19.74,66.5%,NYX-ERG-032B15,prod_R6yGZrAnNqfZH,https://whop.com/checkout/plan_WB2WzxI6cLLWI,https://images.unsplash.com/photo-1499750310107-5fef28a66643?w=800,49
prod_nyx_0443,Pro Rotary Desk Dial Remote Controller Mark 13,Workspace & Studio,59.00,76.34,22.40,62.0%,NYX-WOR-729F93,prod_3PzoIoL4GRA4E,https://whop.com/checkout/plan_Aj7PDDqIAYyk9,https://images.unsplash.com/photo-1505330622279-bf7d7fc918f4?w=800,89
prod_nyx_0444,Matrix Precision Billet Aluminum Volume Knob Macropad Mark 16,Peripherals & Tech,59.00,78.40,19.91,66.3%,NYX-PER-815857,prod_ep95QwXLsrZNU,https://whop.com/checkout/plan_oz87ctgZNnpGY,https://images.unsplash.com/photo-1541140532154-b024d705b909?w=800,50
prod_nyx_0445,Element GaN Prime Ultra-Compact Travel Adapter Mark 19,Smart Gear & Power,89.00,121.93,26.46,70.3%,NYX-SMA-746294,prod_puT8Od4KJtr25,https://whop.com/checkout/plan_XWj4sKdIeAAQn,https://images.unsplash.com/photo-1609081219090-a6d81d3085bf?w=800,37
prod_nyx_0446,Artisan Titanium Quick-Release Shackle Carabiner Mark 20,Accessories & EDC,39.00,50.90,10.82,72.3%,NYX-ACC-0ED913,prod_6YFbaRpKyJPTv,https://whop.com/checkout/plan_4hnQ9nMG0Afk5,https://images.unsplash.com/photo-1553062407-98eeb64c6a62?w=800,81
prod_nyx_0447,Vanguard Pneumatic Counterbalance Heavy Monitor Arm Mark 20,Ergonomics & Desk Setup,89.00,124.96,24.10,72.9%,NYX-ERG-9AF675,prod_sYn7lmcAN1b9A,https://whop.com/checkout/plan_V69M5VTpcEv1Q,https://images.unsplash.com/photo-1499750310107-5fef28a66643?w=800,73
prod_nyx_0448,Horizon Monolithic MagSafe Display Stand Mark 13,Workspace & Studio,229.00,329.00,73.38,68.0%,NYX-WOR-585C66,prod_24urOL2Cd4IKQ,https://whop.com/checkout/plan_67tTa16u8VrpJ,https://images.unsplash.com/photo-1507473885765-e6ed057f782c?w=800,75
prod_nyx_0449,Forge Studio Reference Planar Magnetic Drivers Mark 16,Peripherals & Tech,39.00,56.00,12.18,68.8%,NYX-PER-E45519,prod_a2Wo449dCQrTc,https://whop.com/checkout/plan_NfWCLtwFDvTf2,https://images.unsplash.com/photo-1587829741301-dc798b83add3?w=800,43
prod_nyx_0450,Titan Foldable 3-in-1 Qi2 MagSafe Wireless Station Mark 20,Smart Gear & Power,39.00,53.16,11.35,70.9%,NYX-SMA-C9AF93,prod_Zs5TUHZCvBKhH,https://whop.com/checkout/plan_H5kWtWmvdlhnq,https://images.unsplash.com/photo-1558002038-1055907df827?w=800,86
prod_nyx_0451,Vektor Aero Carbon Fiber Utility Scalpel Blade Mark 20,Accessories & EDC,29.00,37.91,8.26,71.5%,NYX-ACC-0DD894,prod_W9t52vRND6OR2,https://whop.com/checkout/plan_gNQysmXwFErvY,https://images.unsplash.com/photo-1553062407-98eeb64c6a62?w=800,78
prod_nyx_0452,Vektor Pneumatic Counterbalance Heavy Monitor Arm Mark 20,Ergonomics & Desk Setup,29.00,39.63,9.06,68.8%,NYX-ERG-C7D340,prod_KC5SuIqSKiZtb,https://whop.com/checkout/plan_AwsXvYWiz2J78,https://images.unsplash.com/photo-1499750310107-5fef28a66643?w=800,113
prod_nyx_0453,Aura Magnetic Pegboard Tool Plate Mark 14,Workspace & Studio,89.00,128.69,24.81,72.1%,NYX-WOR-48C330,prod_kQq5IO7Fmnm5P,https://whop.com/checkout/plan_GhpunR8L7ictK,https://images.unsplash.com/photo-1524758631624-e2822e304c36?w=800,43
prod_nyx_0454,Zenith Custom Double-Shot PBT Keycap Set Mark 16,Peripherals & Tech,75.00,106.65,23.67,68.4%,NYX-PER-BF2613,prod_WBLKXrKhFFw4I,https://whop.com/checkout/plan_pf9Vye0SPRBul,https://images.unsplash.com/photo-1529236183275-4fdcf2bc987e?w=800,60
prod_nyx_0455,Aero Smart OLED Real-Time Power Meter Cable Mark 20,Smart Gear & Power,229.00,327.80,71.21,68.9%,NYX-SMA-E5FD34,prod_d95192UUCteFL,https://whop.com/checkout/plan_U9grK4sD04uiA,https://images.unsplash.com/photo-1616401784845-180882ba9ba8?w=800,118
prod_nyx_0456,Apex Titanium Capsule Waterproof EDC Storage Pill Mark 20,Accessories & EDC,179.00,258.76,44.88,74.9%,NYX-ACC-CBAE72,prod_htAn2dGtPE5k7,https://whop.com/checkout/plan_o71nQgmF8wD9P,https://images.unsplash.com/photo-1584917865442-de89df76afd3?w=800,70
prod_nyx_0457,Horizon Contoured Memory Foam Ergonomic Lumbar Support Mark 20,Ergonomics & Desk Setup,89.00,115.93,27.48,69.1%,NYX-ERG-E7BC88,prod_HIEFZ0IwZsiB4,https://whop.com/checkout/plan_DITnZVgQ6mIGY,https://images.unsplash.com/photo-1499750310107-5fef28a66643?w=800,83
prod_nyx_0458,Monolith Magnetic Desk Cable Anchor Mark 14,Workspace & Studio,29.00,41.17,9.04,68.8%,NYX-WOR-E0E983,prod_N87sUyDaKdhJa,https://whop.com/checkout/plan_KUmSjicNQv3xg,https://images.unsplash.com/photo-1524758631624-e2822e304c36?w=800,56
prod_nyx_0459,Monolith Glass Surface Precision Gaming Mousepad Mark 17,Peripherals & Tech,119.00,161.90,44.57,62.5%,NYX-PER-C6D922,prod_1ZevGpXcTeUy6,https://whop.com/checkout/plan_zYVRKE8tlcnG4,https://images.unsplash.com/photo-1612815154858-60aa4c59eaa6?w=800,100
prod_nyx_0460,Quantum Smart OLED Real-Time Power Meter Cable Mark 21,Smart Gear & Power,59.00,80.06,17.47,70.4%,NYX-SMA-0E4617,prod_R6klxTpHpSDt6,https://whop.com/checkout/plan_KoWUZlsTz6Fkt,https://images.unsplash.com/photo-1544716278-ca5e3f4abd8c?w=800,97
prod_nyx_0461,Aura Titanium Capsule Waterproof EDC Storage Pill Mark 21,Accessories & EDC,49.00,63.81,16.85,65.6%,NYX-ACC-5A8E64,prod_KRhOUw9XdR9YE,https://whop.com/checkout/plan_GA2QCSXC7vpKf,https://images.unsplash.com/photo-1553062407-98eeb64c6a62?w=800,117
prod_nyx_0462,Vanguard Ergonomic Adjustable Height Footrest Platform Mark 21,Ergonomics & Desk Setup,179.00,237.77,55.81,68.8%,NYX-ERG-3E4B61,prod_qOKDqZGgdzmCn,https://whop.com/checkout/plan_hC9Xf5YpDBq7N,https://images.unsplash.com/photo-1516321318423-f06f85e504b3?w=800,91
prod_nyx_0463,Forge Monolithic Laptop Riser Stand Mark 14,Workspace & Studio,59.00,79.67,16.44,72.1%,NYX-WOR-DE5128,prod_q1MPyzo2pHvpu,https://whop.com/checkout/plan_0b8j9Lgxv3FSc,https://images.unsplash.com/photo-1544717305-2782549b5136?w=800,95
prod_nyx_0464,Forge Custom Coiled Aviator USB-C Cable Mark 17,Peripherals & Tech,229.00,328.53,67.73,70.4%,NYX-PER-3FAF71,prod_6SkVkW5iRPJgj,https://whop.com/checkout/plan_XtqBXKQL0a6aa,https://images.unsplash.com/photo-1587829741301-dc798b83add3?w=800,115
prod_nyx_0465,Origin 100W GaN 4-Port Fast Desktop Power Station Mark 21,Smart Gear & Power,149.00,192.97,44.96,69.8%,NYX-SMA-85FC19,prod_tvz3nuxBlgmHf,https://whop.com/checkout/plan_ogYx1uzibDOlT,https://images.unsplash.com/photo-1558002038-1055907df827?w=800,66
prod_nyx_0466,Quantum Titanium Capsule Waterproof EDC Storage Pill Mark 21,Accessories & EDC,149.00,213.85,45.47,69.5%,NYX-ACC-A82589,prod_B5wNcrZPgmJLQ,https://whop.com/checkout/plan_HSeAv23LI6KnA,https://images.unsplash.com/photo-1584917865442-de89df76afd3?w=800,109
prod_nyx_0467,Origin Dual-Joint Billet Aluminum Microphone Boom Arm Mark 21,Ergonomics & Desk Setup,29.00,38.72,7.65,73.6%,NYX-ERG-54F948,prod_4tuj4zKHLoBvO,https://whop.com/checkout/plan_cOgXB4qasvHzm,https://images.unsplash.com/photo-1499750310107-5fef28a66643?w=800,45
prod_nyx_0468,Lumina Under-Desk Steel Cable Conduit Mark 14,Workspace & Studio,149.00,209.62,55.36,62.8%,NYX-WOR-2FB063,prod_F3SPuqKNsvkaH,https://whop.com/checkout/plan_7ieHhw5YGMSbK,https://images.unsplash.com/photo-1544717305-2782549b5136?w=800,90
prod_nyx_0469,Vektor Braided Paracord Low-Resistance Mouse Cord Mark 17,Peripherals & Tech,229.00,296.42,56.30,75.4%,NYX-PER-E74416,prod_Z52vdAQWiOqS5,https://whop.com/checkout/plan_jCzsS4RRXJ7HS,https://images.unsplash.com/photo-1563245372-f21724e3856d?w=800,50
prod_nyx_0470,Monolith Braided Liquid Silicone 240W Fast Cable Mark 22,Smart Gear & Power,119.00,158.16,38.85,67.4%,NYX-SMA-391512,prod_FQwlbtvdeYM3l,https://whop.com/checkout/plan_ifl694NMkSgyk,https://images.unsplash.com/photo-1519389950473-47ba0277781c?w=800,71
prod_nyx_0471,Specter Monolithic Brass Desk Tops Fidget Spinner Mark 22,Accessories & EDC,29.00,36.46,10.70,63.1%,NYX-ACC-860A54,prod_qAHGf8IKGP634,https://whop.com/checkout/plan_bFlhJOWS7Q9bH,https://images.unsplash.com/photo-1627123424574-724758594e93?w=800,91
prod_nyx_0472,Lumina Silicone Cable Sorter Desktop Organizer Mark 22,Ergonomics & Desk Setup,39.00,54.92,12.69,67.5%,NYX-ERG-166670,prod_IH4Zu6lpWyClw,https://whop.com/checkout/plan_Z3qEmfNWIKTsd,https://images.unsplash.com/photo-1586023492125-27b2c045efd7?w=800,103
prod_nyx_0473,Aura Billet Aluminum Monitor Arm Mount Mark 15,Workspace & Studio,59.00,74.21,21.04,64.3%,NYX-WOR-1D2B47,prod_WToxNxehfjEWk,https://whop.com/checkout/plan_0ePT6VGXTa4Gm,https://images.unsplash.com/photo-1581291518857-4e27b48ff24e?w=800,101
prod_nyx_0474,Matrix Glass Surface Precision Gaming Mousepad Mark 18,Peripherals & Tech,179.00,241.45,45.57,74.5%,NYX-PER-E16668,prod_TDFprkci9C2ip,https://whop.com/checkout/plan_5RUGVf6sIQf2P,https://images.unsplash.com/photo-1563245372-f21724e3856d?w=800,54
prod_nyx_0475,Vektor Magnetic Qi2 Car and Desktop Mount Dock Mark 22,Smart Gear & Power,49.00,64.30,14.51,70.4%,NYX-SMA-911E57,prod_XYHPyCBlgkFjo,https://whop.com/checkout/plan_qkSUoBU77lCKa,https://images.unsplash.com/photo-1585338107529-13afc5f02586?w=800,104
prod_nyx_0476,Horizon Modular Magnetic EDC Key Organizer Rail Mark 22,Accessories & EDC,29.00,39.76,8.07,72.2%,NYX-ACC-5A7538,prod_hp3ckhPpgDUwp,https://whop.com/checkout/plan_UUVTCVqkukcU8,https://images.unsplash.com/photo-1553062407-98eeb64c6a62?w=800,49
prod_nyx_0477,Matrix Articulating Under-Desk Keyboard Tray Mark 22,Ergonomics & Desk Setup,29.00,37.20,9.73,66.4%,NYX-ERG-AA5399,prod_TEbe27YvhK2YY,https://whop.com/checkout/plan_P9pS1vJFR0oGH,https://images.unsplash.com/photo-1505740420928-5e560c06d30e?w=800,112
prod_nyx_0478,Monolith Ultra-Thin Wireless Charging Desk Mat Mark 15,Workspace & Studio,119.00,157.99,31.63,73.4%,NYX-WOR-84B083,prod_Yyc5kZ8satVsA,https://whop.com/checkout/plan_h3IQ7YbVD7ti8,https://images.unsplash.com/photo-1516321318423-f06f85e504b3?w=800,57
prod_nyx_0479,Apex Gasket-Mount 60% Low-Profile Keyboard Mark 18,Peripherals & Tech,179.00,234.39,49.38,72.4%,NYX-PER-B1C840,prod_mWyRGPYmQbUxs,https://whop.com/checkout/plan_jJcDckFg0CUsT,https://images.unsplash.com/photo-1527864550417-7fd91fc51a46?w=800,95
prod_nyx_0480,Specter 140W Dual USB-C GaN Travel Wall Adapter Mark 22,Smart Gear & Power,119.00,169.24,36.74,69.1%,NYX-SMA-C98925,prod_8I7RPOcyJQv1M,https://whop.com/checkout/plan_bEBkD9xfpbz6T,https://images.unsplash.com/photo-1558002038-1055907df827?w=800,99
prod_nyx_0481,Vektor Modular Magnetic EDC Key Organizer Rail Mark 22,Accessories & EDC,179.00,245.51,51.62,71.2%,NYX-ACC-CEF346,prod_XVxqcoAdWZ8ao,https://whop.com/checkout/plan_vt17x7AxXmpmL,https://images.unsplash.com/photo-1627123424574-724758594e93?w=800,35
prod_nyx_0482,Stealth Ergonomic Adjustable Height Footrest Platform Mark 23,Ergonomics & Desk Setup,119.00,162.88,35.24,70.4%,NYX-ERG-87F535,prod_G9vj4G8WozE24,https://whop.com/checkout/plan_Qqu0fTtdHLunY,https://images.unsplash.com/photo-1516321318423-f06f85e504b3?w=800,92
prod_nyx_0483,Aura Rotary Desk Dial Remote Controller Mark 15,Workspace & Studio,29.00,37.03,8.59,70.4%,NYX-WOR-C99948,prod_HUpeO10z4sgyJ,https://whop.com/checkout/plan_73Dlvbbgcz9ZN,https://images.unsplash.com/photo-1544717305-2782549b5136?w=800,43
prod_nyx_0484,Pulse Glass Surface Precision Gaming Mousepad Mark 18,Peripherals & Tech,39.00,52.76,13.58,65.2%,NYX-PER-C41791,prod_3bUxshsYi1Rks,https://whop.com/checkout/plan_4Bi6iEGcTOv1f,https://images.unsplash.com/photo-1527864550417-7fd91fc51a46?w=800,72
prod_nyx_0485,Lumina 140W Dual USB-C GaN Travel Wall Adapter Mark 23,Smart Gear & Power,89.00,112.09,24.89,72.0%,NYX-SMA-3DD495,prod_yvPfapRYKOUxq,https://whop.com/checkout/plan_9E4NsXXvPUfwq,https://images.unsplash.com/photo-1585338107529-13afc5f02586?w=800,41
prod_nyx_0486,Monolith Precision Metric Measuring Rule in Ti-6Al-4V Mark 23,Accessories & EDC,75.00,98.45,22.06,70.6%,NYX-ACC-C02F59,prod_CB1dPhPWh9bkY,https://whop.com/checkout/plan_RADtGP7D1xbD5,https://images.unsplash.com/photo-1553062407-98eeb64c6a62?w=800,55
prod_nyx_0487,Origin Heavy Weighted Aluminum Headphone Hook Mount Mark 23,Ergonomics & Desk Setup,149.00,215.71,40.10,73.1%,NYX-ERG-87A349,prod_rF8fnii8PlI8R,https://whop.com/checkout/plan_dWvjAngwjNWW2,https://images.unsplash.com/photo-1499750310107-5fef28a66643?w=800,91
prod_nyx_0488,Obsidian Precision Screen Ambient Lightbar Mark 16,Workspace & Studio,229.00,287.81,78.51,65.7%,NYX-WOR-336082,prod_rUDXeb8md5wjk,https://whop.com/checkout/plan_Zr1DqeiYCG6Bt,https://images.unsplash.com/photo-1516321318423-f06f85e504b3?w=800,40
prod_nyx_0489,Element Precision Billet Aluminum Volume Knob Macropad Mark 19,Peripherals & Tech,149.00,187.50,47.12,68.4%,NYX-PER-65F876,prod_YifAMTWbkS8yD,https://whop.com/checkout/plan_dFlJ7PzGxVm9M,https://images.unsplash.com/photo-1618384887929-16ec33fab9ef?w=800,82
prod_nyx_0490,Apex Magnetic Qi2 Car and Desktop Mount Dock Mark 23,Smart Gear & Power,59.00,73.87,16.27,72.4%,NYX-SMA-C4DA82,prod_qeyhK56fnt985,https://whop.com/checkout/plan_3MO8qJQxNme8r,https://images.unsplash.com/photo-1609081219090-a6d81d3085bf?w=800,39
prod_nyx_0491,Obsidian Matte Obsidian RFID Blocking Minimalist Cardholder Mark 23,Accessories & EDC,229.00,311.03,85.66,62.6%,NYX-ACC-6B3591,prod_hPUQlR8eosBvt,https://whop.com/checkout/plan_kO7ktRh05JV1B,https://images.unsplash.com/photo-1584917865442-de89df76afd3?w=800,67
prod_nyx_0492,Pulse Pneumatic Counterbalance Heavy Monitor Arm Mark 23,Ergonomics & Desk Setup,49.00,66.29,11.86,75.8%,NYX-ERG-5B1696,prod_Zq2yQYjstheFW,https://whop.com/checkout/plan_P7gSvy0IU9Whj,https://images.unsplash.com/photo-1499750310107-5fef28a66643?w=800,112
prod_nyx_0493,Vanguard Magnetic Pegboard Tool Plate Mark 16,Workspace & Studio,75.00,99.34,28.26,62.3%,NYX-WOR-BF2E17,prod_sbzT9dJaQzZCZ,https://whop.com/checkout/plan_smTmidfoDBVcQ,https://images.unsplash.com/photo-1593062096033-9a26b09da705?w=800,79
prod_nyx_0494,Origin Custom Double-Shot PBT Keycap Set Mark 19,Peripherals & Tech,89.00,119.39,26.51,70.2%,NYX-PER-495643,prod_U5niYyeJ6GDxX,https://whop.com/checkout/plan_cxypiYTzW6pzx,https://images.unsplash.com/photo-1595225476474-87563907a212?w=800,71
prod_nyx_0495,Apex Smart LED Ambient Desk Glow Strip Pro Mark 24,Smart Gear & Power,59.00,84.25,18.83,68.1%,NYX-SMA-5F0F93,prod_ytsGPxBAego5r,https://whop.com/checkout/plan_GTLAGgFxg0PDz,https://images.unsplash.com/photo-1519389950473-47ba0277781c?w=800,60
prod_nyx_0496,Vektor Titanium Quick-Release Shackle Carabiner Mark 24,Accessories & EDC,49.00,66.26,14.48,70.4%,NYX-ACC-E9E371,prod_90BQUaf5lDEef,https://whop.com/checkout/plan_9kcCTuq9Mbe3l,https://images.unsplash.com/photo-1511556532299-8f662fc26c06?w=800,78
prod_nyx_0497,Stealth Magnetic Cable Routing Spine for Standing Desks Mark 24,Ergonomics & Desk Setup,149.00,215.26,49.06,67.1%,NYX-ERG-783166,prod_eWWjwtZd2NaiG,https://whop.com/checkout/plan_AyiSEKgjiKvUs,https://images.unsplash.com/photo-1505330622279-bf7d7fc918f4?w=800,87
prod_nyx_0498,Obsidian Billet Aluminum Monitor Arm Mount Mark 16,Workspace & Studio,229.00,298.86,76.84,66.4%,NYX-WOR-CC8241,prod_Ca9DI0pNuXQuS,https://whop.com/checkout/plan_TlYq0fvuBSZwR,https://images.unsplash.com/photo-1505330622279-bf7d7fc918f4?w=800,83
prod_nyx_0499,Apex Monolithic CNC Headphone Stand Mark 19,Peripherals & Tech,179.00,234.91,45.62,74.5%,NYX-PER-6F9525,prod_ozh1aM5yzLQiI,https://whop.com/checkout/plan_0dfWYoia4Lwif,https://images.unsplash.com/photo-1612815154858-60aa4c59eaa6?w=800,104
prod_nyx_0500,Chronos 100W GaN 4-Port Fast Desktop Power Station Mark 24,Smart Gear & Power,119.00,167.02,33.66,71.7%,NYX-SMA-B99C67,prod_mKSPgOdWbWOyt,https://whop.com/checkout/plan_I3uqQl2Dt8uHy,https://images.unsplash.com/photo-1519389950473-47ba0277781c?w=800,69
prod_nyx_0501,Element Aero Carbon Fiber Utility Scalpel Blade Mark 24,Accessories & EDC,75.00,106.08,22.43,70.1%,NYX-ACC-F90062,prod_y9Q7zBPypY2UA,https://whop.com/checkout/plan_2md9FupfXIj1f,https://images.unsplash.com/photo-1618005182384-a83a8bd57fbe?w=800,119
prod_nyx_0502,Specter 360 Swivel Tablet and Secondary Screen Clamp Mark 24,Ergonomics & Desk Setup,75.00,103.03,22.41,70.1%,NYX-ERG-EF9795,prod_7PRQyHv1hShQS,https://whop.com/checkout/plan_o1d5DVb1ifWOE,https://images.unsplash.com/photo-1505740420928-5e560c06d30e?w=800,42
prod_nyx_0503,Ultra Monolithic MagSafe Display Stand Mark 16,Workspace & Studio,59.00,77.83,18.24,69.1%,NYX-WOR-0AA190,prod_k0i2NbWIVgzBc,https://whop.com/checkout/plan_Sgg0GUvS3eNIY,https://images.unsplash.com/photo-1524758631624-e2822e304c36?w=800,88
prod_nyx_0504,Titan Ultra-Light Carbon Composite Gaming Mouse Mark 20,Peripherals & Tech,49.00,67.06,17.08,65.1%,NYX-PER-6A6C86,prod_7cpVdKBKKbXMt,https://whop.com/checkout/plan_rtpdQ2UTlZevT,https://images.unsplash.com/photo-1529236183275-4fdcf2bc987e?w=800,85
prod_nyx_0505,Specter Magnetic Qi2 Car and Desktop Mount Dock Mark 24,Smart Gear & Power,29.00,36.38,8.32,71.3%,NYX-SMA-43F936,prod_hCORG4iF3lIe7,https://whop.com/checkout/plan_OduJ39l2U6V3j,https://images.unsplash.com/photo-1585338107529-13afc5f02586?w=800,116
prod_nyx_0506,Pulse Titanium Capsule Waterproof EDC Storage Pill Mark 25,Accessories & EDC,29.00,41.82,8.93,69.2%,NYX-ACC-11B816,prod_fPCMP2WN4Wolg,https://whop.com/checkout/plan_ZR4pn6t6stsKc,https://images.unsplash.com/photo-1627123424574-724758594e93?w=800,102
prod_nyx_0507,Stealth Active Posture Dynamic Wobble Balance Stool Mark 25,Ergonomics & Desk Setup,49.00,66.64,18.60,62.0%,NYX-ERG-9FF510,prod_oAfJEkrJHqyGx,https://whop.com/checkout/plan_AH5wOFVjgXzcc,https://images.unsplash.com/photo-1499750310107-5fef28a66643?w=800,52
prod_nyx_0508,Artisan Monolithic MagSafe Display Stand Mark 17,Workspace & Studio,89.00,124.13,28.37,68.1%,NYX-WOR-9E6210,prod_YKnHzHNYQxOXF,https://whop.com/checkout/plan_8gQU0whtg3uhQ,https://images.unsplash.com/photo-1497215728101-856f4ea42174?w=800,53
prod_nyx_0509,Chronos Dual ESS Sabre Balanced Headphone Amplifier Mark 20,Peripherals & Tech,29.00,41.94,9.57,67.0%,NYX-PER-112175,prod_Y6zpNP4r1HSdb,https://whop.com/checkout/plan_sdPUl1RufVQ5U,https://images.unsplash.com/photo-1527864550417-7fd91fc51a46?w=800,70
prod_nyx_0510,Aura Monolithic Billet 65W Wireless Charger Stand Mark 25,Smart Gear & Power,29.00,36.64,9.98,65.6%,NYX-SMA-59D626,prod_ACcBl4g4lKTIz,https://whop.com/checkout/plan_7kbvaoiQgoFZF,https://images.unsplash.com/photo-1585338107529-13afc5f02586?w=800,91
prod_nyx_0511,Aura DLC Coated Multi-Tool Pocket Stylus Mark 25,Accessories & EDC,39.00,52.98,10.54,73.0%,NYX-ACC-9A7490,prod_NQcXkagPOscBK,https://whop.com/checkout/plan_cFGtpOhjiN5uZ,https://images.unsplash.com/photo-1584917865442-de89df76afd3?w=800,95
prod_nyx_0512,Titan Ergonomic Adjustable Height Footrest Platform Mark 25,Ergonomics & Desk Setup,119.00,150.74,36.52,69.3%,NYX-ERG-CC5766,prod_SN5o5dc89bkIZ,https://whop.com/checkout/plan_CeL6eD8GXW0Dg,https://images.unsplash.com/photo-1586023492125-27b2c045efd7?w=800,52
prod_nyx_0513,Pulse Anodized Aluminum Tablet Dock Mark 17,Workspace & Studio,39.00,49.36,14.78,62.1%,NYX-WOR-8D4F68,prod_fAzuisFl1zu8v,https://whop.com/checkout/plan_7RNMfSXkmimRE,https://images.unsplash.com/photo-1593062096033-9a26b09da705?w=800,36
prod_nyx_0514,Pulse Gasket-Mount 60% Low-Profile Keyboard Mark 20,Peripherals & Tech,29.00,41.96,9.08,68.7%,NYX-PER-962A18,prod_Qguyo8AFEl6UO,https://whop.com/checkout/plan_JRl8RUoH5JNnM,https://images.unsplash.com/photo-1546435770-a3e426bf472b?w=800,74
prod_nyx_0515,Vanguard GaN Prime Ultra-Compact Travel Adapter Mark 25,Smart Gear & Power,29.00,40.53,7.83,73.0%,NYX-SMA-1C1C48,prod_vEU1TblIQF8CU,https://whop.com/checkout/plan_x96sCel0QUeoM,https://images.unsplash.com/photo-1585338107529-13afc5f02586?w=800,55
prod_nyx_0516,Monolith Monolithic Brass Desk Tops Fidget Spinner Mark 25,Accessories & EDC,75.00,107.49,27.71,63.1%,NYX-ACC-41EF85,prod_M80tLj978rvsz,https://whop.com/checkout/plan_WjgCSOWUjpyhy,https://images.unsplash.com/photo-1584917865442-de89df76afd3?w=800,113
prod_nyx_0517,Quantum 360 Swivel Tablet and Secondary Screen Clamp Mark 25,Ergonomics & Desk Setup,29.00,40.54,8.79,69.7%,NYX-ERG-DABA62,prod_eCuqBLierBHQJ,https://whop.com/checkout/plan_LpuZjj8123owW,https://images.unsplash.com/photo-1505330622279-bf7d7fc918f4?w=800,67
prod_nyx_0518,Vanguard Monolithic MagSafe Display Stand Mark 17,Workspace & Studio,29.00,37.72,9.17,68.4%,NYX-WOR-983F85,prod_kuUdVGZJci3ve,https://whop.com/checkout/plan_jgIMhNNTxPKGf,https://images.unsplash.com/photo-1544717305-2782549b5136?w=800,46
prod_nyx_0519,Stealth Gasket-Mount 60% Low-Profile Keyboard Mark 21,Peripherals & Tech,59.00,82.07,20.95,64.5%,NYX-PER-9CA593,prod_WKsUdQzJO62NM,https://whop.com/checkout/plan_wF1dJlagfFa2y,https://images.unsplash.com/photo-1587829741301-dc798b83add3?w=800,47
prod_nyx_0520,Origin Smart LED Ambient Desk Glow Strip Pro Mark 26,Smart Gear & Power,89.00,117.46,25.69,71.1%,NYX-SMA-3F7141,prod_jmJrcFIF0Pz1y,https://whop.com/checkout/plan_Fp3IWWVh6S2nE,https://images.unsplash.com/photo-1544716278-ca5e3f4abd8c?w=800,101
prod_nyx_0521,Ultra Titanium Quick-Release Shackle Carabiner Mark 26,Accessories & EDC,59.00,75.34,22.26,62.3%,NYX-ACC-F4AF78,prod_QFdLxe4oEDC1z,https://whop.com/checkout/plan_mFeG84OZJGIhY,https://images.unsplash.com/photo-1618005182384-a83a8bd57fbe?w=800,62
prod_nyx_0522,Chronos Dual-Joint Billet Aluminum Microphone Boom Arm Mark 26,Ergonomics & Desk Setup,229.00,295.27,66.39,71.0%,NYX-ERG-EF9694,prod_jPgCehcM5tUkM,https://whop.com/checkout/plan_v9iYO9HTSACge,https://images.unsplash.com/photo-1505740420928-5e560c06d30e?w=800,49
prod_nyx_0523,Lumina Magnetic Pegboard Tool Plate Mark 17,Workspace & Studio,119.00,165.52,28.65,75.9%,NYX-WOR-164154,prod_d6S7WX56OW5oh,https://whop.com/checkout/plan_8qafb6NfYaEeu,https://images.unsplash.com/photo-1524758631624-e2822e304c36?w=800,98
prod_nyx_0524,Stealth Dual ESS Sabre Balanced Headphone Amplifier Mark 21,Peripherals & Tech,29.00,41.64,9.97,65.6%,NYX-PER-545A31,prod_j63M4IQfotctv,https://whop.com/checkout/plan_pRpM6iAYQMsLj,https://images.unsplash.com/photo-1618384887929-16ec33fab9ef?w=800,104
prod_nyx_0525,Apex 65W Retractable USB-C Fast Charging Hub Mark 26,Smart Gear & Power,59.00,82.50,22.27,62.3%,NYX-SMA-704466,prod_ogTKU3bKmHzwb,https://whop.com/checkout/plan_fOcp7smnit6ZQ,https://images.unsplash.com/photo-1616401784845-180882ba9ba8?w=800,37
prod_nyx_0526,Lumina Titanium Quick-Release Shackle Carabiner Mark 26,Accessories & EDC,75.00,94.38,23.23,69.0%,NYX-ACC-7D8418,prod_FVURByGdJ2UUF,https://whop.com/checkout/plan_vURO9RQDMNiiE,https://images.unsplash.com/photo-1553062407-98eeb64c6a62?w=800,54
prod_nyx_0527,Stealth Heavy Weighted Aluminum Headphone Hook Mount Mark 26,Ergonomics & Desk Setup,149.00,200.49,54.31,63.6%,NYX-ERG-876969,prod_LiqIP0yC7dlBM,https://whop.com/checkout/plan_hH0RCP0m0J3h4,https://images.unsplash.com/photo-1505330622279-bf7d7fc918f4?w=800,116
prod_nyx_0528,Matrix Minimalist Walnut Pen Tray and Stand Mark 18,Workspace & Studio,59.00,81.56,14.34,75.7%,NYX-WOR-6B7456,prod_5YrtM7HLWDrCm,https://whop.com/checkout/plan_f7vSzXGd3Y9x6,https://images.unsplash.com/photo-1518770660439-4636190af475?w=800,97
prod_nyx_0529,Chronos Glass Surface Precision Gaming Mousepad Mark 21,Peripherals & Tech,179.00,232.96,57.83,67.7%,NYX-PER-A24486,prod_AaHZvCOiDTiEG,https://whop.com/checkout/plan_QbGLwLD9hBP31,https://images.unsplash.com/photo-1587829741301-dc798b83add3?w=800,72
prod_nyx_0530,Element 100W GaN 4-Port Fast Desktop Power Station Mark 27,Smart Gear & Power,149.00,205.63,41.13,72.4%,NYX-SMA-602583,prod_7NT8PJGGE4c5Q,https://whop.com/checkout/plan_H5dhklvFqyVhA,https://images.unsplash.com/photo-1519389950473-47ba0277781c?w=800,41
prod_nyx_0531,Origin Modular Magnetic EDC Key Organizer Rail Mark 27,Accessories & EDC,149.00,209.07,39.21,73.7%,NYX-ACC-6E6280,prod_DNfnweiszDMnD,https://whop.com/checkout/plan_KlvzztpUWVvjV,https://images.unsplash.com/photo-1553062407-98eeb64c6a62?w=800,67
prod_nyx_0532,Pulse Dual-Joint Billet Aluminum Microphone Boom Arm Mark 27,Ergonomics & Desk Setup,59.00,77.89,18.41,68.8%,NYX-ERG-C9C469,prod_jPbHF0j7EdOe4,https://whop.com/checkout/plan_7wKhcbsfNlEpR,https://images.unsplash.com/photo-1499750310107-5fef28a66643?w=800,68
prod_nyx_0533,Zenith Ultra-Thin Wireless Charging Desk Mat Mark 18,Workspace & Studio,59.00,73.76,20.91,64.6%,NYX-WOR-ADC332,prod_w7Up2JBGmyZ24,https://whop.com/checkout/plan_luWyc3nsUAJSH,https://images.unsplash.com/photo-1507473885765-e6ed057f782c?w=800,70
prod_nyx_0534,Ultra Pre-Lubed Magnetic Hall Effect Switch Set Mark 22,Peripherals & Tech,89.00,113.35,28.29,68.2%,NYX-PER-71C292,prod_TuoFMrVOAY6BS,https://whop.com/checkout/plan_xYUM50nVDyjeY,https://images.unsplash.com/photo-1529236183275-4fdcf2bc987e?w=800,40
prod_nyx_0535,Pro Desktop Magnetic Induction Headphone Dock Mark 27,Smart Gear & Power,229.00,300.43,81.38,64.5%,NYX-SMA-3D1246,prod_gsEjQFSrjfLno,https://whop.com/checkout/plan_X4CHyDYqrM1kE,https://images.unsplash.com/photo-1616401784845-180882ba9ba8?w=800,80
prod_nyx_0536,Quantum Modular Magnetic EDC Key Organizer Rail Mark 27,Accessories & EDC,49.00,67.90,16.73,65.9%,NYX-ACC-043988,prod_gf0ZfOQ6mFH2W,https://whop.com/checkout/plan_KCz4NyXCsjW8t,https://images.unsplash.com/photo-1584917865442-de89df76afd3?w=800,36
prod_nyx_0537,Forge Ergonomic Adjustable Height Footrest Platform Mark 27,Ergonomics & Desk Setup,229.00,304.87,55.48,75.8%,NYX-ERG-DD8A14,prod_Viqe6d2SC2xWG,https://whop.com/checkout/plan_JYmf3rTlWxIV0,https://images.unsplash.com/photo-1516321318423-f06f85e504b3?w=800,85
prod_nyx_0538,Pulse Matte Carbon Fiber Desk Shelf Mark 18,Workspace & Studio,179.00,258.50,67.20,62.5%,NYX-WOR-426444,prod_nB0qQNieYvLmH,https://whop.com/checkout/plan_Boc3mKbuGAPCo,https://images.unsplash.com/photo-1524758631624-e2822e304c36?w=800,94
prod_nyx_0539,Artisan Dual ESS Sabre Balanced Headphone Amplifier Mark 22,Peripherals & Tech,49.00,62.55,15.31,68.8%,NYX-PER-5DBE63,prod_Zp0CgBw6DFsRw,https://whop.com/checkout/plan_8bQ1MhZUiFVKD,https://images.unsplash.com/photo-1612815154858-60aa4c59eaa6?w=800,67
prod_nyx_0540,Chronos Magnetic Qi2 Car and Desktop Mount Dock Mark 27,Smart Gear & Power,29.00,37.67,8.12,72.0%,NYX-SMA-3C8964,prod_kRajAMe7DCgYi,https://whop.com/checkout/plan_nis4P9OCrWGhg,https://images.unsplash.com/photo-1544716278-ca5e3f4abd8c?w=800,46
prod_nyx_0541,Quantum DLC Coated Multi-Tool Pocket Stylus Mark 27,Accessories & EDC,29.00,41.66,10.75,62.9%,NYX-ACC-F4C116,prod_FWT6K35xsNL0Z,https://whop.com/checkout/plan_1skF3l4U3ddyz,https://images.unsplash.com/photo-1511556532299-8f662fc26c06?w=800,66
prod_nyx_0542,Horizon Contoured Memory Foam Ergonomic Lumbar Support Mark 28,Ergonomics & Desk Setup,149.00,195.42,36.68,75.4%,NYX-ERG-B9F310,prod_KX53Nk5HBhGgN,https://whop.com/checkout/plan_Oai5YcuHSwv5Y,https://images.unsplash.com/photo-1505330622279-bf7d7fc918f4?w=800,117
prod_nyx_0543,Obsidian Dual-Sided Vegan Obsidian Desk Pad Mark 19,Workspace & Studio,179.00,227.96,58.76,67.2%,NYX-WOR-14B725,prod_R8dnYz7iHUARO,https://whop.com/checkout/plan_l7EIVbakJVCIx,https://images.unsplash.com/photo-1516321318423-f06f85e504b3?w=800,67
prod_nyx_0544,Monolith Ultra-Light Carbon Composite Gaming Mouse Mark 22,Peripherals & Tech,179.00,240.68,66.48,62.9%,NYX-PER-B27115,prod_tpKMLo1adnxL3,https://whop.com/checkout/plan_H8uQVkBfwxuTv,https://images.unsplash.com/photo-1587829741301-dc798b83add3?w=800,35
prod_nyx_0545,Ultra Braided Liquid Silicone 240W Fast Cable Mark 28,Smart Gear & Power,29.00,38.91,7.28,74.9%,NYX-SMA-94CC11,prod_9yiggQUKuhW9X,https://whop.com/checkout/plan_nIUNip2zz2AAU,https://images.unsplash.com/photo-1558002038-1055907df827?w=800,107
prod_nyx_0546,Apex CNC Titanium Bolt-Action Rollerball Pen Mark 28,Accessories & EDC,75.00,100.67,24.90,66.8%,NYX-ACC-D0B247,prod_kCM3azvMEGDps,https://whop.com/checkout/plan_sjSG8MFN3l5Sx,https://images.unsplash.com/photo-1563770660941-20978e870e26?w=800,89
prod_nyx_0547,Stealth Gel-Infused Cooling Wrist Rest for Trackpad Mark 28,Ergonomics & Desk Setup,119.00,153.78,43.93,63.1%,NYX-ERG-D88E56,prod_j4oW6zqZ4Kdls,https://whop.com/checkout/plan_vyIEUVOJvkVyt,https://images.unsplash.com/photo-1516321318423-f06f85e504b3?w=800,59
prod_nyx_0548,Forge Billet Aluminum Monitor Arm Mount Mark 19,Workspace & Studio,75.00,102.47,20.17,73.1%,NYX-WOR-148232,prod_ciUcTfVhRzxbG,https://whop.com/checkout/plan_OSTJDzjFR7bAf,https://images.unsplash.com/photo-1518770660439-4636190af475?w=800,50
prod_nyx_0549,Ultra Aerospace CNC Ergonomic Keyboard Wrist Rest Mark 23,Peripherals & Tech,179.00,233.33,46.05,74.3%,NYX-PER-9A6C74,prod_4zZQQXmujVTDW,https://whop.com/checkout/plan_mEqMCPys2cOYr,https://images.unsplash.com/photo-1527864550417-7fd91fc51a46?w=800,120
prod_nyx_0550,Cipher Smart OLED Real-Time Power Meter Cable Mark 28,Smart Gear & Power,149.00,204.36,45.00,69.8%,NYX-SMA-C70044,prod_t8Cr8qz1FJ6rD,https://whop.com/checkout/plan_GRGoY4Ody1RFA,https://images.unsplash.com/photo-1585338107529-13afc5f02586?w=800,117
prod_nyx_0551,Ultra Grade-5 Titanium Precision Pocket Pry Bar Mark 28,Accessories & EDC,29.00,42.00,10.37,64.2%,NYX-ACC-CCF328,prod_L4VXiVENZl0to,https://whop.com/checkout/plan_IF1Drxjh9hfR2,https://images.unsplash.com/photo-1584917865442-de89df76afd3?w=800,98
prod_nyx_0552,Aura Magnetic Cable Routing Spine for Standing Desks Mark 28,Ergonomics & Desk Setup,149.00,198.86,37.42,74.9%,NYX-ERG-47F513,prod_MGgPMKamWC2Kc,https://whop.com/checkout/plan_x8lqWuCa9DoES,https://images.unsplash.com/photo-1516321318423-f06f85e504b3?w=800,38
prod_nyx_0553,Monolith Monolithic MagSafe Display Stand Mark 19,Workspace & Studio,229.00,286.57,56.35,75.4%,NYX-WOR-24F625,prod_RlQ4LRgqMdXWK,https://whop.com/checkout/plan_j0xIQWaVeXDjG,https://images.unsplash.com/photo-1524758631624-e2822e304c36?w=800,90
prod_nyx_0554,Monolith Ultra-Light Carbon Composite Gaming Mouse Mark 23,Peripherals & Tech,229.00,291.34,83.64,63.5%,NYX-PER-DD9388,prod_iU3AVFnpvZSRK,https://whop.com/checkout/plan_QipQlkGNYZdpR,https://images.unsplash.com/photo-1527864550417-7fd91fc51a46?w=800,53
prod_nyx_0555,Origin Foldable 3-in-1 Qi2 MagSafe Wireless Station Mark 29,Smart Gear & Power,149.00,206.62,42.20,71.7%,NYX-SMA-DE4152,prod_BfwOyAFQSyxwv,https://whop.com/checkout/plan_tFHefP0dr9JrY,https://images.unsplash.com/photo-1519389950473-47ba0277781c?w=800,65
prod_nyx_0556,Zenith Monolithic Brass Desk Tops Fidget Spinner Mark 29,Accessories & EDC,119.00,149.29,33.49,71.9%,NYX-ACC-E5B745,prod_DIscig3z3U8yB,https://whop.com/checkout/plan_2TD7zLkw4uQeA,https://images.unsplash.com/photo-1627123424574-724758594e93?w=800,37
prod_nyx_0557,Chronos 360 Swivel Tablet and Secondary Screen Clamp Mark 29,Ergonomics & Desk Setup,39.00,54.42,11.30,71.0%,NYX-ERG-B1F427,prod_zz5yD3gYRwfMQ,https://whop.com/checkout/plan_vbhfr2ceN5otJ,https://images.unsplash.com/photo-1586023492125-27b2c045efd7?w=800,100
prod_nyx_0558,Pulse Minimalist Walnut Pen Tray and Stand Mark 19,Workspace & Studio,49.00,63.05,15.44,68.5%,NYX-WOR-C4DA60,prod_d7GcLoJPcd3o5,https://whop.com/checkout/plan_TQb0krdR0bAV7,https://images.unsplash.com/photo-1588872657578-7efd1f1555ed?w=800,85
prod_nyx_0559,Forge Glass Surface Precision Gaming Mousepad Mark 23,Peripherals & Tech,39.00,54.76,12.39,68.2%,NYX-PER-6EA036,prod_PAX9J7rdHo3i6,https://whop.com/checkout/plan_bcett0PqHML2t,https://images.unsplash.com/photo-1529236183275-4fdcf2bc987e?w=800,72
prod_nyx_0560,Matrix Monolithic Billet 65W Wireless Charger Stand Mark 29,Smart Gear & Power,119.00,164.71,33.82,71.6%,NYX-SMA-E03D60,prod_0MW58NdBYVcls,https://whop.com/checkout/plan_EJk9FdTSnkTKj,https://images.unsplash.com/photo-1519389950473-47ba0277781c?w=800,35
prod_nyx_0561,Pulse DLC Coated Multi-Tool Pocket Stylus Mark 29,Accessories & EDC,39.00,56.47,10.45,73.2%,NYX-ACC-DE4889,prod_dF3O9hPJtkotx,https://whop.com/checkout/plan_dJe2PKYMK4982,https://images.unsplash.com/photo-1563770660941-20978e870e26?w=800,58
prod_nyx_0562,Titan Heavy Weighted Aluminum Headphone Hook Mount Mark 29,Ergonomics & Desk Setup,179.00,244.24,64.02,64.2%,NYX-ERG-F9F549,prod_ns8vZNeCuBC8p,https://whop.com/checkout/plan_FwNB8t3om56ME,https://images.unsplash.com/photo-1516321318423-f06f85e504b3?w=800,54
prod_nyx_0563,Origin Magnetic Pegboard Tool Plate Mark 20,Workspace & Studio,59.00,79.49,17.34,70.6%,NYX-WOR-C18D81,prod_hIBjVGrKMI3CG,https://whop.com/checkout/plan_QFexz01EI27Hf,https://images.unsplash.com/photo-1588872657578-7efd1f1555ed?w=800,102
prod_nyx_0564,Origin Precision Billet Aluminum Volume Knob Macropad Mark 24,Peripherals & Tech,179.00,240.55,53.17,70.3%,NYX-PER-964046,prod_7OiSjcH9HJ8cY,https://whop.com/checkout/plan_joIsmolGNSFpN,https://images.unsplash.com/photo-1527864550417-7fd91fc51a46?w=800,60
prod_nyx_0565,Monolith Foldable 3-in-1 Qi2 MagSafe Wireless Station Mark 29,Smart Gear & Power,179.00,234.55,53.41,70.2%,NYX-SMA-1E5858,prod_52J2zJumcnBKv,https://whop.com/checkout/plan_keMtteovQLjQj,https://images.unsplash.com/photo-1609081219090-a6d81d3085bf?w=800,84
prod_nyx_0566,Element DLC Coated Multi-Tool Pocket Stylus Mark 30,Accessories & EDC,89.00,121.09,33.21,62.7%,NYX-ACC-0B0849,prod_i6CWWRWTbItHJ,https://whop.com/checkout/plan_bvCvQkLuPh2q9,https://images.unsplash.com/photo-1553062407-98eeb64c6a62?w=800,58
prod_nyx_0567,Obsidian Silicone Cable Sorter Desktop Organizer Mark 30,Ergonomics & Desk Setup,29.00,37.78,10.62,63.4%,NYX-ERG-EF8B70,prod_OSJuV6I2yTUwT,https://whop.com/checkout/plan_ybuNzD3lP8jyT,https://images.unsplash.com/photo-1499750310107-5fef28a66643?w=800,77
prod_nyx_0568,Stealth Precision Screen Ambient Lightbar Mark 20,Workspace & Studio,29.00,41.04,7.24,75.0%,NYX-WOR-2E3C33,prod_I0PLTZiA9X8Q1,https://whop.com/checkout/plan_EKQWYxaCkZj5z,https://images.unsplash.com/photo-1544717305-2782549b5136?w=800,112
prod_nyx_0569,Cipher Aerospace CNC Ergonomic Keyboard Wrist Rest Mark 24,Peripherals & Tech,179.00,237.56,44.48,75.2%,NYX-PER-B98581,prod_p4AJNP3sbXWju,https://whop.com/checkout/plan_MCrqqdlylFW3b,https://images.unsplash.com/photo-1563245372-f21724e3856d?w=800,75
prod_nyx_0570,Pulse Foldable 3-in-1 Qi2 MagSafe Wireless Station Mark 30,Smart Gear & Power,229.00,330.64,80.67,64.8%,NYX-SMA-13DE81,prod_2cgkwdIVT6XJs,https://whop.com/checkout/plan_tGGQgnsbWvcCj,https://images.unsplash.com/photo-1616401784845-180882ba9ba8?w=800,54
prod_nyx_0571,Lumina Artisan Leather Watch and Hardware Roll Mark 30,Accessories & EDC,49.00,61.70,15.98,67.4%,NYX-ACC-BAFA95,prod_hApRnsbDnltfn,https://whop.com/checkout/plan_PkefwG3K8elIa,https://images.unsplash.com/photo-1618005182384-a83a8bd57fbe?w=800,57
prod_nyx_0572,Matrix Gel-Infused Cooling Wrist Rest for Trackpad Mark 30,Ergonomics & Desk Setup,59.00,78.56,18.26,69.1%,NYX-ERG-0AFA64,prod_FTN0qlzFWfpB1,https://whop.com/checkout/plan_q2zvttu2L8LkJ,https://images.unsplash.com/photo-1499750310107-5fef28a66643?w=800,50
prod_nyx_0573,Titan Minimalist Walnut Pen Tray and Stand Mark 20,Workspace & Studio,59.00,81.07,17.80,69.8%,NYX-WOR-72ED80,prod_tCojNkq7Niu2D,https://whop.com/checkout/plan_Fd4MJXWGPm6yU,https://images.unsplash.com/photo-1497215728101-856f4ea42174?w=800,110
prod_nyx_0574,Horizon Aerospace CNC Ergonomic Keyboard Wrist Rest Mark 24,Peripherals & Tech,39.00,54.50,9.88,74.7%,NYX-PER-F98F27,prod_Mx2MrzOGpMfVf,https://whop.com/checkout/plan_Gpr706ij2NaBO,https://images.unsplash.com/photo-1612815154858-60aa4c59eaa6?w=800,67
prod_nyx_0575,Cipher Smart OLED Real-Time Power Meter Cable Mark 30,Smart Gear & Power,119.00,153.12,44.46,62.6%,NYX-SMA-EF4B36,prod_5gUdS49abzqCY,https://whop.com/checkout/plan_QAl6aciKj0wWQ,https://images.unsplash.com/photo-1519389950473-47ba0277781c?w=800,58
prod_nyx_0576,Element Precision Metric Measuring Rule in Ti-6Al-4V Mark 30,Accessories & EDC,29.00,37.83,7.42,74.4%,NYX-ACC-277088,prod_0icmKaSjumnJr,https://whop.com/checkout/plan_O51ZczwjXlfKI,https://images.unsplash.com/photo-1563770660941-20978e870e26?w=800,89
prod_nyx_0577,Element Articulating Under-Desk Keyboard Tray Mark 30,Ergonomics & Desk Setup,75.00,99.11,23.85,68.2%,NYX-ERG-2DDB94,prod_JZwvgtbD2Mm6Y,https://whop.com/checkout/plan_4vi426CQPnT2t,https://images.unsplash.com/photo-1586023492125-27b2c045efd7?w=800,72
prod_nyx_0578,Vanguard Acoustic Felt Studio Desk Partition Mark 21,Workspace & Studio,179.00,240.43,46.80,73.9%,NYX-WOR-62ED22,prod_e81dpl1pZSGdx,https://whop.com/checkout/plan_TH01GZbcTrE3D,https://images.unsplash.com/photo-1524758631624-e2822e304c36?w=800,74
prod_nyx_0579,Aero Glass Surface Precision Gaming Mousepad Mark 25,Peripherals & Tech,49.00,70.62,14.32,70.8%,NYX-PER-C49422,prod_wRaQST8f5y1Ex,https://whop.com/checkout/plan_dpQfX1kWuLZHY,https://images.unsplash.com/photo-1527864550417-7fd91fc51a46?w=800,70
prod_nyx_0580,Pro Braided Liquid Silicone 240W Fast Cable Mark 31,Smart Gear & Power,49.00,69.79,15.55,68.3%,NYX-SMA-CC6A46,prod_gA5qlmlUUkUF8,https://whop.com/checkout/plan_sedYw6unb84Np,https://images.unsplash.com/photo-1609081219090-a6d81d3085bf?w=800,56
prod_nyx_0581,Artisan Monolithic Brass Desk Tops Fidget Spinner Mark 31,Accessories & EDC,29.00,39.85,7.08,75.6%,NYX-ACC-7D8180,prod_vtF8F7j9TxopA,https://whop.com/checkout/plan_CwRDTYUgzJ2kw,https://images.unsplash.com/photo-1618005182384-a83a8bd57fbe?w=800,104
prod_nyx_0582,Zenith Magnetic Cable Routing Spine for Standing Desks Mark 31,Ergonomics & Desk Setup,149.00,213.53,55.47,62.8%,NYX-ERG-E86A63,prod_B8UDTwAU4uq3G,https://whop.com/checkout/plan_HEXulK2jYkDfz,https://images.unsplash.com/photo-1499750310107-5fef28a66643?w=800,94
prod_nyx_0583,Apex CNC Walnut Desk Shelf Tray Mark 21,Workspace & Studio,29.00,37.34,10.15,65.0%,NYX-WOR-AC7977,prod_LcIKgtziMCrfd,https://whop.com/checkout/plan_MSgV7s6Cm0HyP,https://images.unsplash.com/photo-1524758631624-e2822e304c36?w=800,55
prod_nyx_0584,Vanguard Hall Effect 75% CNC Aluminum Keyboard Mark 25,Peripherals & Tech,179.00,238.11,50.76,71.6%,NYX-PER-4EF671,prod_EjOH0IuetjZUg,https://whop.com/checkout/plan_4xmIeW8Gyr6Os,https://images.unsplash.com/photo-1527864550417-7fd91fc51a46?w=800,55
prod_nyx_0585,Pulse GaN Prime Ultra-Compact Travel Adapter Mark 31,Smart Gear & Power,49.00,69.18,15.90,67.6%,NYX-SMA-FE1C96,prod_By2MXeWfXhr3H,https://whop.com/checkout/plan_w66UGA2ubtb87,https://images.unsplash.com/photo-1558002038-1055907df827?w=800,70
prod_nyx_0586,Horizon Modular Magnetic EDC Key Organizer Rail Mark 31,Accessories & EDC,59.00,83.11,17.60,70.2%,NYX-ACC-D7E427,prod_bbCES1EsRbxES,https://whop.com/checkout/plan_YNEeAGtjUBYxW,https://images.unsplash.com/photo-1584917865442-de89df76afd3?w=800,74
prod_nyx_0587,Obsidian Contoured Memory Foam Ergonomic Lumbar Support Mark 31,Ergonomics & Desk Setup,59.00,85.42,19.71,66.6%,NYX-ERG-7B4980,prod_nXe1nKrZNa0Kw,https://whop.com/checkout/plan_cORIuVdvjuJqv,https://images.unsplash.com/photo-1516321318423-f06f85e504b3?w=800,90
prod_nyx_0588,Monolith Billet Aluminum Monitor Arm Mount Mark 21,Workspace & Studio,59.00,81.65,16.84,71.5%,NYX-WOR-AE8177,prod_q574C36eboBkC,https://whop.com/checkout/plan_lXwAIh18wCJxp,https://images.unsplash.com/photo-1516321318423-f06f85e504b3?w=800,113
prod_nyx_0589,Aura Braided Paracord Low-Resistance Mouse Cord Mark 25,Peripherals & Tech,39.00,56.39,12.41,68.2%,NYX-PER-1D3454,prod_YMpb6Ufahzr75,https://whop.com/checkout/plan_kHfJb5Ki8kFbR,https://images.unsplash.com/photo-1563245372-f21724e3856d?w=800,119
prod_nyx_0590,Element Smart LED Ambient Desk Glow Strip Pro Mark 32,Smart Gear & Power,119.00,149.19,40.58,65.9%,NYX-SMA-0F6996,prod_y0GyOuEtnmHZU,https://whop.com/checkout/plan_hyEwJbP42Iilf,https://images.unsplash.com/photo-1519389950473-47ba0277781c?w=800,105
prod_nyx_0591,Apex Precision Metric Measuring Rule in Ti-6Al-4V Mark 32,Accessories & EDC,59.00,82.82,15.50,73.7%,NYX-ACC-95C917,prod_78Qe0kYRYxbpA,https://whop.com/checkout/plan_QUOhFRTFpzOaa,https://images.unsplash.com/photo-1563770660941-20978e870e26?w=800,72
prod_nyx_0592,Obsidian Ergonomic Adjustable Height Footrest Platform Mark 32,Ergonomics & Desk Setup,59.00,75.44,20.38,65.5%,NYX-ERG-4B0319,prod_ju6MHZ4F7YU1u,https://whop.com/checkout/plan_FMDbUBHEX1IT8,https://images.unsplash.com/photo-1516321318423-f06f85e504b3?w=800,73
prod_nyx_0593,Pulse Acoustic Felt Studio Desk Partition Mark 21,Workspace & Studio,49.00,69.34,17.06,65.2%,NYX-WOR-3B3669,prod_FVgedxhIv6fS8,https://whop.com/checkout/plan_QXMAt8Rr9AuaD,https://images.unsplash.com/photo-1581291518857-4e27b48ff24e?w=800,58
prod_nyx_0594,Forge Rotary Encoder 9-Key Programmable Stream Pad Mark 26,Peripherals & Tech,179.00,248.46,64.74,63.8%,NYX-PER-840422,prod_7106RUEWTIPVJ,https://whop.com/checkout/plan_izmEOZUnjQFNj,https://images.unsplash.com/photo-1587829741301-dc798b83add3?w=800,79
prod_nyx_0595,Vanguard Foldable 3-in-1 Qi2 MagSafe Wireless Station Mark 32,Smart Gear & Power,179.00,231.91,48.88,72.7%,NYX-SMA-596F53,prod_QE2HMGBAv4mmt,https://whop.com/checkout/plan_8UGyPNyQe1019,https://images.unsplash.com/photo-1544716278-ca5e3f4abd8c?w=800,96
prod_nyx_0596,Apex Artisan Leather Watch and Hardware Roll Mark 32,Accessories & EDC,49.00,66.70,17.56,64.2%,NYX-ACC-85B554,prod_CONuf91yv4mF1,https://whop.com/checkout/plan_V8bqWGdFY1Ewh,https://images.unsplash.com/photo-1511556532299-8f662fc26c06?w=800,50
prod_nyx_0597,Quantum Gel-Infused Cooling Wrist Rest for Trackpad Mark 32,Ergonomics & Desk Setup,49.00,65.68,11.98,75.6%,NYX-ERG-0D2E22,prod_xpWbQTxPErXp7,https://whop.com/checkout/plan_L7yGKRuitaWVv,https://images.unsplash.com/photo-1505330622279-bf7d7fc918f4?w=800,38
prod_nyx_0598,Pro Billet Aluminum Monitor Arm Mount Mark 22,Workspace & Studio,39.00,55.10,13.64,65.0%,NYX-WOR-37D092,prod_4qzMXSp2v9auf,https://whop.com/checkout/plan_fqma0geJzRq2w,https://images.unsplash.com/photo-1505330622279-bf7d7fc918f4?w=800,105
prod_nyx_0599,Quantum Custom Coiled Aviator USB-C Cable Mark 26,Peripherals & Tech,179.00,242.51,61.22,65.8%,NYX-PER-409930,prod_ptzjqO7K6dlqR,https://whop.com/checkout/plan_AisVt4SAbW962,https://images.unsplash.com/photo-1563245372-f21724e3856d?w=800,85
prod_nyx_0600,Element Magnetic 10000mAh Ultra-Slim Power Bank Mark 32,Smart Gear & Power,149.00,201.47,47.63,68.0%,NYX-SMA-940639,prod_GfDgBJYafFbXr,https://whop.com/checkout/plan_8Lt9cfZFx9knV,https://images.unsplash.com/photo-1558002038-1055907df827?w=800,67
prod_nyx_0601,Cipher Full-Grain Italian Leather EDC Tech Folio Mark 32,Accessories & EDC,75.00,100.79,24.54,67.3%,NYX-ACC-1D8035,prod_nGnrplgIgUOjU,https://whop.com/checkout/plan_fWbyja1yWBChH,https://images.unsplash.com/photo-1553062407-98eeb64c6a62?w=800,83
prod_nyx_0602,Obsidian Magnetic Cable Routing Spine for Standing Desks Mark 33,Ergonomics & Desk Setup,119.00,159.71,41.97,64.7%,NYX-ERG-974428,prod_GtZLCAEgY4jZo,https://whop.com/checkout/plan_oPI7e4NtkeL39,https://images.unsplash.com/photo-1499750310107-5fef28a66643?w=800,117
prod_nyx_0603,Pro Billet Aluminum Monitor Arm Mount Mark 22,Workspace & Studio,179.00,237.52,51.52,71.2%,NYX-WOR-0E6837,prod_dZiiUy8hwOkRg,https://whop.com/checkout/plan_Od6T7YfT0bsyU,https://images.unsplash.com/photo-1544717305-2782549b5136?w=800,63
prod_nyx_0604,Pro Aerospace CNC Ergonomic Keyboard Wrist Rest Mark 26,Peripherals & Tech,29.00,39.19,9.41,67.6%,NYX-PER-2C7A74,prod_nEukWge2z6po4,https://whop.com/checkout/plan_amXONYBUum4py,https://images.unsplash.com/photo-1563245372-f21724e3856d?w=800,55
prod_nyx_0605,Vanguard 140W Dual USB-C GaN Travel Wall Adapter Mark 33,Smart Gear & Power,179.00,248.05,47.29,73.6%,NYX-SMA-A83816,prod_Jn8T3t89Pt4sA,https://whop.com/checkout/plan_szOmHbRpT3zDG,https://images.unsplash.com/photo-1558002038-1055907df827?w=800,110
prod_nyx_0606,Matrix Grade-5 Titanium Precision Pocket Pry Bar Mark 33,Accessories & EDC,149.00,189.10,50.88,65.9%,NYX-ACC-5C1E78,prod_Zm8YJvs2ovIy4,https://whop.com/checkout/plan_3UlJBISgo8u5s,https://images.unsplash.com/photo-1584917865442-de89df76afd3?w=800,88
prod_nyx_0607,Monolith 360 Swivel Tablet and Secondary Screen Clamp Mark 33,Ergonomics & Desk Setup,119.00,161.66,29.23,75.4%,NYX-ERG-DC7C66,prod_vmtQWgzKE1QgR,https://whop.com/checkout/plan_MfKvENdzvCqpO,https://images.unsplash.com/photo-1586023492125-27b2c045efd7?w=800,49
prod_nyx_0608,Apex Under-Desk Steel Cable Conduit Mark 22,Workspace & Studio,89.00,121.93,21.98,75.3%,NYX-WOR-657F71,prod_y8s2rH7oPgWFn,https://whop.com/checkout/plan_TYsVFuuZnb6A2,https://images.unsplash.com/photo-1588872657578-7efd1f1555ed?w=800,76
prod_nyx_0609,Specter Custom Coiled Aviator USB-C Cable Mark 27,Peripherals & Tech,229.00,290.43,82.51,64.0%,NYX-PER-0ACA98,prod_3kH3DZtNI1xpS,https://whop.com/checkout/plan_BiW1dpqH0TdRA,https://images.unsplash.com/photo-1527864550417-7fd91fc51a46?w=800,65
prod_nyx_0610,Vanguard Desktop Magnetic Induction Headphone Dock Mark 33,Smart Gear & Power,59.00,74.05,16.63,71.8%,NYX-SMA-046968,prod_fKYO4job1IwV7,https://whop.com/checkout/plan_QQBIKgweSoyIi,https://images.unsplash.com/photo-1558002038-1055907df827?w=800,105
prod_nyx_0611,Obsidian Aero Carbon Fiber Utility Scalpel Blade Mark 33,Accessories & EDC,119.00,154.52,38.52,67.6%,NYX-ACC-A33F80,prod_xAjfKqZVpXGvI,https://whop.com/checkout/plan_oZU5pEHbG9gaj,https://images.unsplash.com/photo-1563770660941-20978e870e26?w=800,39
prod_nyx_0612,Obsidian Contoured Memory Foam Ergonomic Lumbar Support Mark 33,Ergonomics & Desk Setup,229.00,306.65,61.40,73.2%,NYX-ERG-53B793,prod_iHRlalmmvbCRi,https://whop.com/checkout/plan_jgvYxezPhKKyQ,https://images.unsplash.com/photo-1586023492125-27b2c045efd7?w=800,114
prod_nyx_0613,Artisan Anodized Aluminum Tablet Dock Mark 22,Workspace & Studio,229.00,293.87,77.40,66.2%,NYX-WOR-142195,prod_gN0YqNW3dUsfv,https://whop.com/checkout/plan_aiB2JqldEV0qf,https://images.unsplash.com/photo-1516321318423-f06f85e504b3?w=800,41
prod_nyx_0614,Pro Braided Paracord Low-Resistance Mouse Cord Mark 27,Peripherals & Tech,29.00,41.89,9.80,66.2%,NYX-PER-267C37,prod_GUv6SxugNlmWH,https://whop.com/checkout/plan_3hInL2RYV8F9i,https://images.unsplash.com/photo-1529236183275-4fdcf2bc987e?w=800,36
prod_nyx_0615,Pro Smart OLED Real-Time Power Meter Cable Mark 34,Smart Gear & Power,179.00,235.00,60.42,66.2%,NYX-SMA-122468,prod_W0xprUwiuf9zj,https://whop.com/checkout/plan_bViOyzMUnHumu,https://images.unsplash.com/photo-1609081219090-a6d81d3085bf?w=800,78
prod_nyx_0616,Horizon DLC Coated Multi-Tool Pocket Stylus Mark 34,Accessories & EDC,119.00,170.47,39.29,67.0%,NYX-ACC-B41A38,prod_qDDvuCKQu1vsC,https://whop.com/checkout/plan_zgoClo7jTxDDW,https://images.unsplash.com/photo-1563770660941-20978e870e26?w=800,39
prod_nyx_0617,Origin Active Posture Dynamic Wobble Balance Stool Mark 34,Ergonomics & Desk Setup,39.00,50.28,9.77,74.9%,NYX-ERG-02F118,prod_BNKAMfB2AmpvH,https://whop.com/checkout/plan_zlaDRJ4cWBaBc,https://images.unsplash.com/photo-1516321318423-f06f85e504b3?w=800,53
prod_nyx_0618,Matrix Monolithic MagSafe Display Stand Mark 23,Workspace & Studio,39.00,51.36,13.31,65.9%,NYX-WOR-AEA499,prod_Wl8aN0wwpzcBw,https://whop.com/checkout/plan_15Tw2dhD9AVAF,https://images.unsplash.com/photo-1497215728101-856f4ea42174?w=800,85
prod_nyx_0619,Cipher Dual ESS Sabre Balanced Headphone Amplifier Mark 27,Peripherals & Tech,149.00,190.21,49.37,66.9%,NYX-PER-0E4C66,prod_HHDmmKhmlkMJG,https://whop.com/checkout/plan_02v4xtnIcxKK5,https://images.unsplash.com/photo-1563245372-f21724e3856d?w=800,58
prod_nyx_0620,Titan Braided Liquid Silicone 240W Fast Cable Mark 34,Smart Gear & Power,119.00,156.32,29.48,75.2%,NYX-SMA-F0FA56,prod_LiClNukhGbN1V,https://whop.com/checkout/plan_t6h7cSCMRakSs,https://images.unsplash.com/photo-1558002038-1055907df827?w=800,79
prod_nyx_0621,Aero Modular Magnetic EDC Key Organizer Rail Mark 34,Accessories & EDC,119.00,166.32,36.90,69.0%,NYX-ACC-FEC677,prod_q7NNH82gcWBqZ,https://whop.com/checkout/plan_11Co11YPbhZTM,https://images.unsplash.com/photo-1618005182384-a83a8bd57fbe?w=800,52
prod_nyx_0622,Aero 360 Swivel Tablet and Secondary Screen Clamp Mark 34,Ergonomics & Desk Setup,59.00,83.41,19.48,67.0%,NYX-ERG-247631,prod_5DiLo0JEmbMgW,https://whop.com/checkout/plan_vEcViqEZTshJj,https://images.unsplash.com/photo-1516321318423-f06f85e504b3?w=800,89
prod_nyx_0623,Origin Artisan Solid Brass Paperweight and Stylus Mark 23,Workspace & Studio,49.00,62.03,16.29,66.8%,NYX-WOR-4C3A56,prod_V3OBsEjUVtK1Y,https://whop.com/checkout/plan_js4hiNtk4Cvkx,https://images.unsplash.com/photo-1524758631624-e2822e304c36?w=800,82
prod_nyx_0624,Vektor Precision Billet Aluminum Volume Knob Macropad Mark 28,Peripherals & Tech,179.00,257.34,66.10,63.1%,NYX-PER-561920,prod_wWIausJn0lHps,https://whop.com/checkout/plan_vPegSn5jcGsmZ,https://images.unsplash.com/photo-1529236183275-4fdcf2bc987e?w=800,43
prod_nyx_0625,Horizon Monolithic Billet 65W Wireless Charger Stand Mark 34,Smart Gear & Power,49.00,69.77,15.47,68.4%,NYX-SMA-008C33,prod_tx56CXU5cZqwB,https://whop.com/checkout/plan_aeRtOLmjjihDc,https://images.unsplash.com/photo-1585338107529-13afc5f02586?w=800,109
prod_nyx_0626,Element Matte Obsidian RFID Blocking Minimalist Cardholder Mark 35,Accessories & EDC,119.00,152.86,34.52,71.0%,NYX-ACC-9DD827,prod_rGccb08AgBwPg,https://whop.com/checkout/plan_VcNHyFOmMB0WG,https://images.unsplash.com/photo-1584917865442-de89df76afd3?w=800,101
prod_nyx_0627,Artisan Active Posture Dynamic Wobble Balance Stool Mark 35,Ergonomics & Desk Setup,29.00,36.93,8.33,71.3%,NYX-ERG-358910,prod_XDR0cY1nPcd9n,https://whop.com/checkout/plan_QrLlROiydXsRE,https://images.unsplash.com/photo-1505330622279-bf7d7fc918f4?w=800,110
prod_nyx_0628,Vanguard Under-Desk Steel Cable Conduit Mark 23,Workspace & Studio,59.00,81.84,19.24,67.4%,NYX-WOR-4BEC49,prod_bRnuyNB9Iyrom,https://whop.com/checkout/plan_kSzC9bCELlPQk,https://images.unsplash.com/photo-1593062096033-9a26b09da705?w=800,45
prod_nyx_0629,Specter Ultra-Light Carbon Composite Gaming Mouse Mark 28,Peripherals & Tech,179.00,237.30,47.21,73.6%,NYX-PER-E7F173,prod_R1inz5zXSq8Vn,https://whop.com/checkout/plan_y6SqmSEE6hVgR,https://images.unsplash.com/photo-1587829741301-dc798b83add3?w=800,81
prod_nyx_0630,Element GaN Prime Ultra-Compact Travel Adapter Mark 35,Smart Gear & Power,229.00,322.28,62.70,72.6%,NYX-SMA-385759,prod_H4XUuDJpUaUQC,https://whop.com/checkout/plan_GnuvNdqVGt1pq,https://images.unsplash.com/photo-1616401784845-180882ba9ba8?w=800,111
prod_nyx_0631,Horizon Titanium Capsule Waterproof EDC Storage Pill Mark 35,Accessories & EDC,59.00,78.31,15.62,73.5%,NYX-ACC-E5E370,prod_J4iEkL0bON94J,https://whop.com/checkout/plan_1yl5S3O7sBPXL,https://images.unsplash.com/photo-1584917865442-de89df76afd3?w=800,55
prod_nyx_0632,Stealth Magnetic Cable Routing Spine for Standing Desks Mark 35,Ergonomics & Desk Setup,229.00,308.09,69.27,69.8%,NYX-ERG-B6CE14,prod_ve1Cxp7GzeEzp,https://whop.com/checkout/plan_rH8sEta87XXRY,https://images.unsplash.com/photo-1516321318423-f06f85e504b3?w=800,89
prod_nyx_0633,Origin Monolithic Laptop Riser Stand Mark 24,Workspace & Studio,229.00,303.90,55.21,75.9%,NYX-WOR-D99775,prod_1jGkvNdOeGD8d,https://whop.com/checkout/plan_4acMUaLoUnZVI,https://images.unsplash.com/photo-1544717305-2782549b5136?w=800,79
prod_nyx_0634,Titan Pre-Lubed Magnetic Hall Effect Switch Set Mark 28,Peripherals & Tech,49.00,68.74,12.10,75.3%,NYX-PER-CDC725,prod_NKgwbjV44YHT0,https://whop.com/checkout/plan_Oi7O9fDSN0Oe3,https://images.unsplash.com/photo-1546435770-a3e426bf472b?w=800,37
prod_nyx_0635,Chronos Foldable 3-in-1 Qi2 MagSafe Wireless Station Mark 35,Smart Gear & Power,89.00,119.00,33.57,62.3%,NYX-SMA-C4C014,prod_zqYsPzZp5QAOF,https://whop.com/checkout/plan_cFyPmDp7NdtcF,https://images.unsplash.com/photo-1558002038-1055907df827?w=800,62
prod_nyx_0636,Pro Titanium Capsule Waterproof EDC Storage Pill Mark 35,Accessories & EDC,89.00,127.51,22.04,75.2%,NYX-ACC-998162,prod_M6AqFFLFQ80fL,https://whop.com/checkout/plan_8G6S6bmLfeJSc,https://images.unsplash.com/photo-1627123424574-724758594e93?w=800,95
prod_nyx_0637,Forge Silicone Cable Sorter Desktop Organizer Mark 35,Ergonomics & Desk Setup,149.00,210.56,52.53,64.7%,NYX-ERG-6BA860,prod_5xG87TyjAOmhG,https://whop.com/checkout/plan_RtsU1CB1qORWD,https://images.unsplash.com/photo-1505740420928-5e560c06d30e?w=800,109
prod_nyx_0638,Horizon Dual-Sided Vegan Obsidian Desk Pad Mark 24,Workspace & Studio,229.00,304.34,73.91,67.7%,NYX-WOR-8DEE79,prod_RlzcyoBcPR04S,https://whop.com/checkout/plan_y8Va8EBM2YdtR,https://images.unsplash.com/photo-1524758631624-e2822e304c36?w=800,38
prod_nyx_0639,Cipher Pre-Lubed Magnetic Hall Effect Switch Set Mark 29,Peripherals & Tech,39.00,51.48,12.11,68.9%,NYX-PER-2F3842,prod_BwVu0n12JSgLz,https://whop.com/checkout/plan_2B96CXwF8vlAt,https://images.unsplash.com/photo-1563245372-f21724e3856d?w=800,110
prod_nyx_0640,Vanguard Monolithic Billet 65W Wireless Charger Stand Mark 36,Smart Gear & Power,39.00,48.95,14.03,64.0%,NYX-SMA-D29913,prod_GHp6CzjK1or0d,https://whop.com/checkout/plan_R5QgCBYso8HXh,https://images.unsplash.com/photo-1585338107529-13afc5f02586?w=800,35
prod_nyx_0641,Apex DLC Coated Multi-Tool Pocket Stylus Mark 36,Accessories & EDC,39.00,52.61,13.42,65.6%,NYX-ACC-02E018,prod_UVMwLGzjCFPA9,https://whop.com/checkout/plan_Xi6wHqk41mfBI,https://images.unsplash.com/photo-1553062407-98eeb64c6a62?w=800,63
prod_nyx_0642,Artisan Ergonomic Adjustable Height Footrest Platform Mark 36,Ergonomics & Desk Setup,39.00,53.63,13.09,66.4%,NYX-ERG-2DE451,prod_JVCZx4hMzCPCU,https://whop.com/checkout/plan_7w6Ov0tlVHpOX,https://images.unsplash.com/photo-1499750310107-5fef28a66643?w=800,80
prod_nyx_0643,Cipher Monolithic Laptop Riser Stand Mark 24,Workspace & Studio,39.00,49.64,13.57,65.2%,NYX-WOR-77D495,prod_Il6GZ6XjJplEY,https://whop.com/checkout/plan_ZTVbi8qZ3HFwO,https://images.unsplash.com/photo-1544717305-2782549b5136?w=800,96
prod_nyx_0644,Cipher Hall Effect 75% CNC Aluminum Keyboard Mark 29,Peripherals & Tech,229.00,326.77,85.80,62.5%,NYX-PER-9FEA98,prod_n8IUH83InaRyv,https://whop.com/checkout/plan_MxInUPiionS25,https://images.unsplash.com/photo-1595225476474-87563907a212?w=800,96
prod_nyx_0645,Obsidian Desktop Magnetic Induction Headphone Dock Mark 36,Smart Gear & Power,39.00,52.77,13.76,64.7%,NYX-SMA-D95190,prod_WF7TnhwDBCms8,https://whop.com/checkout/plan_bl4iNqOLswq8X,https://images.unsplash.com/photo-1609081219090-a6d81d3085bf?w=800,120
prod_nyx_0646,Zenith Full-Grain Italian Leather EDC Tech Folio Mark 36,Accessories & EDC,39.00,55.77,11.48,70.6%,NYX-ACC-3C7B90,prod_OQTPTUlR55LGB,https://whop.com/checkout/plan_FUi81DInBWbdv,https://images.unsplash.com/photo-1627123424574-724758594e93?w=800,117
prod_nyx_0647,Element Silicone Cable Sorter Desktop Organizer Mark 36,Ergonomics & Desk Setup,49.00,63.73,18.02,63.2%,NYX-ERG-863674,prod_jhub0XvmBASXW,https://whop.com/checkout/plan_ygmqpIP4Gidd0,https://images.unsplash.com/photo-1516321318423-f06f85e504b3?w=800,84
prod_nyx_0648,Zenith Dual-Sided Vegan Obsidian Desk Pad Mark 24,Workspace & Studio,39.00,51.03,10.30,73.6%,NYX-WOR-1C2D34,prod_SGQ9852gpkeaN,https://whop.com/checkout/plan_J8cJxuXcAW00l,https://images.unsplash.com/photo-1581291518857-4e27b48ff24e?w=800,46
prod_nyx_0649,Vanguard Aerospace CNC Ergonomic Keyboard Wrist Rest Mark 29,Peripherals & Tech,179.00,255.20,63.23,64.7%,NYX-PER-4AED92,prod_OmVzdQjjcixIB,https://whop.com/checkout/plan_Ubkm2p2H5RzPC,https://images.unsplash.com/photo-1529236183275-4fdcf2bc987e?w=800,104
prod_nyx_0650,Aura 140W Dual USB-C GaN Travel Wall Adapter Mark 37,Smart Gear & Power,119.00,170.52,35.41,70.2%,NYX-SMA-A31E83,prod_0hyHQUaLHYLMI,https://whop.com/checkout/plan_JKkvUtEHmrJk6,https://images.unsplash.com/photo-1609081219090-a6d81d3085bf?w=800,115
prod_nyx_0651,Chronos Modular Magnetic EDC Key Organizer Rail Mark 37,Accessories & EDC,49.00,61.26,17.40,64.5%,NYX-ACC-2F6074,prod_bR2Ge5rPd5eo9,https://whop.com/checkout/plan_4TXPmxm7sA3Xr,https://images.unsplash.com/photo-1563770660941-20978e870e26?w=800,94
prod_nyx_0652,Pro Heavy Weighted Aluminum Headphone Hook Mount Mark 37,Ergonomics & Desk Setup,119.00,172.08,35.02,70.6%,NYX-ERG-E43489,prod_iXdXa8pL74My0,https://whop.com/checkout/plan_CZMD4HvOhUGwQ,https://images.unsplash.com/photo-1586023492125-27b2c045efd7?w=800,83
prod_nyx_0653,Origin Matte Carbon Fiber Desk Shelf Mark 25,Workspace & Studio,75.00,95.58,26.13,65.2%,NYX-WOR-7ACF33,prod_84Rn5kkcNLkbD,https://whop.com/checkout/plan_pubCjnMrO0cvz,https://images.unsplash.com/photo-1505330622279-bf7d7fc918f4?w=800,55
prod_nyx_0654,Lumina Rapid-Trigger 65% Magnetic Mechanical Keyboard Mark 30,Peripherals & Tech,229.00,305.48,74.36,67.5%,NYX-PER-76E554,prod_JrTYFNbYtZaYv,https://whop.com/checkout/plan_tgYNDGzpkBLI7,https://images.unsplash.com/photo-1595225476474-87563907a212?w=800,116
prod_nyx_0655,Ultra 100W GaN 4-Port Fast Desktop Power Station Mark 37,Smart Gear & Power,29.00,37.03,7.13,75.4%,NYX-SMA-F95A92,prod_82vGS9upHA8Hk,https://whop.com/checkout/plan_aWUMQxDS3jsX8,https://images.unsplash.com/photo-1519389950473-47ba0277781c?w=800,88
prod_nyx_0656,Stealth Grade-5 Titanium Precision Pocket Pry Bar Mark 37,Accessories & EDC,75.00,94.80,23.38,68.8%,NYX-ACC-856658,prod_jK6YJLdI6FrSU,https://whop.com/checkout/plan_mMuCVPQkpivKE,https://images.unsplash.com/photo-1584917865442-de89df76afd3?w=800,71
prod_nyx_0657,Monolith Articulating Under-Desk Keyboard Tray Mark 37,Ergonomics & Desk Setup,75.00,107.79,27.09,63.9%,NYX-ERG-013376,prod_erQwBZp2x9ioV,https://whop.com/checkout/plan_yiE7yivUFJLNS,https://images.unsplash.com/photo-1505740420928-5e560c06d30e?w=800,76
prod_nyx_0658,Pro Monolithic MagSafe Display Stand Mark 25,Workspace & Studio,119.00,163.03,32.65,72.6%,NYX-WOR-271765,prod_lCy36Q7bJAGLy,https://whop.com/checkout/plan_NYDbMbbyZvOlN,https://images.unsplash.com/photo-1593062096033-9a26b09da705?w=800,78
prod_nyx_0659,Chronos Hall Effect 75% CNC Aluminum Keyboard Mark 30,Peripherals & Tech,179.00,255.64,56.45,68.5%,NYX-PER-919560,prod_snkW6lYrQG6el,https://whop.com/checkout/plan_rhYWlQvWs3vhx,https://images.unsplash.com/photo-1612815154858-60aa4c59eaa6?w=800,103
prod_nyx_0660,Forge Smart OLED Real-Time Power Meter Cable Mark 37,Smart Gear & Power,59.00,77.93,15.77,73.3%,NYX-SMA-2FAD32,prod_1xNiCC8RF67cU,https://whop.com/checkout/plan_m5JjlirPTgf7b,https://images.unsplash.com/photo-1544716278-ca5e3f4abd8c?w=800,109
prod_nyx_0661,Forge Precision Metric Measuring Rule in Ti-6Al-4V Mark 37,Accessories & EDC,39.00,48.95,13.64,65.0%,NYX-ACC-9C7D46,prod_9PYLGYyzXfR4S,https://whop.com/checkout/plan_CZCP0xwkk4mFP,https://images.unsplash.com/photo-1618005182384-a83a8bd57fbe?w=800,47
prod_nyx_0662,Apex Heavy Weighted Aluminum Headphone Hook Mount Mark 38,Ergonomics & Desk Setup,179.00,225.76,45.37,74.7%,NYX-ERG-047786,prod_PnjpKXHEVkPD5,https://whop.com/checkout/plan_7XaRWqP8zNaax,https://images.unsplash.com/photo-1505740420928-5e560c06d30e?w=800,51
prod_nyx_0663,Aura Acoustic Felt Studio Desk Partition Mark 25,Workspace & Studio,119.00,159.69,38.87,67.3%,NYX-WOR-D46457,prod_UMwEPh2XmiC7q,https://whop.com/checkout/plan_useZdzxUVIP62,https://images.unsplash.com/photo-1516321318423-f06f85e504b3?w=800,113
prod_nyx_0664,Aura Monolithic CNC Headphone Stand Mark 30,Peripherals & Tech,179.00,231.33,49.63,72.3%,NYX-PER-227547,prod_8hF3mFeYxXKSX,https://whop.com/checkout/plan_sIpKITIg9IPzE,https://images.unsplash.com/photo-1546435770-a3e426bf472b?w=800,114
prod_nyx_0665,Apex Foldable 3-in-1 Qi2 MagSafe Wireless Station Mark 38,Smart Gear & Power,39.00,53.59,11.35,70.9%,NYX-SMA-5D6B26,prod_cdOeBn6ZMEPiN,https://whop.com/checkout/plan_YsN4BjR4k3m8Z,https://images.unsplash.com/photo-1544716278-ca5e3f4abd8c?w=800,48
prod_nyx_0666,Quantum CNC Titanium Bolt-Action Rollerball Pen Mark 38,Accessories & EDC,59.00,83.51,17.11,71.0%,NYX-ACC-6D3848,prod_puwQ79HYMGn56,https://whop.com/checkout/plan_SG66NfBAP4nVp,https://images.unsplash.com/photo-1563770660941-20978e870e26?w=800,41
prod_nyx_0667,Artisan Dual-Joint Billet Aluminum Microphone Boom Arm Mark 38,Ergonomics & Desk Setup,75.00,95.22,24.55,67.3%,NYX-ERG-F89B35,prod_J1wPbGlFJuFwJ,https://whop.com/checkout/plan_VazQjO7yVzlMY,https://images.unsplash.com/photo-1505330622279-bf7d7fc918f4?w=800,41
prod_nyx_0668,Stealth Magnetic Pegboard Tool Plate Mark 26,Workspace & Studio,149.00,190.18,47.02,68.4%,NYX-WOR-C82678,prod_juFcmiIdZ0jwe,https://whop.com/checkout/plan_takGeZidhFQTR,https://images.unsplash.com/photo-1507473885765-e6ed057f782c?w=800,57
prod_nyx_0669,Matrix Custom Double-Shot PBT Keycap Set Mark 31,Peripherals & Tech,89.00,126.64,28.86,67.6%,NYX-PER-8DA946,prod_pVXxjVlMlVK38,https://whop.com/checkout/plan_bRBQyUyLoLk0I,https://images.unsplash.com/photo-1595225476474-87563907a212?w=800,56
prod_nyx_0670,Cipher 65W Retractable USB-C Fast Charging Hub Mark 38,Smart Gear & Power,39.00,54.67,12.11,68.9%,NYX-SMA-929660,prod_AOgfdlip2EjYc,https://whop.com/checkout/plan_xRfGMhyF8brcA,https://images.unsplash.com/photo-1616401784845-180882ba9ba8?w=800,79
prod_nyx_0671,Matrix Precision Metric Measuring Rule in Ti-6Al-4V Mark 38,Accessories & EDC,49.00,70.23,14.59,70.2%,NYX-ACC-0FDF93,prod_X8VcCwE4pjUlp,https://whop.com/checkout/plan_AaeHplayjMCwU,https://images.unsplash.com/photo-1511556532299-8f662fc26c06?w=800,65
prod_nyx_0672,Quantum Ergonomic Vertical Wireless Laser Mouse Mark 38,Ergonomics & Desk Setup,149.00,189.98,50.35,66.2%,NYX-ERG-C41E53,prod_37uTIVJfcAwYR,https://whop.com/checkout/plan_8Ay1CgZGchEQt,https://images.unsplash.com/photo-1505330622279-bf7d7fc918f4?w=800,82
prod_nyx_0673,Forge Anti-Fatigue Density Desk Standing Mat Mark 26,Workspace & Studio,39.00,51.93,14.28,63.4%,NYX-WOR-F6D459,prod_RJVXHqcce6QwC,https://whop.com/checkout/plan_vnK7yl6upmms1,https://images.unsplash.com/photo-1507473885765-e6ed057f782c?w=800,83
prod_nyx_0674,Monolith Aerospace CNC Ergonomic Keyboard Wrist Rest Mark 31,Peripherals & Tech,149.00,194.31,42.61,71.4%,NYX-PER-28E780,prod_aRYzdG3amiHWO,https://whop.com/checkout/plan_2Mbvb5h4Jr2mX,https://images.unsplash.com/photo-1595225476474-87563907a212?w=800,107
prod_nyx_0675,Element GaN Prime Ultra-Compact Travel Adapter Mark 39,Smart Gear & Power,229.00,310.60,75.75,66.9%,NYX-SMA-132998,prod_1uwrR2aaUdmXN,https://whop.com/checkout/plan_qcCRdySuj0J8E,https://images.unsplash.com/photo-1544716278-ca5e3f4abd8c?w=800,95
prod_nyx_0676,Aero Precision Metric Measuring Rule in Ti-6Al-4V Mark 39,Accessories & EDC,89.00,116.30,29.94,66.4%,NYX-ACC-45EE89,prod_eRq3v84QfXNWS,https://whop.com/checkout/plan_8YddvugBo83Zx,https://images.unsplash.com/photo-1553062407-98eeb64c6a62?w=800,120
prod_nyx_0677,Artisan Contoured Memory Foam Ergonomic Lumbar Support Mark 39,Ergonomics & Desk Setup,39.00,49.25,13.92,64.3%,NYX-ERG-847955,prod_JwLTHTapEPqcd,https://whop.com/checkout/plan_0j2IfdnPSFkZm,https://images.unsplash.com/photo-1505740420928-5e560c06d30e?w=800,90
prod_nyx_0678,Obsidian Matte Carbon Fiber Desk Shelf Mark 26,Workspace & Studio,119.00,159.65,30.56,74.3%,NYX-WOR-DC3240,prod_FsrjvsYv69ARs,https://whop.com/checkout/plan_XCOykssiSMxyM,https://images.unsplash.com/photo-1581291518857-4e27b48ff24e?w=800,59
prod_nyx_0679,Obsidian Rapid-Trigger 65% Magnetic Mechanical Keyboard Mark 31,Peripherals & Tech,29.00,41.37,8.13,72.0%,NYX-PER-BA8192,prod_HioPiqx6qlj2J,https://whop.com/checkout/plan_EfJm87f1ebtfU,https://images.unsplash.com/photo-1529236183275-4fdcf2bc987e?w=800,42
prod_nyx_0680,Pro Magnetic 10000mAh Ultra-Slim Power Bank Mark 39,Smart Gear & Power,179.00,253.97,62.54,65.1%,NYX-SMA-C8E869,prod_97Qov6GfGsrS3,https://whop.com/checkout/plan_yYKYit14TB2Kh,https://images.unsplash.com/photo-1616401784845-180882ba9ba8?w=800,110
prod_nyx_0681,Lumina Aero Carbon Fiber Utility Scalpel Blade Mark 39,Accessories & EDC,49.00,62.87,13.65,72.1%,NYX-ACC-754C94,prod_dlFaghqz87PE3,https://whop.com/checkout/plan_st3PLzIdFRz3X,https://images.unsplash.com/photo-1563770660941-20978e870e26?w=800,36
prod_nyx_0682,Ultra Heavy Weighted Aluminum Headphone Hook Mount Mark 39,Ergonomics & Desk Setup,229.00,307.37,83.38,63.6%,NYX-ERG-D1E874,prod_tLhtZ9838aKRk,https://whop.com/checkout/plan_LnvU3I7T5EMTh,https://images.unsplash.com/photo-1499750310107-5fef28a66643?w=800,118
prod_nyx_0683,Aero Dual-Sided Vegan Obsidian Desk Pad Mark 26,Workspace & Studio,29.00,38.90,9.20,68.3%,NYX-WOR-94DE58,prod_3LDU39C2PEEC6,https://whop.com/checkout/plan_NKS0wq18tXUJC,https://images.unsplash.com/photo-1505330622279-bf7d7fc918f4?w=800,93
prod_nyx_0684,Origin Ultra-Light Carbon Composite Gaming Mouse Mark 32,Peripherals & Tech,149.00,213.72,54.66,63.3%,NYX-PER-088311,prod_MgMVkj4cOta1Q,https://whop.com/checkout/plan_wwzQiDvUzCzuh,https://images.unsplash.com/photo-1587829741301-dc798b83add3?w=800,42
prod_nyx_0685,Ultra Monolithic Billet 65W Wireless Charger Stand Mark 39,Smart Gear & Power,119.00,153.16,36.50,69.3%,NYX-SMA-FC8556,prod_23LonRowtgCz8,https://whop.com/checkout/plan_nB46pRyWzjzQR,https://images.unsplash.com/photo-1544716278-ca5e3f4abd8c?w=800,119
prod_nyx_0686,Pulse Precision Metric Measuring Rule in Ti-6Al-4V Mark 40,Accessories & EDC,179.00,241.72,64.09,64.2%,NYX-ACC-BCF757,prod_HDBFZpHmQ7AGe,https://whop.com/checkout/plan_kwK7ZWNLE71Lh,https://images.unsplash.com/photo-1511556532299-8f662fc26c06?w=800,92
prod_nyx_0687,Quantum Gel-Infused Cooling Wrist Rest for Trackpad Mark 40,Ergonomics & Desk Setup,89.00,118.36,32.24,63.8%,NYX-ERG-F0A119,prod_b6MbA3G5KWlPA,https://whop.com/checkout/plan_gW8EA7iqii9rD,https://images.unsplash.com/photo-1586023492125-27b2c045efd7?w=800,74
prod_nyx_0688,Horizon Magnetic Pegboard Tool Plate Mark 27,Workspace & Studio,75.00,94.41,24.25,67.7%,NYX-WOR-02DA30,prod_1FXicfGM9fYzC,https://whop.com/checkout/plan_CefL6FLxlHMow,https://images.unsplash.com/photo-1507473885765-e6ed057f782c?w=800,106
prod_nyx_0689,Chronos Gasket-Mount 60% Low-Profile Keyboard Mark 32,Peripherals & Tech,179.00,257.69,61.18,65.8%,NYX-PER-0ABE17,prod_ig4NVJ860WixI,https://whop.com/checkout/plan_yBpVpZc3KMnrO,https://images.unsplash.com/photo-1541140532154-b024d705b909?w=800,99
prod_nyx_0690,Specter GaN Prime Ultra-Compact Travel Adapter Mark 40,Smart Gear & Power,39.00,56.10,12.55,67.8%,NYX-SMA-49EE29,prod_Jv8kBshBGq87v,https://whop.com/checkout/plan_eTiGxnmcJ0Z4a,https://images.unsplash.com/photo-1544716278-ca5e3f4abd8c?w=800,114
prod_nyx_0691,Monolith Grade-5 Titanium Precision Pocket Pry Bar Mark 40,Accessories & EDC,89.00,127.58,29.38,67.0%,NYX-ACC-D86395,prod_aT83P2KOoPJdM,https://whop.com/checkout/plan_7JmDKBa1mv9WP,https://images.unsplash.com/photo-1584917865442-de89df76afd3?w=800,119
prod_nyx_0692,Artisan Magnetic Cable Routing Spine for Standing Desks Mark 40,Ergonomics & Desk Setup,39.00,54.16,13.19,66.2%,NYX-ERG-CB8139,prod_aQUERAK9s0zoM,https://whop.com/checkout/plan_HgyzrbYynUXIy,https://images.unsplash.com/photo-1505330622279-bf7d7fc918f4?w=800,39
prod_nyx_0693,Matrix CNC Walnut Desk Shelf Tray Mark 27,Workspace & Studio,59.00,79.66,17.48,70.4%,NYX-WOR-042A37,prod_5IRkgTO2djXBN,https://whop.com/checkout/plan_1r8UcIdvyfMQK,https://images.unsplash.com/photo-1507473885765-e6ed057f782c?w=800,45
prod_nyx_0694,Specter Aerospace CNC Ergonomic Keyboard Wrist Rest Mark 32,Peripherals & Tech,29.00,36.86,9.38,67.7%,NYX-PER-878C24,prod_VuYjbp02RVsbK,https://whop.com/checkout/plan_jJvdpvLWtnDnV,https://images.unsplash.com/photo-1529236183275-4fdcf2bc987e?w=800,84
prod_nyx_0695,Vanguard Foldable 3-in-1 Qi2 MagSafe Wireless Station Mark 40,Smart Gear & Power,39.00,49.35,12.11,68.9%,NYX-SMA-83F069,prod_rljrIkOItWK8C,https://whop.com/checkout/plan_wVY3t0mZFAzdC,https://images.unsplash.com/photo-1616401784845-180882ba9ba8?w=800,44
prod_nyx_0696,Zenith Titanium Quick-Release Shackle Carabiner Mark 40,Accessories & EDC,29.00,36.97,8.89,69.3%,NYX-ACC-078974,prod_wTwrlx7Cl7CPC,https://whop.com/checkout/plan_KkM8GpbWJLrEi,https://images.unsplash.com/photo-1627123424574-724758594e93?w=800,41
prod_nyx_0697,Origin Ergonomic Vertical Wireless Laser Mouse Mark 40,Ergonomics & Desk Setup,49.00,64.92,11.88,75.8%,NYX-ERG-28F615,prod_tFnV3NauS81An,https://whop.com/checkout/plan_bEwFmhfWCmrjm,https://images.unsplash.com/photo-1586023492125-27b2c045efd7?w=800,71
prod_nyx_0698,Specter Billet Aluminum Monitor Arm Mount Mark 27,Workspace & Studio,39.00,52.34,13.52,65.3%,NYX-WOR-25C178,prod_3HAhA8eHrTIlj,https://whop.com/checkout/plan_lwQIEo3bRJ9KX,https://images.unsplash.com/photo-1544717305-2782549b5136?w=800,61
prod_nyx_0699,Apex Precision Billet Aluminum Volume Knob Macropad Mark 33,Peripherals & Tech,39.00,55.83,13.60,65.1%,NYX-PER-70DF11,prod_DXjDVQAGYWUpp,https://whop.com/checkout/plan_0nSvtbqq5wACN,https://images.unsplash.com/photo-1563245372-f21724e3856d?w=800,109
prod_nyx_0700,Element 100W GaN 4-Port Fast Desktop Power Station Mark 41,Smart Gear & Power,39.00,49.36,10.47,73.2%,NYX-SMA-833729,prod_wSuyUZjXZn880,https://whop.com/checkout/plan_ELolqrhgvOcZR,https://images.unsplash.com/photo-1519389950473-47ba0277781c?w=800,73
prod_nyx_0701,Quantum Monolithic Brass Desk Tops Fidget Spinner Mark 41,Accessories & EDC,229.00,299.00,86.94,62.0%,NYX-ACC-F42729,prod_79CPxoV7NObDB,https://whop.com/checkout/plan_FJsR41t3LHPZP,https://images.unsplash.com/photo-1618005182384-a83a8bd57fbe?w=800,48
prod_nyx_0702,Aura 360 Swivel Tablet and Secondary Screen Clamp Mark 41,Ergonomics & Desk Setup,119.00,166.14,28.65,75.9%,NYX-ERG-8D8816,prod_gFy4EXDiQHJtX,https://whop.com/checkout/plan_wPhJpGgKAPw0b,https://images.unsplash.com/photo-1499750310107-5fef28a66643?w=800,79
prod_nyx_0703,Element Magnetic Desk Cable Anchor Mark 27,Workspace & Studio,49.00,63.86,17.77,63.7%,NYX-WOR-F15D89,prod_HOxkfQEWqAUzv,https://whop.com/checkout/plan_Oq7XyFW7mA7q6,https://images.unsplash.com/photo-1524758631624-e2822e304c36?w=800,78
prod_nyx_0704,Specter Monolithic CNC Headphone Stand Mark 33,Peripherals & Tech,89.00,117.19,21.99,75.3%,NYX-PER-F0F644,prod_edkSMbSaUKxlE,https://whop.com/checkout/plan_LWrpGDGQi4Qt9,https://images.unsplash.com/photo-1541140532154-b024d705b909?w=800,63
prod_nyx_0705,Specter Monolithic Billet 65W Wireless Charger Stand Mark 41,Smart Gear & Power,119.00,169.45,42.70,64.1%,NYX-SMA-552585,prod_gSxAO0iWbzPZp,https://whop.com/checkout/plan_uUfMGNV9xwC9M,https://images.unsplash.com/photo-1609081219090-a6d81d3085bf?w=800,83
prod_nyx_0706,Zenith Titanium Capsule Waterproof EDC Storage Pill Mark 41,Accessories & EDC,59.00,80.33,20.79,64.8%,NYX-ACC-211A21,prod_WuhvYV1EA7N77,https://whop.com/checkout/plan_xmTArtmvABDIg,https://images.unsplash.com/photo-1563770660941-20978e870e26?w=800,36
prod_nyx_0707,Specter 360 Swivel Tablet and Secondary Screen Clamp Mark 41,Ergonomics & Desk Setup,149.00,195.47,51.42,65.5%,NYX-ERG-65C356,prod_inctVUjFrCitu,https://whop.com/checkout/plan_Ab3WV3u08QCDO,https://images.unsplash.com/photo-1499750310107-5fef28a66643?w=800,113
prod_nyx_0708,Obsidian Billet Aluminum Monitor Arm Mount Mark 28,Workspace & Studio,59.00,82.61,22.11,62.5%,NYX-WOR-E29041,prod_vlCOzv298uWzD,https://whop.com/checkout/plan_Lh0pCWLaP4sL1,https://images.unsplash.com/photo-1593062096033-9a26b09da705?w=800,76
prod_nyx_0709,Lumina Ultra-Light Carbon Composite Gaming Mouse Mark 33,Peripherals & Tech,59.00,84.21,19.22,67.4%,NYX-PER-8BBF92,prod_YllsvWFxn4gHd,https://whop.com/checkout/plan_2laOxLutuAmBD,https://images.unsplash.com/photo-1529236183275-4fdcf2bc987e?w=800,98
prod_nyx_0710,Matrix Braided Liquid Silicone 240W Fast Cable Mark 42,Smart Gear & Power,29.00,36.97,8.58,70.4%,NYX-SMA-185514,prod_FqSJJa4zFrdQo,https://whop.com/checkout/plan_dH1l2SLsKEIcc,https://images.unsplash.com/photo-1558002038-1055907df827?w=800,109
prod_nyx_0711,Matrix Aero Carbon Fiber Utility Scalpel Blade Mark 42,Accessories & EDC,29.00,41.95,8.09,72.1%,NYX-ACC-6CA865,prod_USSZfuZKFS3CE,https://whop.com/checkout/plan_ppYe0QthbQ9aA,https://images.unsplash.com/photo-1563770660941-20978e870e26?w=800,90
prod_nyx_0712,Vanguard Ergonomic Adjustable Height Footrest Platform Mark 42,Ergonomics & Desk Setup,29.00,40.88,6.98,75.9%,NYX-ERG-BB6F77,prod_6k5KJ564v92dJ,https://whop.com/checkout/plan_Fy4sU0Q0KlpSs,https://images.unsplash.com/photo-1505740420928-5e560c06d30e?w=800,88
prod_nyx_0713,Cipher Anti-Fatigue Density Desk Standing Mat Mark 28,Workspace & Studio,149.00,186.89,43.45,70.8%,NYX-WOR-1EB095,prod_epr6flbXTLFzY,https://whop.com/checkout/plan_uas6UcG0Z71M6,https://images.unsplash.com/photo-1588872657578-7efd1f1555ed?w=800,103
prod_nyx_0714,Titan Dual ESS Sabre Balanced Headphone Amplifier Mark 34,Peripherals & Tech,149.00,212.03,37.86,74.6%,NYX-PER-B8C868,prod_hEIdXoYg9SmTi,https://whop.com/checkout/plan_ub5PdMh2K0P2R,https://images.unsplash.com/photo-1541140532154-b024d705b909?w=800,67
prod_nyx_0715,Chronos GaN Prime Ultra-Compact Travel Adapter Mark 42,Smart Gear & Power,119.00,170.43,45.00,62.2%,NYX-SMA-012F96,prod_rjFu0UD8Czn3S,https://whop.com/checkout/plan_p9H8hKQcfRyKQ,https://images.unsplash.com/photo-1585338107529-13afc5f02586?w=800,106
prod_nyx_0716,Forge Grade-5 Titanium Precision Pocket Pry Bar Mark 42,Accessories & EDC,75.00,103.80,23.17,69.1%,NYX-ACC-005366,prod_kn6mySdiGlxFZ,https://whop.com/checkout/plan_AEYRt2WN1ZoNl,https://images.unsplash.com/photo-1553062407-98eeb64c6a62?w=800,105
prod_nyx_0717,Vanguard Heavy Weighted Aluminum Headphone Hook Mount Mark 42,Ergonomics & Desk Setup,179.00,248.81,43.24,75.8%,NYX-ERG-5A3881,prod_h39sLEpRg1XrA,https://whop.com/checkout/plan_KlpUikSyEkVrZ,https://images.unsplash.com/photo-1505740420928-5e560c06d30e?w=800,119
prod_nyx_0718,Element Anti-Fatigue Density Desk Standing Mat Mark 28,Workspace & Studio,89.00,115.24,28.90,67.5%,NYX-WOR-5E9E93,prod_L0figKC33NggN,https://whop.com/checkout/plan_f7uVzVpBDG4ou,https://images.unsplash.com/photo-1497215728101-856f4ea42174?w=800,64
prod_nyx_0719,Matrix Hall Effect 75% CNC Aluminum Keyboard Mark 34,Peripherals & Tech,149.00,193.89,55.19,63.0%,NYX-PER-B29578,prod_UHMKxgyJm7lHV,https://whop.com/checkout/plan_zhtpWl8erG4Fq,https://images.unsplash.com/photo-1529236183275-4fdcf2bc987e?w=800,117
prod_nyx_0720,Lumina Smart OLED Real-Time Power Meter Cable Mark 42,Smart Gear & Power,59.00,76.40,21.82,63.0%,NYX-SMA-3A3615,prod_15Zf8wxGtL5gc,https://whop.com/checkout/plan_UXqBkRGZgKMLJ,https://images.unsplash.com/photo-1558002038-1055907df827?w=800,116
prod_nyx_0721,Obsidian Aero Carbon Fiber Utility Scalpel Blade Mark 42,Accessories & EDC,89.00,123.50,33.80,62.0%,NYX-ACC-0A0676,prod_2jPwypJmESK1I,https://whop.com/checkout/plan_CX8fK48ulOxjE,https://images.unsplash.com/photo-1627123424574-724758594e93?w=800,48
prod_nyx_0722,Lumina Heavy Weighted Aluminum Headphone Hook Mount Mark 43,Ergonomics & Desk Setup,229.00,302.19,75.10,67.2%,NYX-ERG-D54071,prod_NpdIoDwQObe84,https://whop.com/checkout/plan_efPlY6P8tDuPZ,https://images.unsplash.com/photo-1586023492125-27b2c045efd7?w=800,84
prod_nyx_0723,Titan Studio Reference Speaker Wedges Mark 29,Workspace & Studio,119.00,163.77,35.53,70.1%,NYX-WOR-66BF95,prod_l7ys74qvP9VCy,https://whop.com/checkout/plan_E1LYDB5qGOrag,https://images.unsplash.com/photo-1518770660439-4636190af475?w=800,76
prod_nyx_0724,Apex Pre-Lubed Magnetic Hall Effect Switch Set Mark 34,Peripherals & Tech,149.00,195.29,46.51,68.8%,NYX-PER-BCCB45,prod_TStw8NmHsEHPM,https://whop.com/checkout/plan_iSy8zawUASocu,https://images.unsplash.com/photo-1587829741301-dc798b83add3?w=800,120
prod_nyx_0725,Apex Smart LED Ambient Desk Glow Strip Pro Mark 43,Smart Gear & Power,179.00,244.45,48.19,73.1%,NYX-SMA-E4A737,prod_BRrMVJ5cCtUXO,https://whop.com/checkout/plan_P0I4S6i003Q3A,https://images.unsplash.com/photo-1558002038-1055907df827?w=800,79
prod_nyx_0726,Quantum Titanium Capsule Waterproof EDC Storage Pill Mark 43,Accessories & EDC,75.00,107.28,20.43,72.8%,NYX-ACC-6FF578,prod_9Tcp06eT0AWkk,https://whop.com/checkout/plan_5BvLJ5HWuVJEl,https://images.unsplash.com/photo-1584917865442-de89df76afd3?w=800,112
prod_nyx_0727,Titan Pneumatic Counterbalance Heavy Monitor Arm Mark 43,Ergonomics & Desk Setup,75.00,103.76,26.71,64.4%,NYX-ERG-A1E632,prod_DN6eE5KSFkN0p,https://whop.com/checkout/plan_WTbdF1jOspZtA,https://images.unsplash.com/photo-1586023492125-27b2c045efd7?w=800,91
prod_nyx_0728,Origin Monolithic Laptop Riser Stand Mark 29,Workspace & Studio,179.00,245.81,57.32,68.0%,NYX-WOR-815419,prod_n2OvYfvMCyOrg,https://whop.com/checkout/plan_QOFdAXuKH3VMq,https://images.unsplash.com/photo-1497215728101-856f4ea42174?w=800,55
prod_nyx_0729,Aura Hall Effect 75% CNC Aluminum Keyboard Mark 35,Peripherals & Tech,119.00,160.37,28.84,75.8%,NYX-PER-AEF788,prod_bG6s9P0pPKwMD,https://whop.com/checkout/plan_z0tvBhwV6L987,https://images.unsplash.com/photo-1541140532154-b024d705b909?w=800,79
prod_nyx_0730,Ultra Smart OLED Real-Time Power Meter Cable Mark 43,Smart Gear & Power,179.00,226.10,56.94,68.2%,NYX-SMA-6D3936,prod_oTMViPjuo2dIA,https://whop.com/checkout/plan_IeQ4iycQC52mD,https://images.unsplash.com/photo-1616401784845-180882ba9ba8?w=800,54
prod_nyx_0731,Stealth DLC Coated Multi-Tool Pocket Stylus Mark 43,Accessories & EDC,149.00,203.62,39.84,73.3%,NYX-ACC-250050,prod_U2hpkyCKHncON,https://whop.com/checkout/plan_KZzaSU5TQwHkI,https://images.unsplash.com/photo-1618005182384-a83a8bd57fbe?w=800,40
prod_nyx_0732,Pulse 360 Swivel Tablet and Secondary Screen Clamp Mark 43,Ergonomics & Desk Setup,229.00,288.63,66.52,71.0%,NYX-ERG-93C515,prod_1G8ZJUBMVVyNz,https://whop.com/checkout/plan_u4rcY8QqueIjU,https://images.unsplash.com/photo-1586023492125-27b2c045efd7?w=800,95
prod_nyx_0733,Specter Magnetic Desk Cable Anchor Mark 29,Workspace & Studio,75.00,105.33,23.25,69.0%,NYX-WOR-1A5F72,prod_UZaDhr08TTQIX,https://whop.com/checkout/plan_89EGysiKSf484,https://images.unsplash.com/photo-1581291518857-4e27b48ff24e?w=800,55
prod_nyx_0734,Pro Ultra-Light Carbon Composite Gaming Mouse Mark 35,Peripherals & Tech,89.00,124.42,21.71,75.6%,NYX-PER-618C84,prod_VpybSPhctRoYM,https://whop.com/checkout/plan_H5Ca272tM5E1U,https://images.unsplash.com/photo-1527864550417-7fd91fc51a46?w=800,63
prod_nyx_0735,Quantum 65W Retractable USB-C Fast Charging Hub Mark 44,Smart Gear & Power,179.00,247.92,53.93,69.9%,NYX-SMA-669C50,prod_kFXGkKWTqYGfR,https://whop.com/checkout/plan_Im7c1RlZJSIDr,https://images.unsplash.com/photo-1609081219090-a6d81d3085bf?w=800,96
prod_nyx_0736,Lumina Titanium Capsule Waterproof EDC Storage Pill Mark 44,Accessories & EDC,29.00,41.84,7.22,75.1%,NYX-ACC-71F385,prod_muYTvaRZTZ6Mb,https://whop.com/checkout/plan_5umXewOY8Q40r,https://images.unsplash.com/photo-1618005182384-a83a8bd57fbe?w=800,87
prod_nyx_0737,Chronos Silicone Cable Sorter Desktop Organizer Mark 44,Ergonomics & Desk Setup,89.00,128.60,32.62,63.3%,NYX-ERG-A3A888,prod_rYHqffOHo1M1a,https://whop.com/checkout/plan_2gPyHJN1BQRXM,https://images.unsplash.com/photo-1505740420928-5e560c06d30e?w=800,116
prod_nyx_0738,Lumina Under-Desk Steel Cable Conduit Mark 29,Workspace & Studio,75.00,107.52,24.26,67.7%,NYX-WOR-683D72,prod_N5NdTwkbis8ne,https://whop.com/checkout/plan_pJnRgBgtTKzh9,https://images.unsplash.com/photo-1497215728101-856f4ea42174?w=800,50
prod_nyx_0739,Origin Precision Billet Aluminum Volume Knob Macropad Mark 35,Peripherals & Tech,149.00,204.18,47.50,68.1%,NYX-PER-B2F762,prod_Eym1sntsSE6HO,https://whop.com/checkout/plan_3F7rZNToyF9Bk,https://images.unsplash.com/photo-1595225476474-87563907a212?w=800,78
prod_nyx_0740,Horizon 140W Dual USB-C GaN Travel Wall Adapter Mark 44,Smart Gear & Power,49.00,70.99,14.10,71.2%,NYX-SMA-2A4177,prod_V2z4GhnqMK5DS,https://whop.com/checkout/plan_WCeZPt5wezSvJ,https://images.unsplash.com/photo-1609081219090-a6d81d3085bf?w=800,65
prod_nyx_0741,Stealth Monolithic Brass Desk Tops Fidget Spinner Mark 44,Accessories & EDC,59.00,73.91,18.64,68.4%,NYX-ACC-2C9618,prod_r27WAc3pjkfi5,https://whop.com/checkout/plan_DYd1DViDc7spn,https://images.unsplash.com/photo-1563770660941-20978e870e26?w=800,53
prod_nyx_0742,Ultra Ergonomic Vertical Wireless Laser Mouse Mark 44,Ergonomics & Desk Setup,29.00,41.83,7.36,74.6%,NYX-ERG-D2DD68,prod_8qMywk1RGPCW9,https://whop.com/checkout/plan_mO8kichkPhGX1,https://images.unsplash.com/photo-1499750310107-5fef28a66643?w=800,119
prod_nyx_0743,Horizon Anodized Aluminum Tablet Dock Mark 30,Workspace & Studio,179.00,243.21,58.11,67.5%,NYX-WOR-A6A113,prod_PpBddYhpTnT5y,https://whop.com/checkout/plan_6faHRTzWU8QOg,https://images.unsplash.com/photo-1518770660439-4636190af475?w=800,49
prod_nyx_0744,Matrix Glass Surface Precision Gaming Mousepad Mark 36,Peripherals & Tech,89.00,124.46,24.99,71.9%,NYX-PER-540750,prod_AwxgzcrMSp7cT,https://whop.com/checkout/plan_gQ7gYtZQ1tf8D,https://images.unsplash.com/photo-1529236183275-4fdcf2bc987e?w=800,87
prod_nyx_0745,Element Magnetic 10000mAh Ultra-Slim Power Bank Mark 44,Smart Gear & Power,229.00,329.56,75.28,67.1%,NYX-SMA-796E98,prod_jbzPZDku97KAF,https://whop.com/checkout/plan_szU3VK8ZhJjM9,https://images.unsplash.com/photo-1558002038-1055907df827?w=800,86
prod_nyx_0746,Quantum Modular Magnetic EDC Key Organizer Rail Mark 45,Accessories & EDC,59.00,84.02,14.59,75.3%,NYX-ACC-F99671,prod_S9gl0fL5khVhE,https://whop.com/checkout/plan_eMZJOqFWLoD9X,https://images.unsplash.com/photo-1511556532299-8f662fc26c06?w=800,48
prod_nyx_0747,Lumina Ergonomic Vertical Wireless Laser Mouse Mark 45,Ergonomics & Desk Setup,229.00,300.54,80.15,65.0%,NYX-ERG-520E82,prod_vWThBTwGto56w,https://whop.com/checkout/plan_CJ05jBL4ZcQZD,https://images.unsplash.com/photo-1499750310107-5fef28a66643?w=800,49
prod_nyx_0748,Origin Monolithic MagSafe Display Stand Mark 30,Workspace & Studio,75.00,103.24,26.68,64.4%,NYX-WOR-CF6114,prod_3IT0NbHTAbovq,https://whop.com/checkout/plan_6raX2wpEwU4Qv,https://images.unsplash.com/photo-1516321318423-f06f85e504b3?w=800,105
prod_nyx_0749,Chronos Rapid-Trigger 65% Magnetic Mechanical Keyboard Mark 36,Peripherals & Tech,29.00,38.63,8.59,70.4%,NYX-PER-EE9057,prod_zD3VvcSxdPAmf,https://whop.com/checkout/plan_hKNskGFEJfTWl,https://images.unsplash.com/photo-1618384887929-16ec33fab9ef?w=800,55
prod_nyx_0750,Origin Smart LED Ambient Desk Glow Strip Pro Mark 45,Smart Gear & Power,119.00,148.95,39.57,66.7%,NYX-SMA-590724,prod_my3MI5DIRNTGX,https://whop.com/checkout/plan_LbK5xOgILC1FS,https://images.unsplash.com/photo-1558002038-1055907df827?w=800,91
prod_nyx_0751,Aero Modular Magnetic EDC Key Organizer Rail Mark 45,Accessories & EDC,179.00,227.53,50.13,72.0%,NYX-ACC-050B73,prod_U1SnsfRBrvP9y,https://whop.com/checkout/plan_mbh6NWV25qaK1,https://images.unsplash.com/photo-1563770660941-20978e870e26?w=800,45
prod_nyx_0752,Cipher Heavy Weighted Aluminum Headphone Hook Mount Mark 45,Ergonomics & Desk Setup,39.00,50.84,12.87,67.0%,NYX-ERG-621A15,prod_RVnbrKOQ2xKpd,https://whop.com/checkout/plan_2N1PZLkwr18oj,https://images.unsplash.com/photo-1516321318423-f06f85e504b3?w=800,40
prod_nyx_0753,Element Rotary Desk Dial Remote Controller Mark 30,Workspace & Studio,119.00,162.42,39.88,66.5%,NYX-WOR-A9A329,prod_RVSSW1yJJ5QdN,https://whop.com/checkout/plan_l2M4yrxArkvZw,https://images.unsplash.com/photo-1507473885765-e6ed057f782c?w=800,91
prod_nyx_0754,Cipher Gasket-Mount 60% Low-Profile Keyboard Mark 36,Peripherals & Tech,29.00,41.06,10.75,62.9%,NYX-PER-A0FF74,prod_HjZBosZvvnqSU,https://whop.com/checkout/plan_5KHlC5wCNE6Rm,https://images.unsplash.com/photo-1527864550417-7fd91fc51a46?w=800,83
prod_nyx_0755,Lumina Smart LED Ambient Desk Glow Strip Pro Mark 45,Smart Gear & Power,75.00,95.94,26.62,64.5%,NYX-SMA-3B6C57,prod_1tmJbkG2ASRk1,https://whop.com/checkout/plan_Wf49FmZKoS63w,https://images.unsplash.com/photo-1558002038-1055907df827?w=800,105
prod_nyx_0756,Matrix Artisan Leather Watch and Hardware Roll Mark 45,Accessories & EDC,29.00,40.25,10.71,63.1%,NYX-ACC-4CBF63,prod_1E2ZI6svRRp7H,https://whop.com/checkout/plan_ko6qZUl2TVXbz,https://images.unsplash.com/photo-1627123424574-724758594e93?w=800,62
prod_nyx_0757,Stealth Silicone Cable Sorter Desktop Organizer Mark 45,Ergonomics & Desk Setup,179.00,224.98,52.21,70.8%,NYX-ERG-7FF890,prod_I0rnjQB7fdC98,https://whop.com/checkout/plan_BAFIdW3b2PSde,https://images.unsplash.com/photo-1499750310107-5fef28a66643?w=800,62
prod_nyx_0758,Ultra Under-Desk Steel Cable Conduit Mark 31,Workspace & Studio,119.00,165.67,44.30,62.8%,NYX-WOR-C31449,prod_CWXwkwJcCFI1l,https://whop.com/checkout/plan_bM5FWlB4O7WB5,https://images.unsplash.com/photo-1593062096033-9a26b09da705?w=800,92
prod_nyx_0759,Monolith Hall Effect 75% CNC Aluminum Keyboard Mark 37,Peripherals & Tech,75.00,107.23,20.73,72.4%,NYX-PER-52C834,prod_tcrVswfuaqxFw,https://whop.com/checkout/plan_901Appmwdwy3k,https://images.unsplash.com/photo-1541140532154-b024d705b909?w=800,108
prod_nyx_0760,Monolith Smart OLED Real-Time Power Meter Cable Mark 46,Smart Gear & Power,119.00,156.60,30.12,74.7%,NYX-SMA-6C7C38,prod_e0RnkYiUBj074,https://whop.com/checkout/plan_HS6jGvOc5Z6sh,https://images.unsplash.com/photo-1544716278-ca5e3f4abd8c?w=800,72
prod_nyx_0761,Vektor Titanium Capsule Waterproof EDC Storage Pill Mark 46,Accessories & EDC,149.00,200.10,37.12,75.1%,NYX-ACC-818D17,prod_mJcyCm9VLDgLt,https://whop.com/checkout/plan_4u00sVBtEPna2,https://images.unsplash.com/photo-1563770660941-20978e870e26?w=800,117
prod_nyx_0762,Aero Ergonomic Adjustable Height Footrest Platform Mark 46,Ergonomics & Desk Setup,149.00,214.33,45.47,69.5%,NYX-ERG-AB6B32,prod_ddcW7xAX58vPP,https://whop.com/checkout/plan_x2xUtA8AxuuyJ,https://images.unsplash.com/photo-1505740420928-5e560c06d30e?w=800,117
prod_nyx_0763,Forge Anodized Aluminum Tablet Dock Mark 31,Workspace & Studio,179.00,235.64,44.72,75.0%,NYX-WOR-224464,prod_V0gTwp8OKWByQ,https://whop.com/checkout/plan_BKjb2nlJ88H68,https://images.unsplash.com/photo-1544717305-2782549b5136?w=800,77
prod_nyx_0764,Pro Pre-Lubed Magnetic Hall Effect Switch Set Mark 37,Peripherals & Tech,39.00,55.86,10.84,72.2%,NYX-PER-D3CE32,prod_cJw9kc7AdZyyt,https://whop.com/checkout/plan_81tN6M8MgHE3W,https://images.unsplash.com/photo-1612815154858-60aa4c59eaa6?w=800,62
prod_nyx_0765,Vektor 65W Retractable USB-C Fast Charging Hub Mark 46,Smart Gear & Power,179.00,251.90,57.75,67.7%,NYX-SMA-62BA80,prod_scKMjzaatUB0Z,https://whop.com/checkout/plan_NaeIWpO52fydI,https://images.unsplash.com/photo-1558002038-1055907df827?w=800,112
prod_nyx_0766,Aura Precision Metric Measuring Rule in Ti-6Al-4V Mark 46,Accessories & EDC,75.00,102.00,26.70,64.4%,NYX-ACC-ACA124,prod_Dk6qFRQvGKPUO,https://whop.com/checkout/plan_667GgquXkJl8H,https://images.unsplash.com/photo-1627123424574-724758594e93?w=800,108
prod_nyx_0767,Stealth Ergonomic Adjustable Height Footrest Platform Mark 46,Ergonomics & Desk Setup,39.00,55.26,10.52,73.0%,NYX-ERG-649D93,prod_WdYdCEEkhGPGA,https://whop.com/checkout/plan_WtsgwnRbPJxu3,https://images.unsplash.com/photo-1516321318423-f06f85e504b3?w=800,60
prod_nyx_0768,Monolith Minimalist Walnut Pen Tray and Stand Mark 31,Workspace & Studio,149.00,193.24,43.23,71.0%,NYX-WOR-A16234,prod_aTPWdYwDDUeWB,https://whop.com/checkout/plan_nzNIBWgQZAoQW,https://images.unsplash.com/photo-1593062096033-9a26b09da705?w=800,82
prod_nyx_0769,Pulse Custom Coiled Aviator USB-C Cable Mark 37,Peripherals & Tech,49.00,67.94,12.74,74.0%,NYX-PER-13DC50,prod_suRcZmhzix9Yu,https://whop.com/checkout/plan_T73rsfjXFogOi,https://images.unsplash.com/photo-1612815154858-60aa4c59eaa6?w=800,89
prod_nyx_0770,Cipher Smart LED Ambient Desk Glow Strip Pro Mark 47,Smart Gear & Power,119.00,172.34,42.06,64.7%,NYX-SMA-430165,prod_WtKr8ooDFD5kf,https://whop.com/checkout/plan_SJ2wPvqBxPlah,https://images.unsplash.com/photo-1609081219090-a6d81d3085bf?w=800,87
prod_nyx_0771,Monolith Monolithic Brass Desk Tops Fidget Spinner Mark 47,Accessories & EDC,29.00,38.64,8.69,70.0%,NYX-ACC-8F1711,prod_fs2B3zfUYECH0,https://whop.com/checkout/plan_K8U2e41CTR81w,https://images.unsplash.com/photo-1553062407-98eeb64c6a62?w=800,45
prod_nyx_0772,Lumina Gel-Infused Cooling Wrist Rest for Trackpad Mark 47,Ergonomics & Desk Setup,179.00,232.78,60.12,66.4%,NYX-ERG-543840,prod_cimLuImbzo3NQ,https://whop.com/checkout/plan_K78HJA2KkkppI,https://images.unsplash.com/photo-1516321318423-f06f85e504b3?w=800,117
prod_nyx_0773,Specter Billet Aluminum Monitor Arm Mount Mark 31,Workspace & Studio,179.00,255.53,55.57,69.0%,NYX-WOR-848078,prod_xS4VvWgMh9KUx,https://whop.com/checkout/plan_2SQClg1ROwWme,https://images.unsplash.com/photo-1588872657578-7efd1f1555ed?w=800,45
prod_nyx_0774,Apex Custom Coiled Aviator USB-C Cable Mark 38,Peripherals & Tech,229.00,314.06,70.29,69.3%,NYX-PER-22BD21,prod_kUjwFZL2Zykfc,https://whop.com/checkout/plan_ImeMVLQpqf9hU,https://images.unsplash.com/photo-1563245372-f21724e3856d?w=800,106
prod_nyx_0775,Titan 140W Dual USB-C GaN Travel Wall Adapter Mark 47,Smart Gear & Power,39.00,52.19,13.74,64.8%,NYX-SMA-555D86,prod_1iKWytgd78OSo,https://whop.com/checkout/plan_9TikfXRQfHr4M,https://images.unsplash.com/photo-1609081219090-a6d81d3085bf?w=800,87
prod_nyx_0776,Lumina Modular Magnetic EDC Key Organizer Rail Mark 47,Accessories & EDC,75.00,104.23,21.48,71.4%,NYX-ACC-74C784,prod_tSl9IYnruPRh4,https://whop.com/checkout/plan_3rVjW3xVwnKve,https://images.unsplash.com/photo-1584917865442-de89df76afd3?w=800,71
prod_nyx_0777,Zenith Articulating Under-Desk Keyboard Tray Mark 47,Ergonomics & Desk Setup,179.00,225.45,66.84,62.7%,NYX-ERG-8F7168,prod_ZjvTEMlcCGeR0,https://whop.com/checkout/plan_uR89aYb5E3vzn,https://images.unsplash.com/photo-1505330622279-bf7d7fc918f4?w=800,35
prod_nyx_0778,Aura Billet Aluminum Monitor Arm Mount Mark 32,Workspace & Studio,89.00,115.26,31.54,64.6%,NYX-WOR-163C45,prod_eXUA6DNOrmCNi,https://whop.com/checkout/plan_jqmmDWWWenxbj,https://images.unsplash.com/photo-1544717305-2782549b5136?w=800,49
prod_nyx_0779,Quantum Ultra-Light Carbon Composite Gaming Mouse Mark 38,Peripherals & Tech,49.00,65.58,18.34,62.6%,NYX-PER-F71B32,prod_IyGg2XkBsIHl5,https://whop.com/checkout/plan_Jm1pZSQ0Y1VqO,https://images.unsplash.com/photo-1612815154858-60aa4c59eaa6?w=800,53
prod_nyx_0780,Cipher Smart LED Ambient Desk Glow Strip Pro Mark 47,Smart Gear & Power,29.00,40.27,7.27,74.9%,NYX-SMA-348751,prod_tlbxf5dglSzQR,https://whop.com/checkout/plan_tljDOaCiNgtTJ,https://images.unsplash.com/photo-1519389950473-47ba0277781c?w=800,75
prod_nyx_0781,Artisan Full-Grain Italian Leather EDC Tech Folio Mark 47,Accessories & EDC,49.00,62.02,13.37,72.7%,NYX-ACC-AA0F97,prod_i81DL0aYCJXT0,https://whop.com/checkout/plan_R70lchZEq35ew,https://images.unsplash.com/photo-1553062407-98eeb64c6a62?w=800,66
prod_nyx_0782,Aura Dual-Joint Billet Aluminum Microphone Boom Arm Mark 48,Ergonomics & Desk Setup,49.00,63.02,12.74,74.0%,NYX-ERG-827574,prod_lGt7k7DaFnXBr,https://whop.com/checkout/plan_wlOxQRgl7tCic,https://images.unsplash.com/photo-1586023492125-27b2c045efd7?w=800,120
prod_nyx_0783,Element Minimalist Walnut Pen Tray and Stand Mark 32,Workspace & Studio,49.00,67.67,17.67,63.9%,NYX-WOR-F6ED74,prod_7i3oMtQUNroHD,https://whop.com/checkout/plan_523tNyFEpCjZg,https://images.unsplash.com/photo-1497215728101-856f4ea42174?w=800,65
prod_nyx_0784,Origin Monolithic CNC Headphone Stand Mark 38,Peripherals & Tech,49.00,68.57,18.42,62.4%,NYX-PER-295646,prod_oFXH0uEYw6N3z,https://whop.com/checkout/plan_GjWcHCRUFmbhE,https://images.unsplash.com/photo-1612815154858-60aa4c59eaa6?w=800,82
prod_nyx_0785,Aura GaN Prime Ultra-Compact Travel Adapter Mark 48,Smart Gear & Power,229.00,302.41,66.97,70.8%,NYX-SMA-E85469,prod_JbnogR5Dmp7sV,https://whop.com/checkout/plan_648kWTo5o9ur7,https://images.unsplash.com/photo-1558002038-1055907df827?w=800,104
prod_nyx_0786,Horizon Titanium Capsule Waterproof EDC Storage Pill Mark 48,Accessories & EDC,75.00,98.53,18.89,74.8%,NYX-ACC-67A650,prod_BtCSlhkQ1EPnY,https://whop.com/checkout/plan_TQoyRYsQJB7FR,https://images.unsplash.com/photo-1618005182384-a83a8bd57fbe?w=800,67
prod_nyx_0787,Forge Active Posture Dynamic Wobble Balance Stool Mark 48,Ergonomics & Desk Setup,179.00,251.30,48.68,72.8%,NYX-ERG-F29033,prod_qAG7UGXYSDxKD,https://whop.com/checkout/plan_d7e1Y4ZXKaYv2,https://images.unsplash.com/photo-1505740420928-5e560c06d30e?w=800,102
prod_nyx_0788,Ultra Under-Desk Steel Cable Conduit Mark 32,Workspace & Studio,179.00,225.24,54.75,69.4%,NYX-WOR-ED7E47,prod_QjVH0MGYRdzEr,https://whop.com/checkout/plan_WWJY8r0Yo8Ygg,https://images.unsplash.com/photo-1505330622279-bf7d7fc918f4?w=800,43
prod_nyx_0789,Zenith Glass Surface Precision Gaming Mousepad Mark 39,Peripherals & Tech,179.00,231.09,63.61,64.5%,NYX-PER-45B271,prod_fFpMs8DoFo2XQ,https://whop.com/checkout/plan_r3KqKaFUNE22F,https://images.unsplash.com/photo-1541140532154-b024d705b909?w=800,78
prod_nyx_0790,Aura Foldable 3-in-1 Qi2 MagSafe Wireless Station Mark 48,Smart Gear & Power,75.00,99.47,21.91,70.8%,NYX-SMA-162556,prod_Yjd4dRZriBkrV,https://whop.com/checkout/plan_H7rNZZ3fqQm52,https://images.unsplash.com/photo-1519389950473-47ba0277781c?w=800,54
prod_nyx_0791,Apex Full-Grain Italian Leather EDC Tech Folio Mark 48,Accessories & EDC,59.00,76.52,15.94,73.0%,NYX-ACC-CBD056,prod_eIqkHTXN9UzNJ,https://whop.com/checkout/plan_UxBQNacaQiPcJ,https://images.unsplash.com/photo-1584917865442-de89df76afd3?w=800,51
prod_nyx_0792,Lumina Magnetic Cable Routing Spine for Standing Desks Mark 48,Ergonomics & Desk Setup,179.00,254.94,56.47,68.5%,NYX-ERG-C3E468,prod_sehCj9ZRujXq4,https://whop.com/checkout/plan_N2ulnaSoIKp7C,https://images.unsplash.com/photo-1505740420928-5e560c06d30e?w=800,68
prod_nyx_0793,Quantum Anodized Aluminum Tablet Dock Mark 32,Workspace & Studio,39.00,56.35,13.31,65.9%,NYX-WOR-765897,prod_0dQPaKNCqHft2,https://whop.com/checkout/plan_1hq4R60M9wDwO,https://images.unsplash.com/photo-1544717305-2782549b5136?w=800,113
prod_nyx_0794,Aero Rotary Encoder 9-Key Programmable Stream Pad Mark 39,Peripherals & Tech,119.00,151.16,31.29,73.7%,NYX-PER-205C16,prod_gJkIjBGx0U2p8,https://whop.com/checkout/plan_suxBz8E1D715d,https://images.unsplash.com/photo-1546435770-a3e426bf472b?w=800,108
prod_nyx_0795,Lumina Smart LED Ambient Desk Glow Strip Pro Mark 49,Smart Gear & Power,29.00,36.89,10.89,62.4%,NYX-SMA-96B065,prod_qgcFEB27KJg2L,https://whop.com/checkout/plan_FZAqiJQzUxhw9,https://images.unsplash.com/photo-1585338107529-13afc5f02586?w=800,77
prod_nyx_0796,Pulse Modular Magnetic EDC Key Organizer Rail Mark 49,Accessories & EDC,39.00,53.72,11.67,70.1%,NYX-ACC-748D49,prod_onomfo3Jh71w3,https://whop.com/checkout/plan_0bWPlkVD5BPM7,https://images.unsplash.com/photo-1584917865442-de89df76afd3?w=800,100
prod_nyx_0797,Pulse Silicone Cable Sorter Desktop Organizer Mark 49,Ergonomics & Desk Setup,29.00,40.03,10.71,63.1%,NYX-ERG-7B1613,prod_jJtV7qQv4rXZ2,https://whop.com/checkout/plan_djOb8zeJOPpjl,https://images.unsplash.com/photo-1499750310107-5fef28a66643?w=800,68
prod_nyx_0798,Aero Magnetic Pegboard Tool Plate Mark 33,Workspace & Studio,89.00,111.25,24.73,72.2%,NYX-WOR-C7CA39,prod_xaX2u6epJ1PKM,https://whop.com/checkout/plan_62Wjq0zAGvfcR,https://images.unsplash.com/photo-1497215728101-856f4ea42174?w=800,67
prod_nyx_0799,Forge Studio Reference Planar Magnetic Drivers Mark 39,Peripherals & Tech,149.00,203.45,47.54,68.1%,NYX-PER-D93C59,prod_jRwNDcAFxZUrN,https://whop.com/checkout/plan_vlvIZSYLBtPXQ,https://images.unsplash.com/photo-1527864550417-7fd91fc51a46?w=800,93
prod_nyx_0800,Horizon Magnetic Qi2 Car and Desktop Mount Dock Mark 49,Smart Gear & Power,89.00,117.01,32.45,63.5%,NYX-SMA-184311,prod_lyYNjA95zcKJV,https://whop.com/checkout/plan_KTuQHwmUfAIC3,https://images.unsplash.com/photo-1609081219090-a6d81d3085bf?w=800,99
prod_nyx_0801,Aero Titanium Capsule Waterproof EDC Storage Pill Mark 49,Accessories & EDC,75.00,94.56,27.13,63.8%,NYX-ACC-2E9637,prod_dabDURqo4DNF7,https://whop.com/checkout/plan_w09hyFuA2UlZL,https://images.unsplash.com/photo-1584917865442-de89df76afd3?w=800,54
prod_nyx_0802,Titan Gel-Infused Cooling Wrist Rest for Trackpad Mark 49,Ergonomics & Desk Setup,119.00,160.62,29.11,75.5%,NYX-ERG-D20756,prod_J86mnUjq5Ucqu,https://whop.com/checkout/plan_TwFierErifgCk,https://images.unsplash.com/photo-1516321318423-f06f85e504b3?w=800,117
prod_nyx_0803,Specter Anodized Aluminum Tablet Dock Mark 33,Workspace & Studio,75.00,99.22,24.44,67.4%,NYX-WOR-91EC12,prod_bmOTSTHy9mc37,https://whop.com/checkout/plan_QREdUiaYgORCX,https://images.unsplash.com/photo-1524758631624-e2822e304c36?w=800,100
prod_nyx_0804,Artisan Dual ESS Sabre Balanced Headphone Amplifier Mark 40,Peripherals & Tech,75.00,96.43,22.88,69.5%,NYX-PER-97E074,prod_vcrqIny7xl6wu,https://whop.com/checkout/plan_haWU5SWnzBSe3,https://images.unsplash.com/photo-1587829741301-dc798b83add3?w=800,52
prod_nyx_0805,Horizon Smart OLED Real-Time Power Meter Cable Mark 49,Smart Gear & Power,149.00,209.92,38.33,74.3%,NYX-SMA-59EF58,prod_jBBek5koXXz5h,https://whop.com/checkout/plan_wt0a4Qz3WGtdz,https://images.unsplash.com/photo-1558002038-1055907df827?w=800,50
prod_nyx_0806,Aero Titanium Quick-Release Shackle Carabiner Mark 50,Accessories & EDC,29.00,37.74,9.80,66.2%,NYX-ACC-E36065,prod_Odc8SPiYs96Bz,https://whop.com/checkout/plan_j0auvOjpUKoRv,https://images.unsplash.com/photo-1627123424574-724758594e93?w=800,109
prod_nyx_0807,Ultra Ergonomic Vertical Wireless Laser Mouse Mark 50,Ergonomics & Desk Setup,89.00,121.80,28.83,67.6%,NYX-ERG-A01780,prod_1sXqzbgSAGnsw,https://whop.com/checkout/plan_Nr4cAPtOLRoFv,https://images.unsplash.com/photo-1505330622279-bf7d7fc918f4?w=800,113
prod_nyx_0808,Pulse Precision Screen Ambient Lightbar Mark 33,Workspace & Studio,59.00,78.23,14.27,75.8%,NYX-WOR-F98063,prod_PhQsCeqVWUiJQ,https://whop.com/checkout/plan_BbkFjUXkixDBl,https://images.unsplash.com/photo-1524758631624-e2822e304c36?w=800,99
prod_nyx_0809,Titan Aerospace CNC Ergonomic Keyboard Wrist Rest Mark 40,Peripherals & Tech,179.00,227.91,55.95,68.7%,NYX-PER-4EE155,prod_Hf8ORVwKOgH8d,https://whop.com/checkout/plan_QqkPocOeHDQp6,https://images.unsplash.com/photo-1618384887929-16ec33fab9ef?w=800,45
prod_nyx_0810,Horizon Magnetic 10000mAh Ultra-Slim Power Bank Mark 50,Smart Gear & Power,229.00,298.01,56.55,75.3%,NYX-SMA-46ED20,prod_lRsMMC7kXPPxk,https://whop.com/checkout/plan_215HWmUEa4BNb,https://images.unsplash.com/photo-1585338107529-13afc5f02586?w=800,40
prod_nyx_0811,Specter Full-Grain Italian Leather EDC Tech Folio Mark 50,Accessories & EDC,39.00,50.71,11.35,70.9%,NYX-ACC-CEC277,prod_XH9iUMBfzSRAE,https://whop.com/checkout/plan_n2inLf5OkgXjV,https://images.unsplash.com/photo-1627123424574-724758594e93?w=800,113
prod_nyx_0812,Apex Contoured Memory Foam Ergonomic Lumbar Support Mark 50,Ergonomics & Desk Setup,59.00,85.35,21.16,64.1%,NYX-ERG-5C6428,prod_7uVsjzh2XfBUd,https://whop.com/checkout/plan_TOsWxxtJDDQen,https://images.unsplash.com/photo-1499750310107-5fef28a66643?w=800,70
prod_nyx_0813,Stealth Ultra-Thin Wireless Charging Desk Mat Mark 34,Workspace & Studio,89.00,111.66,28.36,68.1%,NYX-WOR-622685,prod_flUhUxkYBY4Wp,https://whop.com/checkout/plan_NcYEjNHhCVCeZ,https://images.unsplash.com/photo-1588872657578-7efd1f1555ed?w=800,87
prod_nyx_0814,Specter Gasket-Mount 60% Low-Profile Keyboard Mark 40,Peripherals & Tech,89.00,113.11,31.75,64.3%,NYX-PER-419A66,prod_mOAlMcD6bNM8d,https://whop.com/checkout/plan_qcrZb7hiXZdat,https://images.unsplash.com/photo-1546435770-a3e426bf472b?w=800,35
prod_nyx_0815,Pulse Foldable 3-in-1 Qi2 MagSafe Wireless Station Mark 50,Smart Gear & Power,49.00,69.26,16.05,67.2%,NYX-SMA-8E8D41,prod_lxfRTChvd0tos,https://whop.com/checkout/plan_QlOHOR9Q7SlI5,https://images.unsplash.com/photo-1585338107529-13afc5f02586?w=800,76
prod_nyx_0816,Chronos Artisan Leather Watch and Hardware Roll Mark 50,Accessories & EDC,89.00,111.82,30.01,66.3%,NYX-ACC-6E9160,prod_IssYSI82BBAff,https://whop.com/checkout/plan_b1sDCxWR2Zvjd,https://images.unsplash.com/photo-1627123424574-724758594e93?w=800,60
prod_nyx_0817,Chronos Ergonomic Vertical Wireless Laser Mouse Mark 50,Ergonomics & Desk Setup,75.00,97.64,25.93,65.4%,NYX-ERG-D69A56,prod_1hbQerhQBXgSE,https://whop.com/checkout/plan_0i8unFlRgkWY5,https://images.unsplash.com/photo-1499750310107-5fef28a66643?w=800,55
prod_nyx_0818,Stealth Artisan Solid Brass Paperweight and Stylus Mark 34,Workspace & Studio,89.00,119.49,29.91,66.4%,NYX-WOR-A04B75,prod_We94vrnU4kGiy,https://whop.com/checkout/plan_IDhx1zlsWZ4O2,https://images.unsplash.com/photo-1544717305-2782549b5136?w=800,118
prod_nyx_0819,Quantum Monolithic CNC Headphone Stand Mark 41,Peripherals & Tech,149.00,193.93,51.59,65.4%,NYX-PER-3E3F81,prod_DOEoBPdl0wA1u,https://whop.com/checkout/plan_Cd6acCOYM9glG,https://images.unsplash.com/photo-1587829741301-dc798b83add3?w=800,51
prod_nyx_0820,Obsidian Foldable 3-in-1 Qi2 MagSafe Wireless Station Mark 51,Smart Gear & Power,75.00,102.62,19.73,73.7%,NYX-SMA-028311,prod_bsibH8bmSNnFj,https://whop.com/checkout/plan_iIO5kvXVWgSQf,https://images.unsplash.com/photo-1544716278-ca5e3f4abd8c?w=800,68
prod_nyx_0821,Forge Monolithic Brass Desk Tops Fidget Spinner Mark 51,Accessories & EDC,29.00,37.21,8.71,70.0%,NYX-ACC-CD2436,prod_UXLc1F4RhKpeM,https://whop.com/checkout/plan_b3G5iWn9fUi4j,https://images.unsplash.com/photo-1553062407-98eeb64c6a62?w=800,115
prod_nyx_0822,Cipher Pneumatic Counterbalance Heavy Monitor Arm Mark 51,Ergonomics & Desk Setup,39.00,51.86,11.33,70.9%,NYX-ERG-CF5970,prod_wZbkPDK64TTHM,https://whop.com/checkout/plan_rWeTEcJRLi9eo,https://images.unsplash.com/photo-1586023492125-27b2c045efd7?w=800,102
prod_nyx_0823,Vanguard Precision Screen Ambient Lightbar Mark 34,Workspace & Studio,59.00,83.89,17.27,70.7%,NYX-WOR-87B663,prod_r7fXHyfNF9eRX,https://whop.com/checkout/plan_2PeIIn2NfmDAP,https://images.unsplash.com/photo-1544717305-2782549b5136?w=800,109
prod_nyx_0824,Monolith Aerospace CNC Ergonomic Keyboard Wrist Rest Mark 41,Peripherals & Tech,149.00,189.11,39.53,73.5%,NYX-PER-816F48,prod_96q40fcVrj0TR,https://whop.com/checkout/plan_mW0Kt140dPOPm,https://images.unsplash.com/photo-1529236183275-4fdcf2bc987e?w=800,70
prod_nyx_0825,Pulse 140W Dual USB-C GaN Travel Wall Adapter Mark 51,Smart Gear & Power,29.00,36.98,7.99,72.4%,NYX-SMA-9ECF39,prod_BiDJE5oCAguhW,https://whop.com/checkout/plan_4QjSHkxi0ZkAh,https://images.unsplash.com/photo-1544716278-ca5e3f4abd8c?w=800,106
prod_nyx_0826,Vanguard Aero Carbon Fiber Utility Scalpel Blade Mark 51,Accessories & EDC,29.00,38.91,8.09,72.1%,NYX-ACC-4E8F30,prod_wRbKfP7FWK539,https://whop.com/checkout/plan_eqgjcwt7ahSTf,https://images.unsplash.com/photo-1511556532299-8f662fc26c06?w=800,44
prod_nyx_0827,Titan Magnetic Cable Routing Spine for Standing Desks Mark 51,Ergonomics & Desk Setup,49.00,66.44,17.08,65.1%,NYX-ERG-F4E071,prod_ZjrfvpetqS7lo,https://whop.com/checkout/plan_iYlKlYp0sIy4Y,https://images.unsplash.com/photo-1586023492125-27b2c045efd7?w=800,103
prod_nyx_0828,Quantum Rotary Desk Dial Remote Controller Mark 34,Workspace & Studio,229.00,287.50,85.75,62.6%,NYX-WOR-E4E588,prod_ZkpxStZ7EBHQU,https://whop.com/checkout/plan_jCDmet1aLZo2j,https://images.unsplash.com/photo-1581291518857-4e27b48ff24e?w=800,55
prod_nyx_0829,Quantum Rotary Encoder 9-Key Programmable Stream Pad Mark 41,Peripherals & Tech,89.00,121.06,32.69,63.3%,NYX-PER-59F060,prod_1RpLasOydjfxs,https://whop.com/checkout/plan_Ytmlqy457hh5N,https://images.unsplash.com/photo-1529236183275-4fdcf2bc987e?w=800,107
prod_nyx_0830,Horizon Monolithic Billet 65W Wireless Charger Stand Mark 52,Smart Gear & Power,49.00,70.63,16.01,67.3%,NYX-SMA-7F1E16,prod_ymjCbm52GzcpB,https://whop.com/checkout/plan_i0oNCChj56UT4,https://images.unsplash.com/photo-1519389950473-47ba0277781c?w=800,53
prod_nyx_0831,Origin Titanium Capsule Waterproof EDC Storage Pill Mark 52,Accessories & EDC,179.00,247.16,46.03,74.3%,NYX-ACC-957169,prod_bZCiRay0WE7FJ,https://whop.com/checkout/plan_PkCuiLFy6jXXZ,https://images.unsplash.com/photo-1584917865442-de89df76afd3?w=800,111
prod_nyx_0832,Vektor Magnetic Cable Routing Spine for Standing Desks Mark 52,Ergonomics & Desk Setup,49.00,62.75,18.26,62.7%,NYX-ERG-718542,prod_D20SY1WsW8X7Y,https://whop.com/checkout/plan_v18vFsKajrWer,https://images.unsplash.com/photo-1516321318423-f06f85e504b3?w=800,78
prod_nyx_0833,Chronos Magnetic Pegboard Tool Plate Mark 35,Workspace & Studio,179.00,228.23,46.98,73.8%,NYX-WOR-A58797,prod_w5vEdB90eTRbv,https://whop.com/checkout/plan_m5m5YzFBsTilQ,https://images.unsplash.com/photo-1518770660439-4636190af475?w=800,61
prod_nyx_0834,Pulse Dual ESS Sabre Balanced Headphone Amplifier Mark 42,Peripherals & Tech,49.00,61.31,18.03,63.2%,NYX-PER-E02133,prod_Feq0QjKWe4R5m,https://whop.com/checkout/plan_WiwpRCXq266D8,https://images.unsplash.com/photo-1563245372-f21724e3856d?w=800,76
prod_nyx_0835,Cipher Foldable 3-in-1 Qi2 MagSafe Wireless Station Mark 52,Smart Gear & Power,29.00,40.57,10.67,63.2%,NYX-SMA-BE9161,prod_DCJUp3eC0DrVW,https://whop.com/checkout/plan_Wqs1JAAMwALpa,https://images.unsplash.com/photo-1585338107529-13afc5f02586?w=800,45
prod_nyx_0836,Ultra Modular Magnetic EDC Key Organizer Rail Mark 52,Accessories & EDC,119.00,157.04,31.63,73.4%,NYX-ACC-834D28,prod_Xn87nBOaJLU23,https://whop.com/checkout/plan_CtSCeZvpQbQWJ,https://images.unsplash.com/photo-1618005182384-a83a8bd57fbe?w=800,74
prod_nyx_0837,Origin Ergonomic Vertical Wireless Laser Mouse Mark 52,Ergonomics & Desk Setup,29.00,38.28,8.13,72.0%,NYX-ERG-462579,prod_a7rO6GTb9RsYB,https://whop.com/checkout/plan_prLTBkISqbXjk,https://images.unsplash.com/photo-1505330622279-bf7d7fc918f4?w=800,118
prod_nyx_0838,Horizon Magnetic Pegboard Tool Plate Mark 35,Workspace & Studio,49.00,68.21,15.71,67.9%,NYX-WOR-B12494,prod_7GE33V2Ok8uJT,https://whop.com/checkout/plan_PVwgnEcbaKWLP,https://images.unsplash.com/photo-1581291518857-4e27b48ff24e?w=800,69
prod_nyx_0839,Pulse Dual ESS Sabre Balanced Headphone Amplifier Mark 42,Peripherals & Tech,39.00,49.77,11.75,69.9%,NYX-PER-868D15,prod_q8cUf5QxOZJKc,https://whop.com/checkout/plan_TX7UsuKWVVkww,https://images.unsplash.com/photo-1595225476474-87563907a212?w=800,88
prod_nyx_0840,Chronos Smart LED Ambient Desk Glow Strip Pro Mark 52,Smart Gear & Power,149.00,197.68,51.91,65.2%,NYX-SMA-067556,prod_f4z2cjH8nz8Ic,https://whop.com/checkout/plan_FGzxNsbVRTf2D,https://images.unsplash.com/photo-1585338107529-13afc5f02586?w=800,75
prod_nyx_0841,Apex Aero Carbon Fiber Utility Scalpel Blade Mark 52,Accessories & EDC,89.00,120.04,32.66,63.3%,NYX-ACC-C94740,prod_4LhZ1Yb0083uG,https://whop.com/checkout/plan_hPKxnr55UphL5,https://images.unsplash.com/photo-1563770660941-20978e870e26?w=800,69
prod_nyx_0842,Chronos Heavy Weighted Aluminum Headphone Hook Mount Mark 53,Ergonomics & Desk Setup,89.00,115.88,28.87,67.6%,NYX-ERG-5EC285,prod_lgHJokdtCQpcB,https://whop.com/checkout/plan_AELu3P5Io21no,https://images.unsplash.com/photo-1516321318423-f06f85e504b3?w=800,73
prod_nyx_0843,Origin Ultra-Thin Wireless Charging Desk Mat Mark 35,Workspace & Studio,119.00,150.05,32.38,72.8%,NYX-WOR-77CA32,prod_zFWgE64Xcq5Vg,https://whop.com/checkout/plan_EREPBmqUmIVkw,https://images.unsplash.com/photo-1497215728101-856f4ea42174?w=800,35
prod_nyx_0844,Forge Monolithic CNC Headphone Stand Mark 42,Peripherals & Tech,29.00,39.21,8.42,71.0%,NYX-PER-7B2558,prod_kPSXZe9MqQcPv,https://whop.com/checkout/plan_0YfYHfSwxRH78,https://images.unsplash.com/photo-1529236183275-4fdcf2bc987e?w=800,69
prod_nyx_0845,Specter Desktop Magnetic Induction Headphone Dock Mark 53,Smart Gear & Power,29.00,40.95,9.46,67.4%,NYX-SMA-1BC493,prod_OGW0DXCQqcuKK,https://whop.com/checkout/plan_Jl9aq4GAUaLL0,https://images.unsplash.com/photo-1519389950473-47ba0277781c?w=800,71
prod_nyx_0846,Cipher Titanium Capsule Waterproof EDC Storage Pill Mark 53,Accessories & EDC,149.00,208.39,52.61,64.7%,NYX-ACC-2BC715,prod_F0a2tsqPe7l6t,https://whop.com/checkout/plan_FaaQfLcjMe5Oi,https://images.unsplash.com/photo-1563770660941-20978e870e26?w=800,100
prod_nyx_0847,Artisan Gel-Infused Cooling Wrist Rest for Trackpad Mark 53,Ergonomics & Desk Setup,89.00,128.66,31.84,64.2%,NYX-ERG-9F5E78,prod_6g9Gu2F2zDXZI,https://whop.com/checkout/plan_y9GqOqTzxgs5A,https://images.unsplash.com/photo-1505740420928-5e560c06d30e?w=800,56
prod_nyx_0848,Matrix Anti-Fatigue Density Desk Standing Mat Mark 36,Workspace & Studio,149.00,190.86,46.10,69.1%,NYX-WOR-D01222,prod_J91XARlIToqP8,https://whop.com/checkout/plan_bqX0sk1G0UL24,https://images.unsplash.com/photo-1588872657578-7efd1f1555ed?w=800,97
prod_nyx_0849,Origin Rotary Encoder 9-Key Programmable Stream Pad Mark 43,Peripherals & Tech,75.00,97.49,18.86,74.9%,NYX-PER-CFEE27,prod_eD8klAJgON1LD,https://whop.com/checkout/plan_MjUkh34LAPQwj,https://images.unsplash.com/photo-1587829741301-dc798b83add3?w=800,46
prod_nyx_0850,Cipher Magnetic 10000mAh Ultra-Slim Power Bank Mark 53,Smart Gear & Power,59.00,77.41,19.87,66.3%,NYX-SMA-F65249,prod_wQkONfAErN9qP,https://whop.com/checkout/plan_SVloTGV39cNKY,https://images.unsplash.com/photo-1616401784845-180882ba9ba8?w=800,67
prod_nyx_0851,Titan Modular Magnetic EDC Key Organizer Rail Mark 53,Accessories & EDC,39.00,51.11,9.64,75.3%,NYX-ACC-F03490,prod_d5BZjIUVaBc7Q,https://whop.com/checkout/plan_DqE5MGOkLydsL,https://images.unsplash.com/photo-1563770660941-20978e870e26?w=800,57
prod_nyx_0852,Aura Ergonomic Adjustable Height Footrest Platform Mark 53,Ergonomics & Desk Setup,75.00,100.45,26.45,64.7%,NYX-ERG-714B42,prod_EZtuIlECqDEVB,https://whop.com/checkout/plan_OkAzhAMZ88IXJ,https://images.unsplash.com/photo-1516321318423-f06f85e504b3?w=800,69
prod_nyx_0853,Element Precision Screen Ambient Lightbar Mark 36,Workspace & Studio,29.00,37.63,8.99,69.0%,NYX-WOR-E1E833,prod_HAARwDzBbdq1p,https://whop.com/checkout/plan_6v5jd9ywZyZ0B,https://images.unsplash.com/photo-1588872657578-7efd1f1555ed?w=800,82
prod_nyx_0854,Monolith Custom Coiled Aviator USB-C Cable Mark 43,Peripherals & Tech,119.00,159.78,28.77,75.8%,NYX-PER-14B534,prod_w6ICqZrklILHv,https://whop.com/checkout/plan_5z4J9NKhhpjOz,https://images.unsplash.com/photo-1618384887929-16ec33fab9ef?w=800,106
prod_nyx_0855,Vanguard Smart OLED Real-Time Power Meter Cable Mark 54,Smart Gear & Power,229.00,329.15,63.56,72.2%,NYX-SMA-BF2962,prod_TxIFDRpwWS80p,https://whop.com/checkout/plan_YymfgEljEl2gh,https://images.unsplash.com/photo-1519389950473-47ba0277781c?w=800,119
prod_nyx_0856,Vektor Grade-5 Titanium Precision Pocket Pry Bar Mark 54,Accessories & EDC,59.00,84.23,20.53,65.2%,NYX-ACC-F4F450,prod_H9mG7tbOig2XD,https://whop.com/checkout/plan_MPH2SanvDQqbr,https://images.unsplash.com/photo-1618005182384-a83a8bd57fbe?w=800,96
prod_nyx_0857,Pulse Articulating Under-Desk Keyboard Tray Mark 54,Ergonomics & Desk Setup,119.00,162.37,28.94,75.7%,NYX-ERG-037B24,prod_Ic2uyBHMxMi7g,https://whop.com/checkout/plan_fp7FxxKm3BQHM,https://images.unsplash.com/photo-1586023492125-27b2c045efd7?w=800,65
prod_nyx_0858,Quantum Billet Aluminum Monitor Arm Mount Mark 36,Workspace & Studio,29.00,36.58,10.29,64.5%,NYX-WOR-0B5826,prod_IbkPWLAz2yVSc,https://whop.com/checkout/plan_bR4yLH3NM3JoT,https://images.unsplash.com/photo-1516321318423-f06f85e504b3?w=800,57
prod_nyx_0859,Matrix Ultra-Light Carbon Composite Gaming Mouse Mark 43,Peripherals & Tech,179.00,229.39,65.29,63.5%,NYX-PER-209F40,prod_UxeGQzNsaUPri,https://whop.com/checkout/plan_N1brOqJAHAvA3,https://images.unsplash.com/photo-1587829741301-dc798b83add3?w=800,101
prod_nyx_0860,Forge Magnetic Qi2 Car and Desktop Mount Dock Mark 54,Smart Gear & Power,59.00,85.04,21.15,64.2%,NYX-SMA-CD6C54,prod_mBXaqp4QQo4ml,https://whop.com/checkout/plan_zW4gHjRPWCeJc,https://images.unsplash.com/photo-1519389950473-47ba0277781c?w=800,42
prod_nyx_0861,Horizon Titanium Capsule Waterproof EDC Storage Pill Mark 54,Accessories & EDC,39.00,49.11,12.90,66.9%,NYX-ACC-112E86,prod_AoULLEt4a9RkY,https://whop.com/checkout/plan_cqHdx21Z1wJ5U,https://images.unsplash.com/photo-1511556532299-8f662fc26c06?w=800,70
prod_nyx_0862,Aura Contoured Memory Foam Ergonomic Lumbar Support Mark 54,Ergonomics & Desk Setup,49.00,61.41,12.80,73.9%,NYX-ERG-F42567,prod_Bj27XceVWtD1t,https://whop.com/checkout/plan_DDK3o5I4kHjMd,https://images.unsplash.com/photo-1505330622279-bf7d7fc918f4?w=800,107
prod_nyx_0863,Ultra Acoustic Felt Studio Desk Partition Mark 36,Workspace & Studio,179.00,254.23,62.09,65.3%,NYX-WOR-254468,prod_FjNbi5aAHHzVt,https://whop.com/checkout/plan_h6rmoTrh0qV03,https://images.unsplash.com/photo-1588872657578-7efd1f1555ed?w=800,108
prod_nyx_0864,Cipher Rotary Encoder 9-Key Programmable Stream Pad Mark 44,Peripherals & Tech,29.00,40.47,8.52,70.6%,NYX-PER-19DF96,prod_f59XyT1enh9bj,https://whop.com/checkout/plan_W2gtuDxmru5VL,https://images.unsplash.com/photo-1618384887929-16ec33fab9ef?w=800,98
prod_nyx_0865,Specter Smart OLED Real-Time Power Meter Cable Mark 54,Smart Gear & Power,149.00,205.57,47.86,67.9%,NYX-SMA-D17311,prod_d1HYleBxeFJ3S,https://whop.com/checkout/plan_k8O7z2Lo0qrAJ,https://images.unsplash.com/photo-1616401784845-180882ba9ba8?w=800,117
prod_nyx_0866,Quantum Precision Metric Measuring Rule in Ti-6Al-4V Mark 55,Accessories & EDC,179.00,234.70,66.49,62.9%,NYX-ACC-118B11,prod_NU2LtTg7KkUEp,https://whop.com/checkout/plan_ebJjIxhz4OrWT,https://images.unsplash.com/photo-1618005182384-a83a8bd57fbe?w=800,52
prod_nyx_0867,Specter Ergonomic Adjustable Height Footrest Platform Mark 55,Ergonomics & Desk Setup,89.00,119.23,24.60,72.4%,NYX-ERG-82D095,prod_zLF5Dn8I21Olc,https://whop.com/checkout/plan_muAzyJcYv7com,https://images.unsplash.com/photo-1505330622279-bf7d7fc918f4?w=800,104
prod_nyx_0868,Ultra Monolithic MagSafe Display Stand Mark 37,Workspace & Studio,179.00,252.72,59.44,66.8%,NYX-WOR-A92F76,prod_qD3R4dk8lbGwf,https://whop.com/checkout/plan_qbM4xU95WmK7o,https://images.unsplash.com/photo-1505330622279-bf7d7fc918f4?w=800,79
prod_nyx_0869,Titan Braided Paracord Low-Resistance Mouse Cord Mark 44,Peripherals & Tech,49.00,61.84,16.83,65.7%,NYX-PER-ABA299,prod_fbWon5zcFBLro,https://whop.com/checkout/plan_NiNketYNCCn0I,https://images.unsplash.com/photo-1527864550417-7fd91fc51a46?w=800,85
prod_nyx_0870,Pro Monolithic Billet 65W Wireless Charger Stand Mark 55,Smart Gear & Power,119.00,155.38,29.01,75.6%,NYX-SMA-232365,prod_QCA3qG0J4e7ql,https://whop.com/checkout/plan_PcvtfLVEsNTUp,https://images.unsplash.com/photo-1544716278-ca5e3f4abd8c?w=800,96
prod_nyx_0871,Titan DLC Coated Multi-Tool Pocket Stylus Mark 55,Accessories & EDC,119.00,159.16,38.32,67.8%,NYX-ACC-DD1325,prod_P6O0TfCsNI7ih,https://whop.com/checkout/plan_gO1GITBdTAkKY,https://images.unsplash.com/photo-1618005182384-a83a8bd57fbe?w=800,44
prod_nyx_0872,Stealth Gel-Infused Cooling Wrist Rest for Trackpad Mark 55,Ergonomics & Desk Setup,49.00,67.51,16.31,66.7%,NYX-ERG-EDE763,prod_9njvESjmVZNMf,https://whop.com/checkout/plan_Y7ho00DF2AsuC,https://images.unsplash.com/photo-1586023492125-27b2c045efd7?w=800,59
prod_nyx_0873,Quantum CNC Walnut Desk Shelf Tray Mark 37,Workspace & Studio,229.00,297.39,81.13,64.6%,NYX-WOR-E12E32,prod_NVs63Ax1SWrx6,https://whop.com/checkout/plan_lJZ73CzqZAlpt,https://images.unsplash.com/photo-1524758631624-e2822e304c36?w=800,35
prod_nyx_0874,Apex Studio Reference Planar Magnetic Drivers Mark 44,Peripherals & Tech,89.00,114.15,26.70,70.0%,NYX-PER-A0FA68,prod_qfPRDoO5xE6Nh,https://whop.com/checkout/plan_1rnSqw5M1xzOJ,https://images.unsplash.com/photo-1587829741301-dc798b83add3?w=800,94
prod_nyx_0875,Aura 65W Retractable USB-C Fast Charging Hub Mark 55,Smart Gear & Power,149.00,194.26,44.79,69.9%,NYX-SMA-F96368,prod_xjwcNlz7DypYb,https://whop.com/checkout/plan_tM48RPZYriVOG,https://images.unsplash.com/photo-1519389950473-47ba0277781c?w=800,70
prod_nyx_0876,Horizon Full-Grain Italian Leather EDC Tech Folio Mark 55,Accessories & EDC,39.00,52.09,13.26,66.0%,NYX-ACC-255A13,prod_uOGzIOxX8a9W8,https://whop.com/checkout/plan_HcB3Rzwvt6vYg,https://images.unsplash.com/photo-1584917865442-de89df76afd3?w=800,114
prod_nyx_0877,Cipher Articulating Under-Desk Keyboard Tray Mark 55,Ergonomics & Desk Setup,59.00,81.10,19.21,67.4%,NYX-ERG-78EC29,prod_U4LMXgF7HYjI3,https://whop.com/checkout/plan_dhQUWDHGan0pg,https://images.unsplash.com/photo-1516321318423-f06f85e504b3?w=800,57
prod_nyx_0878,Pro Monolithic MagSafe Display Stand Mark 37,Workspace & Studio,49.00,63.78,17.32,64.7%,NYX-WOR-EE3347,prod_x6RxXRZLo6C6y,https://whop.com/checkout/plan_2BOvbVsPqn2O9,https://images.unsplash.com/photo-1581291518857-4e27b48ff24e?w=800,64
prod_nyx_0879,Monolith Aerospace CNC Ergonomic Keyboard Wrist Rest Mark 45,Peripherals & Tech,119.00,158.02,35.52,70.2%,NYX-PER-181653,prod_FbkkgeJCn4RcE,https://whop.com/checkout/plan_qs4pEVV6HRwpH,https://images.unsplash.com/photo-1618384887929-16ec33fab9ef?w=800,57
prod_nyx_0880,Horizon Desktop Magnetic Induction Headphone Dock Mark 56,Smart Gear & Power,75.00,102.87,18.14,75.8%,NYX-SMA-17C558,prod_UhNKp540GT5DK,https://whop.com/checkout/plan_Jiskr4pFSlXko,https://images.unsplash.com/photo-1519389950473-47ba0277781c?w=800,54
prod_nyx_0881,Forge Modular Magnetic EDC Key Organizer Rail Mark 56,Accessories & EDC,179.00,226.73,66.81,62.7%,NYX-ACC-0C5983,prod_XGs6j8amjR7Cn,https://whop.com/checkout/plan_oId6TvRULJmFG,https://images.unsplash.com/photo-1563770660941-20978e870e26?w=800,66
prod_nyx_0882,Stealth Articulating Under-Desk Keyboard Tray Mark 56,Ergonomics & Desk Setup,119.00,161.11,34.89,70.7%,NYX-ERG-047B42,prod_f2uwQgAcURZN0,https://whop.com/checkout/plan_m4cweiKZpKwYn,https://images.unsplash.com/photo-1586023492125-27b2c045efd7?w=800,98
prod_nyx_0883,Aura Minimalist Walnut Pen Tray and Stand Mark 37,Workspace & Studio,119.00,152.06,44.09,62.9%,NYX-WOR-A9C025,prod_w5qzcCk0FAh1J,https://whop.com/checkout/plan_hJUYI7Y4FWUim,https://images.unsplash.com/photo-1505330622279-bf7d7fc918f4?w=800,63
prod_nyx_0884,Titan Monolithic CNC Headphone Stand Mark 45,Peripherals & Tech,49.00,68.85,14.71,70.0%,NYX-PER-C24C29,prod_TLX9oONRCMymp,https://whop.com/checkout/plan_veXVhmHHKRC1D,https://images.unsplash.com/photo-1529236183275-4fdcf2bc987e?w=800,40
prod_nyx_0885,Pulse GaN Prime Ultra-Compact Travel Adapter Mark 56,Smart Gear & Power,59.00,79.23,17.87,69.7%,NYX-SMA-0C3410,prod_O8XjQQh1YaE5S,https://whop.com/checkout/plan_wwjhoYruJ3EaX,https://images.unsplash.com/photo-1585338107529-13afc5f02586?w=800,110
prod_nyx_0886,Cipher Matte Obsidian RFID Blocking Minimalist Cardholder Mark 56,Accessories & EDC,119.00,149.98,37.82,68.2%,NYX-ACC-C95D61,prod_jOySPNb2XmltY,https://whop.com/checkout/plan_WVgEEwEACK3N3,https://images.unsplash.com/photo-1584917865442-de89df76afd3?w=800,92
prod_nyx_0887,Vanguard Magnetic Cable Routing Spine for Standing Desks Mark 56,Ergonomics & Desk Setup,89.00,113.62,31.23,64.9%,NYX-ERG-B13336,prod_huVROVadKYXR7,https://whop.com/checkout/plan_aRZbeKwhSvATP,https://images.unsplash.com/photo-1505740420928-5e560c06d30e?w=800,84
prod_nyx_0888,Cipher Monolithic Laptop Riser Stand Mark 38,Workspace & Studio,75.00,99.62,25.50,66.0%,NYX-WOR-83B593,prod_pnCYlT7OZdIJN,https://whop.com/checkout/plan_RfNYFwbitiC5C,https://images.unsplash.com/photo-1505330622279-bf7d7fc918f4?w=800,78
prod_nyx_0889,Lumina Custom Coiled Aviator USB-C Cable Mark 45,Peripherals & Tech,49.00,68.59,16.45,66.4%,NYX-PER-45DD22,prod_VcFamF5K8imHQ,https://whop.com/checkout/plan_eqYxIh95gcpXF,https://images.unsplash.com/photo-1527864550417-7fd91fc51a46?w=800,98
prod_nyx_0890,Obsidian 65W Retractable USB-C Fast Charging Hub Mark 57,Smart Gear & Power,59.00,81.31,14.22,75.9%,NYX-SMA-81A039,prod_QP0EMyH7j4mLO,https://whop.com/checkout/plan_nnduOF5WdOQzO,https://images.unsplash.com/photo-1616401784845-180882ba9ba8?w=800,113
prod_nyx_0891,Forge Grade-5 Titanium Precision Pocket Pry Bar Mark 57,Accessories & EDC,149.00,212.53,48.58,67.4%,NYX-ACC-0DDB54,prod_hzn2P2XNYPIoB,https://whop.com/checkout/plan_bGSoAQZ5Gl4CX,https://images.unsplash.com/photo-1584917865442-de89df76afd3?w=800,61
prod_nyx_0892,Vektor Heavy Weighted Aluminum Headphone Hook Mount Mark 57,Ergonomics & Desk Setup,59.00,76.64,19.64,66.7%,NYX-ERG-5DF549,prod_U1hBbJev9tna6,https://whop.com/checkout/plan_3q2VTt3rnz6i0,https://images.unsplash.com/photo-1586023492125-27b2c045efd7?w=800,45
prod_nyx_0893,Obsidian Matte Carbon Fiber Desk Shelf Mark 38,Workspace & Studio,39.00,52.69,9.80,74.9%,NYX-WOR-B6AC74,prod_At0Z9d3YzDyZu,https://whop.com/checkout/plan_Xs43eRYFlJHb0,https://images.unsplash.com/photo-1524758631624-e2822e304c36?w=800,110
prod_nyx_0894,Horizon Precision Billet Aluminum Volume Knob Macropad Mark 46,Peripherals & Tech,119.00,150.72,33.96,71.5%,NYX-PER-47C120,prod_VWLjvseL05Nie,https://whop.com/checkout/plan_OWtgeBDB331yv,https://images.unsplash.com/photo-1595225476474-87563907a212?w=800,115
prod_nyx_0895,Chronos Magnetic 10000mAh Ultra-Slim Power Bank Mark 57,Smart Gear & Power,179.00,229.11,48.45,72.9%,NYX-SMA-0DCA21,prod_SYfFt7soIOtCn,https://whop.com/checkout/plan_iyGGjuh6ZiJzA,https://images.unsplash.com/photo-1558002038-1055907df827?w=800,97
prod_nyx_0896,Artisan Artisan Leather Watch and Hardware Roll Mark 57,Accessories & EDC,149.00,206.21,48.96,67.1%,NYX-ACC-01DD19,prod_1UWTvMIsjxIGF,https://whop.com/checkout/plan_90Hb0B2szsHkI,https://images.unsplash.com/photo-1618005182384-a83a8bd57fbe?w=800,61
prod_nyx_0897,Aero Dual-Joint Billet Aluminum Microphone Boom Arm Mark 57,Ergonomics & Desk Setup,89.00,124.55,29.34,67.0%,NYX-ERG-F1B613,prod_s2H9a2ioK8WNP,https://whop.com/checkout/plan_4TjeZTYE19GvV,https://images.unsplash.com/photo-1499750310107-5fef28a66643?w=800,117
prod_nyx_0898,Pro Artisan Solid Brass Paperweight and Stylus Mark 38,Workspace & Studio,29.00,37.30,10.30,64.5%,NYX-WOR-925C41,prod_4CBTlOMj3vTib,https://whop.com/checkout/plan_E924QwiBs9wPA,https://images.unsplash.com/photo-1518770660439-4636190af475?w=800,60
prod_nyx_0899,Stealth Gasket-Mount 60% Low-Profile Keyboard Mark 46,Peripherals & Tech,29.00,39.75,9.24,68.1%,NYX-PER-691F68,prod_mPtVvTitz8XQ5,https://whop.com/checkout/plan_hTsjwEor5xhLN,https://images.unsplash.com/photo-1618384887929-16ec33fab9ef?w=800,112
prod_nyx_0900,Specter Smart LED Ambient Desk Glow Strip Pro Mark 57,Smart Gear & Power,39.00,52.15,9.53,75.6%,NYX-SMA-1EB615,prod_CjTX2yjZj3wYs,https://whop.com/checkout/plan_lTCdJwrhMVrtu,https://images.unsplash.com/photo-1558002038-1055907df827?w=800,71
prod_nyx_0901,Obsidian Matte Obsidian RFID Blocking Minimalist Cardholder Mark 57,Accessories & EDC,119.00,164.95,30.25,74.6%,NYX-ACC-3F7263,prod_IA3stB4pxsZ0J,https://whop.com/checkout/plan_rX91h4a3uv1jw,https://images.unsplash.com/photo-1618005182384-a83a8bd57fbe?w=800,53
prod_nyx_0902,Lumina 360 Swivel Tablet and Secondary Screen Clamp Mark 58,Ergonomics & Desk Setup,179.00,235.52,43.25,75.8%,NYX-ERG-D2BE73,prod_DLu8ivu8DU0ew,https://whop.com/checkout/plan_WtcInYxvn3tTh,https://images.unsplash.com/photo-1505330622279-bf7d7fc918f4?w=800,108
prod_nyx_0903,Vanguard Rotary Desk Dial Remote Controller Mark 39,Workspace & Studio,229.00,311.57,71.17,68.9%,NYX-WOR-2CBD74,prod_dLmwPA95AGWPf,https://whop.com/checkout/plan_olPwrGsNrqDBR,https://images.unsplash.com/photo-1497215728101-856f4ea42174?w=800,59
prod_nyx_0904,Monolith Precision Billet Aluminum Volume Knob Macropad Mark 46,Peripherals & Tech,59.00,80.22,18.79,68.2%,NYX-PER-825739,prod_MK1xppqdIhMDD,https://whop.com/checkout/plan_skX8zPkenorld,https://images.unsplash.com/photo-1529236183275-4fdcf2bc987e?w=800,46
prod_nyx_0905,Aero 65W Retractable USB-C Fast Charging Hub Mark 58,Smart Gear & Power,39.00,50.24,9.50,75.6%,NYX-SMA-BDD080,prod_5Maxyz9MJLZeP,https://whop.com/checkout/plan_03L9Q5gkMFnw0,https://images.unsplash.com/photo-1585338107529-13afc5f02586?w=800,101
prod_nyx_0906,Monolith Artisan Leather Watch and Hardware Roll Mark 58,Accessories & EDC,229.00,307.92,63.87,72.1%,NYX-ACC-C51A52,prod_vkz2gNjO0RY8U,https://whop.com/checkout/plan_OsbEkMHsqnON2,https://images.unsplash.com/photo-1511556532299-8f662fc26c06?w=800,72
prod_nyx_0907,Zenith Active Posture Dynamic Wobble Balance Stool Mark 58,Ergonomics & Desk Setup,179.00,233.75,57.37,67.9%,NYX-ERG-DF1616,prod_GUYSlyQYWwtkB,https://whop.com/checkout/plan_Wp31RmtywiHMN,https://images.unsplash.com/photo-1505330622279-bf7d7fc918f4?w=800,79
prod_nyx_0908,Aura Rotary Desk Dial Remote Controller Mark 39,Workspace & Studio,39.00,54.57,10.77,72.4%,NYX-WOR-AB9C24,prod_6riOS53CB3Rcl,https://whop.com/checkout/plan_2ajnxaV3IEKL7,https://images.unsplash.com/photo-1507473885765-e6ed057f782c?w=800,61
prod_nyx_0909,Chronos Studio Reference Planar Magnetic Drivers Mark 47,Peripherals & Tech,59.00,75.38,18.13,69.3%,NYX-PER-F8BD17,prod_MrqLdqcg0u0zZ,https://whop.com/checkout/plan_0HYGJwyLcMLAZ,https://images.unsplash.com/photo-1612815154858-60aa4c59eaa6?w=800,58
prod_nyx_0910,Vanguard Braided Liquid Silicone 240W Fast Cable Mark 58,Smart Gear & Power,49.00,65.32,16.44,66.4%,NYX-SMA-199878,prod_JkPjGO7ChIblw,https://whop.com/checkout/plan_cmlWufEGD3XZd,https://images.unsplash.com/photo-1558002038-1055907df827?w=800,52
prod_nyx_0911,Stealth Titanium Quick-Release Shackle Carabiner Mark 58,Accessories & EDC,229.00,298.41,75.02,67.2%,NYX-ACC-3FAC55,prod_5inLZ8LmrECz5,https://whop.com/checkout/plan_hpWOMnQug2Qko,https://images.unsplash.com/photo-1584917865442-de89df76afd3?w=800,120
prod_nyx_0912,Forge Gel-Infused Cooling Wrist Rest for Trackpad Mark 58,Ergonomics & Desk Setup,49.00,65.07,14.15,71.1%,NYX-ERG-03DB28,prod_CURjzVw0Bj3PA,https://whop.com/checkout/plan_k0SJ1JEyO1Rt6,https://images.unsplash.com/photo-1505740420928-5e560c06d30e?w=800,62
prod_nyx_0913,Aura Acoustic Felt Studio Desk Partition Mark 39,Workspace & Studio,29.00,39.55,9.01,68.9%,NYX-WOR-037F18,prod_cwMvsQW2tDAvn,https://whop.com/checkout/plan_Id1UCh5i1cAVA,https://images.unsplash.com/photo-1505330622279-bf7d7fc918f4?w=800,106
prod_nyx_0914,Origin Pre-Lubed Magnetic Hall Effect Switch Set Mark 47,Peripherals & Tech,75.00,98.77,20.65,72.5%,NYX-PER-AF6278,prod_clKI87HBRXJt1,https://whop.com/checkout/plan_rwvRNqBMfEcoo,https://images.unsplash.com/photo-1587829741301-dc798b83add3?w=800,83
prod_nyx_0915,Stealth Desktop Magnetic Induction Headphone Dock Mark 59,Smart Gear & Power,39.00,52.46,13.89,64.4%,NYX-SMA-F42667,prod_OSojiAPbY1MKa,https://whop.com/checkout/plan_0ktDjrHOLD5ov,https://images.unsplash.com/photo-1519389950473-47ba0277781c?w=800,97
prod_nyx_0916,Artisan Titanium Capsule Waterproof EDC Storage Pill Mark 59,Accessories & EDC,89.00,117.42,32.81,63.1%,NYX-ACC-438918,prod_zxDbiV4DSJIYi,https://whop.com/checkout/plan_BR7HGhNheY1vI,https://images.unsplash.com/photo-1584917865442-de89df76afd3?w=800,62
prod_nyx_0917,Pulse Heavy Weighted Aluminum Headphone Hook Mount Mark 59,Ergonomics & Desk Setup,179.00,258.34,56.20,68.6%,NYX-ERG-D81660,prod_nbnRCeGEdb2Sa,https://whop.com/checkout/plan_FoYs8bkMuFVP5,https://images.unsplash.com/photo-1516321318423-f06f85e504b3?w=800,117
prod_nyx_0918,Zenith Billet Aluminum Monitor Arm Mount Mark 39,Workspace & Studio,39.00,50.82,14.53,62.7%,NYX-WOR-DDB532,prod_JMXScEspsdtvw,https://whop.com/checkout/plan_SB5Y5Rm0WgPfc,https://images.unsplash.com/photo-1516321318423-f06f85e504b3?w=800,88
prod_nyx_0919,Aura Glass Surface Precision Gaming Mousepad Mark 47,Peripherals & Tech,49.00,65.95,13.02,73.4%,NYX-PER-9D8684,prod_U25MtNCwPSh1l,https://whop.com/checkout/plan_L4odlQECf9lJL,https://images.unsplash.com/photo-1587829741301-dc798b83add3?w=800,65
prod_nyx_0920,Element Foldable 3-in-1 Qi2 MagSafe Wireless Station Mark 59,Smart Gear & Power,229.00,323.45,56.26,75.4%,NYX-SMA-918379,prod_BFoxZLnIlkEn6,https://whop.com/checkout/plan_QcGKBiyHdE3qw,https://images.unsplash.com/photo-1558002038-1055907df827?w=800,69
prod_nyx_0921,Obsidian Artisan Leather Watch and Hardware Roll Mark 59,Accessories & EDC,89.00,113.89,27.27,69.4%,NYX-ACC-E00187,prod_dbWGLc1umrNZ0,https://whop.com/checkout/plan_N9Ax4fO9g0oWj,https://images.unsplash.com/photo-1563770660941-20978e870e26?w=800,107
prod_nyx_0922,Pro Ergonomic Adjustable Height Footrest Platform Mark 59,Ergonomics & Desk Setup,75.00,102.01,24.20,67.7%,NYX-ERG-4F5049,prod_81Uw02EBkD2Wh,https://whop.com/checkout/plan_kMm6nsDrlOecJ,https://images.unsplash.com/photo-1505740420928-5e560c06d30e?w=800,35
prod_nyx_0923,Titan Magnetic Desk Cable Anchor Mark 40,Workspace & Studio,59.00,74.53,16.69,71.7%,NYX-WOR-844884,prod_zuSJJwO6enC2z,https://whop.com/checkout/plan_DbPHEst3nNpMG,https://images.unsplash.com/photo-1505330622279-bf7d7fc918f4?w=800,112
prod_nyx_0924,Stealth Precision Billet Aluminum Volume Knob Macropad Mark 48,Peripherals & Tech,179.00,232.42,43.29,75.8%,NYX-PER-681F68,prod_4eUCUwrFwsEGv,https://whop.com/checkout/plan_8G4MAJj4gMQWY,https://images.unsplash.com/photo-1587829741301-dc798b83add3?w=800,62
prod_nyx_0925,Horizon Monolithic Billet 65W Wireless Charger Stand Mark 59,Smart Gear & Power,59.00,74.49,17.79,69.8%,NYX-SMA-9E2789,prod_twdBHeNi1ZbEJ,https://whop.com/checkout/plan_0cfPVsplNU3yQ,https://images.unsplash.com/photo-1616401784845-180882ba9ba8?w=800,105
prod_nyx_0926,Titan CNC Titanium Bolt-Action Rollerball Pen Mark 60,Accessories & EDC,89.00,116.74,29.84,66.5%,NYX-ACC-0E0076,prod_r9zkGQY34AILZ,https://whop.com/checkout/plan_XlklD52ieOX8I,https://images.unsplash.com/photo-1627123424574-724758594e93?w=800,56
prod_nyx_0927,Aero 360 Swivel Tablet and Secondary Screen Clamp Mark 60,Ergonomics & Desk Setup,229.00,327.14,63.16,72.4%,NYX-ERG-CFC915,prod_MBdJIpUM5eemM,https://whop.com/checkout/plan_6yPGDeAq2ClA7,https://images.unsplash.com/photo-1586023492125-27b2c045efd7?w=800,38
prod_nyx_0928,Pro Artisan Solid Brass Paperweight and Stylus Mark 40,Workspace & Studio,29.00,38.19,9.05,68.8%,NYX-WOR-21F728,prod_zG8foVMFauZ32,https://whop.com/checkout/plan_3sHGJRX4wkeIg,https://images.unsplash.com/photo-1518770660439-4636190af475?w=800,50
prod_nyx_0929,Forge Aerospace CNC Ergonomic Keyboard Wrist Rest Mark 48,Peripherals & Tech,75.00,98.45,19.96,73.4%,NYX-PER-DE9A10,prod_bgUk5RCQRZKtD,https://whop.com/checkout/plan_DaFBHOuMXwszj,https://images.unsplash.com/photo-1529236183275-4fdcf2bc987e?w=800,69
prod_nyx_0930,Element Smart OLED Real-Time Power Meter Cable Mark 60,Smart Gear & Power,29.00,39.95,8.71,70.0%,NYX-SMA-A02270,prod_0AAFs82AryRiD,https://whop.com/checkout/plan_tSIsOe9l9fRzG,https://images.unsplash.com/photo-1544716278-ca5e3f4abd8c?w=800,75
prod_nyx_0931,Pulse Titanium Quick-Release Shackle Carabiner Mark 60,Accessories & EDC,59.00,75.08,22.11,62.5%,NYX-ACC-3C6052,prod_Ho2yztwIn9RQp,https://whop.com/checkout/plan_yqgpL7RvMt5cN,https://images.unsplash.com/photo-1553062407-98eeb64c6a62?w=800,98
prod_nyx_0932,Titan Ergonomic Vertical Wireless Laser Mouse Mark 60,Ergonomics & Desk Setup,149.00,197.65,49.28,66.9%,NYX-ERG-352D54,prod_4n4EQrRmd6bSQ,https://whop.com/checkout/plan_lWWi1jjexWHSU,https://images.unsplash.com/photo-1505330622279-bf7d7fc918f4?w=800,99
prod_nyx_0933,Quantum Matte Carbon Fiber Desk Shelf Mark 40,Workspace & Studio,119.00,163.81,36.49,69.3%,NYX-WOR-A15773,prod_91GRScWzCzuze,https://whop.com/checkout/plan_n7w1PqgiQe1SN,https://images.unsplash.com/photo-1518770660439-4636190af475?w=800,71
prod_nyx_0934,Aero Hall Effect 75% CNC Aluminum Keyboard Mark 48,Peripherals & Tech,229.00,325.64,68.90,69.9%,NYX-PER-4C4C11,prod_fbmt08xqK7WeN,https://whop.com/checkout/plan_Odl76iORlCNsZ,https://images.unsplash.com/photo-1563245372-f21724e3856d?w=800,103
prod_nyx_0935,Apex 100W GaN 4-Port Fast Desktop Power Station Mark 60,Smart Gear & Power,49.00,70.30,12.79,73.9%,NYX-SMA-075573,prod_9Fl2Jl8a1b1gO,https://whop.com/checkout/plan_EuUdO2rRYgOcG,https://images.unsplash.com/photo-1585338107529-13afc5f02586?w=800,39
prod_nyx_0936,Specter CNC Titanium Bolt-Action Rollerball Pen Mark 60,Accessories & EDC,39.00,52.81,11.76,69.8%,NYX-ACC-838670,prod_mAr3toclN4grl,https://whop.com/checkout/plan_yww6tKeWG2SfM,https://images.unsplash.com/photo-1553062407-98eeb64c6a62?w=800,114
prod_nyx_0937,Pro Pneumatic Counterbalance Heavy Monitor Arm Mark 60,Ergonomics & Desk Setup,29.00,41.43,8.73,69.9%,NYX-ERG-FBA452,prod_W42IAtXd7QDNn,https://whop.com/checkout/plan_Ls2NWO4PLyxBn,https://images.unsplash.com/photo-1505740420928-5e560c06d30e?w=800,79
prod_nyx_0938,Monolith Studio Reference Speaker Wedges Mark 41,Workspace & Studio,59.00,78.12,15.84,73.2%,NYX-WOR-849255,prod_AZGOe2ze2W6z7,https://whop.com/checkout/plan_t8C4aRzaQeZUe,https://images.unsplash.com/photo-1588872657578-7efd1f1555ed?w=800,67
prod_nyx_0939,Lumina Studio Reference Planar Magnetic Drivers Mark 49,Peripherals & Tech,179.00,252.15,55.45,69.0%,NYX-PER-AFD982,prod_9QhV6EIQqjFVv,https://whop.com/checkout/plan_lOpm2ui9Ipv1m,https://images.unsplash.com/photo-1587829741301-dc798b83add3?w=800,82
prod_nyx_0940,Matrix 65W Retractable USB-C Fast Charging Hub Mark 61,Smart Gear & Power,39.00,55.87,9.39,75.9%,NYX-SMA-B3E230,prod_z2QHMOe9kAZBI,https://whop.com/checkout/plan_65Al5oEdqBncF,https://images.unsplash.com/photo-1585338107529-13afc5f02586?w=800,53
prod_nyx_0941,Matrix Grade-5 Titanium Precision Pocket Pry Bar Mark 61,Accessories & EDC,59.00,76.72,21.54,63.5%,NYX-ACC-180B71,prod_D82ijw1w1GUe1,https://whop.com/checkout/plan_UQb5DpADLQFNa,https://images.unsplash.com/photo-1627123424574-724758594e93?w=800,55
prod_nyx_0942,Origin Heavy Weighted Aluminum Headphone Hook Mount Mark 61,Ergonomics & Desk Setup,29.00,41.42,10.30,64.5%,NYX-ERG-B3B150,prod_KyZNPUDYdfoZj,https://whop.com/checkout/plan_DdprWmybpgHUn,https://images.unsplash.com/photo-1586023492125-27b2c045efd7?w=800,100
prod_nyx_0943,Lumina Ultra-Thin Wireless Charging Desk Mat Mark 41,Workspace & Studio,119.00,153.13,38.75,67.4%,NYX-WOR-D86492,prod_BR8VE2S8E4twQ,https://whop.com/checkout/plan_qatCDVex9AHHZ,https://images.unsplash.com/photo-1588872657578-7efd1f1555ed?w=800,56
prod_nyx_0944,Titan Custom Coiled Aviator USB-C Cable Mark 49,Peripherals & Tech,59.00,73.84,22.01,62.7%,NYX-PER-DB6B69,prod_9S8OHBdTvNeVG,https://whop.com/checkout/plan_jZvnI0xFV6x0d,https://images.unsplash.com/photo-1587829741301-dc798b83add3?w=800,50
prod_nyx_0945,Element Smart LED Ambient Desk Glow Strip Pro Mark 61,Smart Gear & Power,89.00,118.85,33.32,62.6%,NYX-SMA-188990,prod_ykyLygualtuM2,https://whop.com/checkout/plan_Qzo7KhncE8kmS,https://images.unsplash.com/photo-1616401784845-180882ba9ba8?w=800,115
prod_nyx_0946,Chronos Full-Grain Italian Leather EDC Tech Folio Mark 61,Accessories & EDC,49.00,69.64,14.42,70.6%,NYX-ACC-038182,prod_EkxlWyaCGws6A,https://whop.com/checkout/plan_z7uSX4GPzDBx0,https://images.unsplash.com/photo-1618005182384-a83a8bd57fbe?w=800,85
prod_nyx_0947,Ultra Dual-Joint Billet Aluminum Microphone Boom Arm Mark 61,Ergonomics & Desk Setup,49.00,70.26,14.36,70.7%,NYX-ERG-F35A95,prod_6mpcY3Dx50YuG,https://whop.com/checkout/plan_I6vpn5Q8c6Uwk,https://images.unsplash.com/photo-1505330622279-bf7d7fc918f4?w=800,91
prod_nyx_0948,Pulse Rotary Desk Dial Remote Controller Mark 41,Workspace & Studio,89.00,111.73,26.26,70.5%,NYX-WOR-82ED22,prod_fToDALSO3CTMv,https://whop.com/checkout/plan_Tza5YxCHXsWm5,https://images.unsplash.com/photo-1588872657578-7efd1f1555ed?w=800,88
prod_nyx_0949,Forge Studio Reference Planar Magnetic Drivers Mark 49,Peripherals & Tech,119.00,163.77,36.86,69.0%,NYX-PER-6CF929,prod_ZJdQuhd78t3Y9,https://whop.com/checkout/plan_KkPO2frX7NFK9,https://images.unsplash.com/photo-1527864550417-7fd91fc51a46?w=800,45
prod_nyx_0950,Pulse Magnetic 10000mAh Ultra-Slim Power Bank Mark 62,Smart Gear & Power,39.00,49.40,13.97,64.2%,NYX-SMA-723F20,prod_JgIO2G2KoM9su,https://whop.com/checkout/plan_iOCEbCYXrjpSo,https://images.unsplash.com/photo-1616401784845-180882ba9ba8?w=800,71
prod_nyx_0951,Artisan CNC Titanium Bolt-Action Rollerball Pen Mark 62,Accessories & EDC,229.00,295.70,71.74,68.7%,NYX-ACC-CBCE37,prod_RTpoXVEdeFuQi,https://whop.com/checkout/plan_5Nt88QVE1kid7,https://images.unsplash.com/photo-1584917865442-de89df76afd3?w=800,68
prod_nyx_0952,Zenith Active Posture Dynamic Wobble Balance Stool Mark 62,Ergonomics & Desk Setup,89.00,115.29,31.14,65.0%,NYX-ERG-3DB912,prod_xQ2S9L8Q44c9Q,https://whop.com/checkout/plan_LTcTYCjhUWVJV,https://images.unsplash.com/photo-1586023492125-27b2c045efd7?w=800,113
prod_nyx_0953,Titan Ultra-Thin Wireless Charging Desk Mat Mark 41,Workspace & Studio,29.00,39.26,9.00,69.0%,NYX-WOR-15F593,prod_lnLgI4RPMvIK7,https://whop.com/checkout/plan_suGSFVWhe2hQM,https://images.unsplash.com/photo-1524758631624-e2822e304c36?w=800,94
prod_nyx_0954,Monolith Monolithic CNC Headphone Stand Mark 50,Peripherals & Tech,179.00,242.36,46.20,74.2%,NYX-PER-E39958,prod_m3DJmqAnUWb5s,https://whop.com/checkout/plan_fqOdGVWgZqn5l,https://images.unsplash.com/photo-1527864550417-7fd91fc51a46?w=800,79
prod_nyx_0955,Chronos Desktop Magnetic Induction Headphone Dock Mark 62,Smart Gear & Power,49.00,64.76,16.11,67.1%,NYX-SMA-339E22,prod_7JYKM5fLZcLDq,https://whop.com/checkout/plan_6sKTAhjNx18bd,https://images.unsplash.com/photo-1519389950473-47ba0277781c?w=800,68
prod_nyx_0956,Artisan Modular Magnetic EDC Key Organizer Rail Mark 62,Accessories & EDC,229.00,296.53,79.88,65.1%,NYX-ACC-B06D51,prod_eRCHt4fSXFd4P,https://whop.com/checkout/plan_3UGGYjTmdrlOV,https://images.unsplash.com/photo-1553062407-98eeb64c6a62?w=800,58
prod_nyx_0957,Element Gel-Infused Cooling Wrist Rest for Trackpad Mark 62,Ergonomics & Desk Setup,229.00,293.57,72.22,68.5%,NYX-ERG-528F73,prod_euIx5DS94cPIa,https://whop.com/checkout/plan_rIPUgw7RdpaEr,https://images.unsplash.com/photo-1586023492125-27b2c045efd7?w=800,69
prod_nyx_0958,Stealth Precision Screen Ambient Lightbar Mark 42,Workspace & Studio,149.00,189.07,38.43,74.2%,NYX-WOR-E77F57,prod_PjMb6C607HrNh,https://whop.com/checkout/plan_EMi633BvVKJjD,https://images.unsplash.com/photo-1507473885765-e6ed057f782c?w=800,65
prod_nyx_0959,Origin Hall Effect 75% CNC Aluminum Keyboard Mark 50,Peripherals & Tech,49.00,62.25,15.35,68.7%,NYX-PER-84D634,prod_aBin5FyQnk7BT,https://whop.com/checkout/plan_lSCLJbV3h4NbU,https://images.unsplash.com/photo-1595225476474-87563907a212?w=800,57
prod_nyx_0960,Stealth Desktop Magnetic Induction Headphone Dock Mark 62,Smart Gear & Power,75.00,101.35,26.29,64.9%,NYX-SMA-452376,prod_okfyTNfOzl86S,https://whop.com/checkout/plan_2b4LbCZOKLwfc,https://images.unsplash.com/photo-1609081219090-a6d81d3085bf?w=800,84
prod_nyx_0961,Pulse CNC Titanium Bolt-Action Rollerball Pen Mark 62,Accessories & EDC,229.00,320.65,64.87,71.7%,NYX-ACC-DF6791,prod_BvkXxbqywh6eJ,https://whop.com/checkout/plan_VPeUDZYgK48go,https://images.unsplash.com/photo-1584917865442-de89df76afd3?w=800,120
prod_nyx_0962,Vektor Ergonomic Vertical Wireless Laser Mouse Mark 63,Ergonomics & Desk Setup,39.00,54.95,10.36,73.4%,NYX-ERG-61D186,prod_tL0jnqeBsrkvc,https://whop.com/checkout/plan_M3zGr2ygCcrKZ,https://images.unsplash.com/photo-1586023492125-27b2c045efd7?w=800,117
prod_nyx_0963,Vanguard Billet Aluminum Monitor Arm Mount Mark 42,Workspace & Studio,149.00,214.57,49.76,66.6%,NYX-WOR-5CA186,prod_qGjyotdkdjVvK,https://whop.com/checkout/plan_3xdsqM3TEXhM1,https://images.unsplash.com/photo-1588872657578-7efd1f1555ed?w=800,91
prod_nyx_0964,Stealth Ultra-Light Carbon Composite Gaming Mouse Mark 50,Peripherals & Tech,149.00,189.93,44.77,70.0%,NYX-PER-766019,prod_XF6XChEbsDTIX,https://whop.com/checkout/plan_Xb54zNE1m2JUe,https://images.unsplash.com/photo-1612815154858-60aa4c59eaa6?w=800,53
prod_nyx_0965,Obsidian Monolithic Billet 65W Wireless Charger Stand Mark 63,Smart Gear & Power,229.00,322.31,62.36,72.8%,NYX-SMA-5CB656,prod_nGqkM2wKIotbl,https://whop.com/checkout/plan_ivKhmSBDwYysj,https://images.unsplash.com/photo-1519389950473-47ba0277781c?w=800,91
prod_nyx_0966,Cipher Full-Grain Italian Leather EDC Tech Folio Mark 63,Accessories & EDC,89.00,120.41,33.67,62.2%,NYX-ACC-3DDC34,prod_okmcFYopP2KnA,https://whop.com/checkout/plan_uBAAWhtxwyFVR,https://images.unsplash.com/photo-1553062407-98eeb64c6a62?w=800,43
prod_nyx_0967,Apex Active Posture Dynamic Wobble Balance Stool Mark 63,Ergonomics & Desk Setup,119.00,159.05,29.46,75.2%,NYX-ERG-587387,prod_tO7h75bxUGL0j,https://whop.com/checkout/plan_LBKMfNln4CYS3,https://images.unsplash.com/photo-1505330622279-bf7d7fc918f4?w=800,43
prod_nyx_0968,Forge Precision Screen Ambient Lightbar Mark 42,Workspace & Studio,179.00,236.87,55.88,68.8%,NYX-WOR-912D34,prod_EIXJhdIqMmDfy,https://whop.com/checkout/plan_csGJlf9tAOhKs,https://images.unsplash.com/photo-1581291518857-4e27b48ff24e?w=800,41
prod_nyx_0969,Apex Custom Double-Shot PBT Keycap Set Mark 51,Peripherals & Tech,229.00,304.73,58.19,74.6%,NYX-PER-D22B16,prod_VcLJk7RN9QMw7,https://whop.com/checkout/plan_0SDxLATkwqSua,https://images.unsplash.com/photo-1595225476474-87563907a212?w=800,60
prod_nyx_0970,Chronos Magnetic Qi2 Car and Desktop Mount Dock Mark 63,Smart Gear & Power,39.00,51.83,14.71,62.3%,NYX-SMA-23B479,prod_cH3uPQHhY4lir,https://whop.com/checkout/plan_B8ffdOEhWSgTO,https://images.unsplash.com/photo-1616401784845-180882ba9ba8?w=800,71
prod_nyx_0971,Specter Modular Magnetic EDC Key Organizer Rail Mark 63,Accessories & EDC,179.00,229.33,53.59,70.1%,NYX-ACC-6A4521,prod_KozkwbLb7T6HD,https://whop.com/checkout/plan_ZmnWrksQCxmnF,https://images.unsplash.com/photo-1511556532299-8f662fc26c06?w=800,90
prod_nyx_0972,Stealth Active Posture Dynamic Wobble Balance Stool Mark 63,Ergonomics & Desk Setup,59.00,74.24,17.14,70.9%,NYX-ERG-B27339,prod_5JGV9T7ZXr723,https://whop.com/checkout/plan_cZmZoQt7ouELL,https://images.unsplash.com/photo-1505740420928-5e560c06d30e?w=800,51
prod_nyx_0973,Obsidian Minimalist Walnut Pen Tray and Stand Mark 42,Workspace & Studio,59.00,85.00,18.55,68.6%,NYX-WOR-C30E67,prod_bDm07iy2AcbmU,https://whop.com/checkout/plan_Y1J4iep5wBYmO,https://images.unsplash.com/photo-1497215728101-856f4ea42174?w=800,51
prod_nyx_0974,Zenith Pre-Lubed Magnetic Hall Effect Switch Set Mark 51,Peripherals & Tech,149.00,209.80,36.90,75.2%,NYX-PER-AA7C89,prod_QeZNph2dbIM2Y,https://whop.com/checkout/plan_zSRaPuoXz74FD,https://images.unsplash.com/photo-1618384887929-16ec33fab9ef?w=800,48
prod_nyx_0975,Stealth Smart LED Ambient Desk Glow Strip Pro Mark 64,Smart Gear & Power,119.00,152.49,37.17,68.8%,NYX-SMA-3C1525,prod_t2Bq6Atltp7W3,https://whop.com/checkout/plan_fnrYOvCcbVHoR,https://images.unsplash.com/photo-1544716278-ca5e3f4abd8c?w=800,100
prod_nyx_0976,Ultra Monolithic Brass Desk Tops Fidget Spinner Mark 64,Accessories & EDC,229.00,321.71,74.88,67.3%,NYX-ACC-0C3D23,prod_3LTIltZZmuwSd,https://whop.com/checkout/plan_79Z0fvyDuBuyG,https://images.unsplash.com/photo-1584917865442-de89df76afd3?w=800,96
prod_nyx_0977,Zenith Silicone Cable Sorter Desktop Organizer Mark 64,Ergonomics & Desk Setup,229.00,289.81,66.65,70.9%,NYX-ERG-432695,prod_OhtnYfsslC2Ff,https://whop.com/checkout/plan_aMRS1lInmhMCl,https://images.unsplash.com/photo-1505330622279-bf7d7fc918f4?w=800,67
prod_nyx_0978,Pulse Anti-Fatigue Density Desk Standing Mat Mark 43,Workspace & Studio,149.00,192.82,52.79,64.6%,NYX-WOR-0F7830,prod_4ZwWwksu5EZcD,https://whop.com/checkout/plan_gJl7degyJvoS3,https://images.unsplash.com/photo-1497215728101-856f4ea42174?w=800,37
prod_nyx_0979,Origin Studio Reference Planar Magnetic Drivers Mark 51,Peripherals & Tech,75.00,97.20,20.72,72.4%,NYX-PER-765023,prod_YYgAKICaEJCVJ,https://whop.com/checkout/plan_TjjjTr95Ahena,https://images.unsplash.com/photo-1595225476474-87563907a212?w=800,36
prod_nyx_0980,Matrix Magnetic 10000mAh Ultra-Slim Power Bank Mark 64,Smart Gear & Power,119.00,168.95,42.69,64.1%,NYX-SMA-382252,prod_BUPgRsBY7B7wx,https://whop.com/checkout/plan_8fh4VrWreMrW1,https://images.unsplash.com/photo-1585338107529-13afc5f02586?w=800,114
prod_nyx_0981,Aura Matte Obsidian RFID Blocking Minimalist Cardholder Mark 64,Accessories & EDC,119.00,171.79,37.87,68.2%,NYX-ACC-61FB48,prod_MaFtiPDNLkc92,https://whop.com/checkout/plan_Xr1dagrm0wgQ8,https://images.unsplash.com/photo-1563770660941-20978e870e26?w=800,106
prod_nyx_0982,Matrix Articulating Under-Desk Keyboard Tray Mark 64,Ergonomics & Desk Setup,149.00,203.27,55.17,63.0%,NYX-ERG-F92A36,prod_N4Ucqa0at7YzF,https://whop.com/checkout/plan_5xT5gBkz1AnCz,https://images.unsplash.com/photo-1505740420928-5e560c06d30e?w=800,53
prod_nyx_0983,Specter Anti-Fatigue Density Desk Standing Mat Mark 43,Workspace & Studio,179.00,243.26,53.91,69.9%,NYX-WOR-C2B111,prod_1suNBXjp01bVZ,https://whop.com/checkout/plan_p0sjPFRh0eofB,https://images.unsplash.com/photo-1544717305-2782549b5136?w=800,115
prod_nyx_0984,Matrix Gasket-Mount 60% Low-Profile Keyboard Mark 52,Peripherals & Tech,39.00,51.38,9.67,75.2%,NYX-PER-C2BB64,prod_2KT4lxU09y3FH,https://whop.com/checkout/plan_ahNyPSgwbCQz7,https://images.unsplash.com/photo-1529236183275-4fdcf2bc987e?w=800,73
prod_nyx_0985,Zenith Magnetic Qi2 Car and Desktop Mount Dock Mark 64,Smart Gear & Power,229.00,304.34,76.92,66.4%,NYX-SMA-8B1C83,prod_MGN9mmfvN7ROu,https://whop.com/checkout/plan_fxgcgWp6pG2ad,https://images.unsplash.com/photo-1609081219090-a6d81d3085bf?w=800,97
prod_nyx_0986,Zenith Artisan Leather Watch and Hardware Roll Mark 65,Accessories & EDC,179.00,234.14,62.74,64.9%,NYX-ACC-0B6F56,prod_bRLZw6l4oW6vB,https://whop.com/checkout/plan_LaAEL7BbL02MZ,https://images.unsplash.com/photo-1627123424574-724758594e93?w=800,110
prod_nyx_0987,Origin Pneumatic Counterbalance Heavy Monitor Arm Mark 65,Ergonomics & Desk Setup,89.00,119.03,28.01,68.5%,NYX-ERG-94EC91,prod_trPNCZerYCpHm,https://whop.com/checkout/plan_77mEishDZkJ7b,https://images.unsplash.com/photo-1505740420928-5e560c06d30e?w=800,114
prod_nyx_0988,Horizon Artisan Solid Brass Paperweight and Stylus Mark 43,Workspace & Studio,89.00,115.40,28.17,68.3%,NYX-WOR-424187,prod_hNMvuWlLh0yZd,https://whop.com/checkout/plan_1Cc6m0k8LxL4C,https://images.unsplash.com/photo-1588872657578-7efd1f1555ed?w=800,79
prod_nyx_0989,Aero Glass Surface Precision Gaming Mousepad Mark 52,Peripherals & Tech,119.00,164.89,44.39,62.7%,NYX-PER-F9FE45,prod_b5HDEbhAllAY6,https://whop.com/checkout/plan_kiXWKORdzeWL9,https://images.unsplash.com/photo-1612815154858-60aa4c59eaa6?w=800,39
prod_nyx_0990,Ultra 100W GaN 4-Port Fast Desktop Power Station Mark 65,Smart Gear & Power,89.00,123.33,29.14,67.3%,NYX-SMA-5F8D83,prod_Dl0HeGyQngqOJ,https://whop.com/checkout/plan_SMcbIBg2TuLnW,https://images.unsplash.com/photo-1616401784845-180882ba9ba8?w=800,75
prod_nyx_0991,Element Precision Metric Measuring Rule in Ti-6Al-4V Mark 65,Accessories & EDC,149.00,187.37,42.93,71.2%,NYX-ACC-173629,prod_cLpe94C3YCCTL,https://whop.com/checkout/plan_AQIhu2Z6zqbWX,https://images.unsplash.com/photo-1618005182384-a83a8bd57fbe?w=800,69
prod_nyx_0992,Stealth Pneumatic Counterbalance Heavy Monitor Arm Mark 65,Ergonomics & Desk Setup,49.00,61.66,13.22,73.0%,NYX-ERG-381C12,prod_v3sFIN8fV3WK6,https://whop.com/checkout/plan_iB8rI9RzSEstM,https://images.unsplash.com/photo-1499750310107-5fef28a66643?w=800,76
prod_nyx_0993,Zenith Magnetic Pegboard Tool Plate Mark 44,Workspace & Studio,49.00,68.84,14.06,71.3%,NYX-WOR-BE1313,prod_VlPCX0WKG22Lf,https://whop.com/checkout/plan_opi8r6uA0aol2,https://images.unsplash.com/photo-1544717305-2782549b5136?w=800,70
prod_nyx_0994,Aura Rotary Encoder 9-Key Programmable Stream Pad Mark 52,Peripherals & Tech,149.00,195.79,42.16,71.7%,NYX-PER-BAA692,prod_xehHdrpbst1KP,https://whop.com/checkout/plan_1HNYAF1187oy9,https://images.unsplash.com/photo-1541140532154-b024d705b909?w=800,64
prod_nyx_0995,Chronos Smart OLED Real-Time Power Meter Cable Mark 65,Smart Gear & Power,179.00,233.49,46.26,74.2%,NYX-SMA-FF9C38,prod_y5n7MFW8bkiLw,https://whop.com/checkout/plan_pcnKFZXGPPE1e,https://images.unsplash.com/photo-1544716278-ca5e3f4abd8c?w=800,98
prod_nyx_0996,Element Precision Metric Measuring Rule in Ti-6Al-4V Mark 65,Accessories & EDC,149.00,202.72,42.25,71.6%,NYX-ACC-C64D19,prod_MhO1uo2mUvgTx,https://whop.com/checkout/plan_ItrqF4HUFuS6u,https://images.unsplash.com/photo-1584917865442-de89df76afd3?w=800,38
prod_nyx_0997,Forge Active Posture Dynamic Wobble Balance Stool Mark 65,Ergonomics & Desk Setup,119.00,149.42,29.24,75.4%,NYX-ERG-456C21,prod_E8ovmTu9j5WU4,https://whop.com/checkout/plan_BUPnP10u62rsO,https://images.unsplash.com/photo-1586023492125-27b2c045efd7?w=800,78
prod_nyx_0998,Pro Under-Desk Steel Cable Conduit Mark 44,Workspace & Studio,229.00,320.71,56.45,75.3%,NYX-WOR-EA1312,prod_qzGmkY3HvxLOU,https://whop.com/checkout/plan_Gv5HnaIrwwHPN,https://images.unsplash.com/photo-1593062096033-9a26b09da705?w=800,35
prod_nyx_0999,Matrix Glass Surface Precision Gaming Mousepad Mark 53,Peripherals & Tech,49.00,67.69,12.28,74.9%,NYX-PER-F8B949,prod_S08p6faJ5Od1h,https://whop.com/checkout/plan_FAnYYJHDujfx5,https://images.unsplash.com/photo-1612815154858-60aa4c59eaa6?w=800,43
prod_nyx_1000,Vektor 100W GaN 4-Port Fast Desktop Power Station Mark 66,Smart Gear & Power,29.00,41.56,10.96,62.2%,NYX-SMA-959216,prod_VsZxlGOSxeHyf,https://whop.com/checkout/plan_2YeqajpfNjBid,https://images.unsplash.com/photo-1558002038-1055907df827?w=800,116
prod_nyx_1001,Cipher Artisan Leather Watch and Hardware Roll Mark 66,Accessories & EDC,179.00,239.86,55.38,69.1%,NYX-ACC-71B028,prod_oAyH0DaDHAHkB,https://whop.com/checkout/plan_51SRpIg6AXBj9,https://images.unsplash.com/photo-1563770660941-20978e870e26?w=800,68
prod_nyx_1002,Artisan Ergonomic Adjustable Height Footrest Platform Mark 66,Ergonomics & Desk Setup,75.00,105.77,19.63,73.8%,NYX-ERG-942A29,prod_vw157HrC9xbcP,https://whop.com/checkout/plan_g11R64I7SwBeQ,https://images.unsplash.com/photo-1505740420928-5e560c06d30e?w=800,95
prod_nyx_1003,Chronos Minimalist Walnut Pen Tray and Stand Mark 44,Workspace & Studio,229.00,311.62,71.15,68.9%,NYX-WOR-A41527,prod_Ldck8KKOAPJ8u,https://whop.com/checkout/plan_HHCeeaKN8X4LA,https://images.unsplash.com/photo-1588872657578-7efd1f1555ed?w=800,112
prod_nyx_1004,Zenith Rapid-Trigger 65% Magnetic Mechanical Keyboard Mark 53,Peripherals & Tech,89.00,117.61,33.54,62.3%,NYX-PER-524E41,prod_npdCDZ4egYKFo,https://whop.com/checkout/plan_f3GaVTpUakX4v,https://images.unsplash.com/photo-1529236183275-4fdcf2bc987e?w=800,72
prod_nyx_1005,Zenith Desktop Magnetic Induction Headphone Dock Mark 66,Smart Gear & Power,75.00,98.47,25.90,65.5%,NYX-SMA-4DBC16,prod_HZ25tmPLbHIIx,https://whop.com/checkout/plan_xPsR1n5w9BmFh,https://images.unsplash.com/photo-1616401784845-180882ba9ba8?w=800,110
prod_nyx_1006,Zenith Precision Metric Measuring Rule in Ti-6Al-4V Mark 66,Accessories & EDC,39.00,53.21,13.38,65.7%,NYX-ACC-B4EF97,prod_JPJb21j3sU0Az,https://whop.com/checkout/plan_AQM8sbhFeKBTk,https://images.unsplash.com/photo-1511556532299-8f662fc26c06?w=800,97
prod_nyx_1007,Zenith Contoured Memory Foam Ergonomic Lumbar Support Mark 66,Ergonomics & Desk Setup,59.00,81.87,14.18,76.0%,NYX-ERG-E00E67,prod_fJnubEW7aGeLm,https://whop.com/checkout/plan_66P1mnvrKoAri,https://images.unsplash.com/photo-1499750310107-5fef28a66643?w=800,70
prod_nyx_1008,Chronos CNC Walnut Desk Shelf Tray Mark 44,Workspace & Studio,29.00,37.39,8.01,72.4%,NYX-WOR-3F4E24,prod_PmfS0A3lEFE1Q,https://whop.com/checkout/plan_oVGEOPS8tizXd,https://images.unsplash.com/photo-1497215728101-856f4ea42174?w=800,92
prod_nyx_1009,Aura Aerospace CNC Ergonomic Keyboard Wrist Rest Mark 53,Peripherals & Tech,29.00,38.48,9.98,65.6%,NYX-PER-B12C71,prod_XJsL4oqvpGhCB,https://whop.com/checkout/plan_nlsTDvXHx2ziu,https://images.unsplash.com/photo-1546435770-a3e426bf472b?w=800,114
prod_nyx_1010,Cipher Smart OLED Real-Time Power Meter Cable Mark 67,Smart Gear & Power,29.00,39.96,10.78,62.8%,NYX-SMA-0BCC52,prod_PAoSoylnuLIe2,https://whop.com/checkout/plan_VlBHi3fXqNjX5,https://images.unsplash.com/photo-1616401784845-180882ba9ba8?w=800,59
prod_nyx_1011,Artisan Titanium Quick-Release Shackle Carabiner Mark 67,Accessories & EDC,39.00,53.93,12.68,67.5%,NYX-ACC-165034,prod_EfoIxdVwouGtQ,https://whop.com/checkout/plan_Z5q0bSFvMi9S2,https://images.unsplash.com/photo-1511556532299-8f662fc26c06?w=800,91
prod_nyx_1012,Vektor Pneumatic Counterbalance Heavy Monitor Arm Mark 67,Ergonomics & Desk Setup,75.00,108.40,22.55,69.9%,NYX-ERG-F04982,prod_9UkgB1Q2L7QBT,https://whop.com/checkout/plan_j7ktHXMwEwfcm,https://images.unsplash.com/photo-1499750310107-5fef28a66643?w=800,47
prod_nyx_1013,Monolith Under-Desk Steel Cable Conduit Mark 45,Workspace & Studio,89.00,125.75,22.81,74.4%,NYX-WOR-22B566,prod_XX6n10qV5dg2M,https://whop.com/checkout/plan_OwkO8aaTaJzK7,https://images.unsplash.com/photo-1524758631624-e2822e304c36?w=800,53
prod_nyx_1014,Pro Dual ESS Sabre Balanced Headphone Amplifier Mark 54,Peripherals & Tech,59.00,78.78,15.59,73.6%,NYX-PER-2A5C78,prod_7Kt7Awcw8xbLy,https://whop.com/checkout/plan_OdohnJZxfuZc1,https://images.unsplash.com/photo-1563245372-f21724e3856d?w=800,104
prod_nyx_1015,Matrix Smart OLED Real-Time Power Meter Cable Mark 67,Smart Gear & Power,75.00,97.20,25.06,66.6%,NYX-SMA-0EDA16,prod_R3biPCA7LaBdn,https://whop.com/checkout/plan_XWT9oFMZmszUY,https://images.unsplash.com/photo-1585338107529-13afc5f02586?w=800,37
prod_nyx_1016,Vanguard DLC Coated Multi-Tool Pocket Stylus Mark 67,Accessories & EDC,75.00,106.77,25.75,65.7%,NYX-ACC-246595,prod_s2SZsVPMhaXxy,https://whop.com/checkout/plan_XqotIBpzcA7u8,https://images.unsplash.com/photo-1584917865442-de89df76afd3?w=800,57
prod_nyx_1017,Stealth Dual-Joint Billet Aluminum Microphone Boom Arm Mark 67,Ergonomics & Desk Setup,179.00,231.59,66.31,63.0%,NYX-ERG-521B38,prod_K4E8MTVXw4RaY,https://whop.com/checkout/plan_8xpupruh1efuN,https://images.unsplash.com/photo-1505330622279-bf7d7fc918f4?w=800,57
prod_nyx_1018,Artisan Anodized Aluminum Tablet Dock Mark 45,Workspace & Studio,89.00,126.96,26.73,70.0%,NYX-WOR-80FA45,prod_7iJFFZkEL7qbu,https://whop.com/checkout/plan_6GQCUTD6z7Yk1,https://images.unsplash.com/photo-1588872657578-7efd1f1555ed?w=800,58
prod_nyx_1019,Chronos Braided Paracord Low-Resistance Mouse Cord Mark 54,Peripherals & Tech,89.00,124.56,33.00,62.9%,NYX-PER-B06637,prod_bPyZqJK3q9Phn,https://whop.com/checkout/plan_WfJm38eZNoAYI,https://images.unsplash.com/photo-1529236183275-4fdcf2bc987e?w=800,63
prod_nyx_1020,Vektor GaN Prime Ultra-Compact Travel Adapter Mark 67,Smart Gear & Power,89.00,125.95,27.83,68.7%,NYX-SMA-11E529,prod_mIVIxuC2KaErF,https://whop.com/checkout/plan_48KOYkEIS4iCA,https://images.unsplash.com/photo-1616401784845-180882ba9ba8?w=800,110
prod_nyx_1021,Forge Titanium Quick-Release Shackle Carabiner Mark 67,Accessories & EDC,179.00,244.06,47.26,73.6%,NYX-ACC-E44587,prod_S1fZBcLbCa8Oi,https://whop.com/checkout/plan_HeenkQYr8TRNJ,https://images.unsplash.com/photo-1584917865442-de89df76afd3?w=800,78
prod_nyx_1022,Forge Contoured Memory Foam Ergonomic Lumbar Support Mark 68,Ergonomics & Desk Setup,89.00,125.73,32.27,63.7%,NYX-ERG-A66611,prod_1jfQSuJoRVp9t,https://whop.com/checkout/plan_n1ETFpgl3Qnzb,https://images.unsplash.com/photo-1516321318423-f06f85e504b3?w=800,39
prod_nyx_1023,Chronos Acoustic Felt Studio Desk Partition Mark 45,Workspace & Studio,149.00,188.53,45.47,69.5%,NYX-WOR-A8C979,prod_xSaOK23lDtLCS,https://whop.com/checkout/plan_hzwKAGK8Krub0,https://images.unsplash.com/photo-1497215728101-856f4ea42174?w=800,106
prod_nyx_1024,Chronos Glass Surface Precision Gaming Mousepad Mark 54,Peripherals & Tech,75.00,98.50,25.86,65.5%,NYX-PER-419189,prod_hEgeso2WUROTl,https://whop.com/checkout/plan_DBkt8RmJGO86j,https://images.unsplash.com/photo-1595225476474-87563907a212?w=800,40
prod_nyxeris_horizon_screenbar_light,Monitor Hanging Light Zhirui Screen Light Bedroom Dormitory Desk,Lighting & Ambience,46.74,63.10,16.36,65.0%,CJ-140179564451,prod_tebizzcvHNepl,https://whop.com/checkout/plan_063HuJFxC1ZGn,"https://cc-west-usa.oss-accelerate.aliyuncs.com/1623049014121.jpg?x-oss-process=image/format,webp,image/resize,m_fill,m_pad,w_250,h_250",85
prod_nyxeris_matrix_magsafe_station,3 In 1 Magnetic Foldable Wireless Charger Charging Station Multi-device Folding Cell,Smart Gear & Power,45.06,60.83,15.77,65.0%,CJ-161952525684,prod_4Qs1f26rztzrf,https://whop.com/checkout/plan_typ8ofBCjYREu,"https://cf.cjdropshipping.com/73873978-3774-4732-897f-179e0dec507b.jpg?x-oss-process=image/format,webp,image/resize,m_fill,m_pad,w_250,h_250",85
prod_nyxeris_vektor_titanium_tool,Titanium Alloy Portable EDC Tactical Pen Mini Self-defense,Precision Tools & EDC,28.80,38.88,9.00,68.8%,CJ-240629081511,prod_unrUtL6UYwGcR,https://whop.com/checkout/plan_iBE0O3q2QXG7k,"https://cf.cjdropshipping.com/quick/product/58c9922f-6825-42d8-9048-41c7b37f235e.jpg?x-oss-process=image/format,webp,image/resize,m_fill,m_pad,w_250,h_250",85
prod_obsidian_board,Apex-65 Magnetic HE Rapid-Trigger Mechanical Keyboard,Keyboards & Peripherals,194.29,262.29,68.00,65.0%,NYX-KB-APX65,prod_vzYEtEA8GOphZ,https://whop.com/checkout/plan_ElPRTuJVA6Ukh,https://images.unsplash.com/photo-1595225476474-87563907a212?w=800&auto=format&fit=crop&q=80,42
prod_pulse_dock,Matrix 3-in-1 Foldable Qi2 MagSafe Fast Power Station,Smart Gear & Power,95.00,128.25,29.50,68.9%,NYX-PWR-MTX31,prod_x7x6U5rCVJh8i,https://whop.com/checkout/plan_cL2kzNNa0W0Kq,/static/images/products/nyxeris-matrix-magsafe-station.jpg,78
